{
  "aor": 0.0008032330827067669,
  "aqi": 0.013299680451127819,
  "bids_meta": {
    "AcquisitionDuration": [],
    "DelayTime": [],
    "EchoTime": 0.025,
    "FlipAngle": 90,
    "MagneticFieldStrength": 3,
    "Manufacturer": "Siemens",
    "ManufacturerModelName": "MAGNETOM Skyra",
    "MultibandAccelerationFactor": 3,
    "RepetitionTime": 2,
    "SliceTiming": [
      0,
      0.9075,
      1.815,
      0.7425,
      1.65,
      0.5775,
      1.485,
      0.4125,
      1.32,
      0.2475,
      1.155,
      0.0825,
      0.99,
      1.8975,
      0.825,
      1.7325,
      0.66,
      1.5675,
      0.495,
      1.4025,
      0.33,
      1.2375,
      0.165,
      1.0725,
      0,
      0.9075,
      1.815,
      0.7425,
      1.65,
      0.5775,
      1.485,
      0.4125,
      1.32,
      0.2475,
      1.155,
      0.0825,
      0.99,
      1.8975,
      0.825,
      1.7325,
      0.66,
      1.5675,
      0.495,
      1.4025,
      0.33,
      1.2375,
      0.165,
      1.0725,
      0,
      0.9075,
      1.815,
      0.7425,
      1.65,
      0.5775,
      1.485,
      0.4125,
      1.32,
      0.2475,
      1.155,
      0.0825,
      0.99,
      1.8975,
      0.825,
      1.7325,
      0.66,
      1.5675,
      0.495,
      1.4025,
      0.33,
      1.2375,
      0.165,
      1.0725
    ],
    "TaskName": "imtest",
    "VolumeTiming": [
      0,
      2,
      4,
      6,
      8,
      10,
      12,
      14,
      16,
      18,
      20,
      22,
      24,
      26,
      28,
      30,
      32,
      34,
      36,
      38,
      40,
      42,
      44,
      46,
      48,
      50,
      52,
      54,
      56,
      58,
      60,
      62,
      64,
      66,
      68,
      70,
      72,
      74,
      76,
      78,
      80,
      82,
      84,
      86,
      88,
      90,
      92,
      94,
      96,
      98,
      100,
      102,
      104,
      106,
      108,
      110,
      112,
      114,
      116,
      118,
      120,
      122,
      124,
      126,
      128,
      130,
      132,
      134,
      136,
      138,
      140,
      142,
      144,
      146,
      148,
      150,
      152,
      154,
      156,
      158,
      160,
      162,
      164,
      166,
      168,
      170,
      172,
      174,
      176,
      178,
      180,
      182,
      184,
      186,
      188,
      190,
      192,
      194,
      196,
      198,
      200,
      202,
      204,
      206,
      208,
      210,
      212,
      214,
      216,
      218,
      220,
      222,
      224,
      226,
      228,
      230,
      232,
      234,
      236,
      238,
      240,
      242,
      244,
      246,
      248,
      250,
      252,
      254,
      256,
      258,
      260,
      262,
      264
    ],
    "dataset": "ds002813",
    "modality": "bold",
    "run_id": 2,
    "subject_id": "210",
    "task_id": "imtest"
  },
  "dummy_trs": 0,
  "dvars_nstd": 39.77206958424242,
  "dvars_std": 1.2427739173484849,
  "dvars_vstd": 1.0129996291666667,
  "efc": 0.4965698612741745,
  "fber": 3583.563720703125,
  "fd_mean": 0.10707494292396767,
  "fd_num": 7,
  "fd_perc": 5.2631578947368425,
  "fwhm_avg": 2.0325583333333332,
  "fwhm_x": 1.93895,
  "fwhm_y": 2.179305,
  "fwhm_z": 1.97942,
  "gcor": 0.00940393,
  "gsr_x": -0.013319273479282856,
  "gsr_y": 0.028103366494178772,
  "provenance": {
    "md5sum": "29004498044b143c708c3eacacd4ec69",
    "settings": {
      "fd_thres": 0.2,
      "testing": false
    },
    "software": "mriqc",
    "version": "22.0.6",
    "webapi_port": null,
    "webapi_url": "https://mriqc.nimh.nih.gov/api/v1"
  },
  "size_t": 133,
  "size_x": 104,
  "size_y": 104,
  "size_z": 72,
  "snr": 6.192348216015138,
  "spacing_tr": 2.0,
  "spacing_x": 2.0,
  "spacing_y": 2.0,
  "spacing_z": 2.0,
  "summary_bg_k": 17.694580386256067,
  "summary_bg_mad": 88.34302361288694,
  "summary_bg_mean": 442.53717041015625,
  "summary_bg_median": 131.81202697753906,
  "summary_bg_n": 548929.0,
  "summary_bg_p05": 53.984962463378906,
  "summary_bg_p95": 2123.9760253906243,
  "summary_bg_stdv": 869.8900756835938,
  "summary_fg_k": 3.7028024055668523,
  "summary_fg_mad": 1084.3280625834316,
  "summary_fg_mean": 7897.328125,
  "summary_fg_median": 7901.58642578125,
  "summary_fg_n": 135497.0,
  "summary_fg_p05": 5908.11904296875,
  "summary_fg_p95": 9766.690625,
  "summary_fg_stdv": 1276.01953125,
  "tsnr": 46.25415058468934
}