{
  "aor": 0.000984689655172414,
  "aqi": 0.015190975862068964,
  "bids_meta": {
    "AcquisitionDuration": [],
    "DelayTime": [],
    "EchoTime": 0.025,
    "FlipAngle": 90,
    "MagneticFieldStrength": 3,
    "Manufacturer": "Siemens",
    "ManufacturerModelName": "MAGNETOM Skyra",
    "MultibandAccelerationFactor": 3,
    "RepetitionTime": 2,
    "SliceTiming": [
      0,
      0.9075,
      1.815,
      0.7425,
      1.65,
      0.5775,
      1.485,
      0.4125,
      1.32,
      0.2475,
      1.155,
      0.0825,
      0.99,
      1.8975,
      0.825,
      1.7325,
      0.66,
      1.5675,
      0.495,
      1.4025,
      0.33,
      1.2375,
      0.165,
      1.0725,
      0,
      0.9075,
      1.815,
      0.7425,
      1.65,
      0.5775,
      1.485,
      0.4125,
      1.32,
      0.2475,
      1.155,
      0.0825,
      0.99,
      1.8975,
      0.825,
      1.7325,
      0.66,
      1.5675,
      0.495,
      1.4025,
      0.33,
      1.2375,
      0.165,
      1.0725,
      0,
      0.9075,
      1.815,
      0.7425,
      1.65,
      0.5775,
      1.485,
      0.4125,
      1.32,
      0.2475,
      1.155,
      0.0825,
      0.99,
      1.8975,
      0.825,
      1.7325,
      0.66,
      1.5675,
      0.495,
      1.4025,
      0.33,
      1.2375,
      0.165,
      1.0725
    ],
    "TaskName": "train",
    "VolumeTiming": [
      0,
      2,
      4,
      6,
      8,
      10,
      12,
      14,
      16,
      18,
      20,
      22,
      24,
      26,
      28,
      30,
      32,
      34,
      36,
      38,
      40,
      42,
      44,
      46,
      48,
      50,
      52,
      54,
      56,
      58,
      60,
      62,
      64,
      66,
      68,
      70,
      72,
      74,
      76,
      78,
      80,
      82,
      84,
      86,
      88,
      90,
      92,
      94,
      96,
      98,
      100,
      102,
      104,
      106,
      108,
      110,
      112,
      114,
      116,
      118,
      120,
      122,
      124,
      126,
      128,
      130,
      132,
      134,
      136,
      138,
      140,
      142,
      144,
      146,
      148,
      150,
      152,
      154,
      156,
      158,
      160,
      162,
      164,
      166,
      168,
      170,
      172,
      174,
      176,
      178,
      180,
      182,
      184,
      186,
      188,
      190,
      192,
      194,
      196,
      198,
      200,
      202,
      204,
      206,
      208,
      210,
      212,
      214,
      216,
      218,
      220,
      222,
      224,
      226,
      228,
      230,
      232,
      234,
      236,
      238,
      240,
      242,
      244,
      246,
      248,
      250,
      252,
      254,
      256,
      258,
      260,
      262,
      264,
      266,
      268,
      270,
      272,
      274,
      276,
      278,
      280,
      282,
      284,
      286,
      288
    ],
    "dataset": "ds002813",
    "modality": "bold",
    "run_id": 4,
    "subject_id": "210",
    "task_id": "train"
  },
  "dummy_trs": 0,
  "dvars_nstd": 38.69660076854168,
  "dvars_std": 1.2060915838888893,
  "dvars_vstd": 1.0044137274305562,
  "efc": 0.496679663559049,
  "fber": 3564.209716796875,
  "fd_mean": 0.11548077198966393,
  "fd_num": 21,
  "fd_perc": 14.482758620689655,
  "fwhm_avg": 2.0338316666666665,
  "fwhm_x": 1.938215,
  "fwhm_y": 2.18178,
  "fwhm_z": 1.9815,
  "gcor": 0.0115402,
  "gsr_x": -0.013847448863089085,
  "gsr_y": 0.026766570284962654,
  "provenance": {
    "md5sum": "6e624c02e42ab6a5b6103bd258f28aa8",
    "settings": {
      "fd_thres": 0.2,
      "testing": false
    },
    "software": "mriqc",
    "version": "22.0.6",
    "webapi_port": null,
    "webapi_url": "https://mriqc.nimh.nih.gov/api/v1"
  },
  "size_t": 145,
  "size_x": 104,
  "size_y": 104,
  "size_z": 72,
  "snr": 6.203908801420167,
  "spacing_tr": 2.0,
  "spacing_x": 2.0,
  "spacing_y": 2.0,
  "spacing_z": 2.0,
  "summary_bg_k": 17.546810834950982,
  "summary_bg_mad": 87.84162507971664,
  "summary_bg_mean": 443.484375,
  "summary_bg_median": 132.0,
  "summary_bg_n": 549170.0,
  "summary_bg_p05": 54.1655158996582,
  "summary_bg_p95": 2127.744555664062,
  "summary_bg_stdv": 872.141845703125,
  "summary_fg_k": 3.4699381058000274,
  "summary_fg_mad": 1077.9129846736232,
  "summary_fg_mean": 7880.07080078125,
  "summary_fg_median": 7882.4140625,
  "summary_fg_n": 135430.0,
  "summary_fg_p05": 5894.854711914063,
  "summary_fg_p95": 9751.047705078123,
  "summary_fg_stdv": 1270.5513916015625,
  "tsnr": 42.966598726809025
}