{
  "aor": 0.0007754482758620688,
  "aqi": 0.014525194482758618,
  "bids_meta": {
    "AcquisitionDuration": [],
    "DelayTime": [],
    "EchoTime": 0.025,
    "FlipAngle": 90,
    "MagneticFieldStrength": 3,
    "Manufacturer": "Siemens",
    "ManufacturerModelName": "MAGNETOM Skyra",
    "MultibandAccelerationFactor": 3,
    "RepetitionTime": 2,
    "SliceTiming": [
      0,
      0.9075,
      1.815,
      0.7425,
      1.65,
      0.5775,
      1.485,
      0.4125,
      1.32,
      0.2475,
      1.155,
      0.0825,
      0.99,
      1.8975,
      0.825,
      1.7325,
      0.66,
      1.5675,
      0.495,
      1.4025,
      0.33,
      1.2375,
      0.165,
      1.0725,
      0,
      0.9075,
      1.815,
      0.7425,
      1.65,
      0.5775,
      1.485,
      0.4125,
      1.32,
      0.2475,
      1.155,
      0.0825,
      0.99,
      1.8975,
      0.825,
      1.7325,
      0.66,
      1.5675,
      0.495,
      1.4025,
      0.33,
      1.2375,
      0.165,
      1.0725,
      0,
      0.9075,
      1.815,
      0.7425,
      1.65,
      0.5775,
      1.485,
      0.4125,
      1.32,
      0.2475,
      1.155,
      0.0825,
      0.99,
      1.8975,
      0.825,
      1.7325,
      0.66,
      1.5675,
      0.495,
      1.4025,
      0.33,
      1.2375,
      0.165,
      1.0725
    ],
    "TaskName": "train",
    "VolumeTiming": [
      0,
      2,
      4,
      6,
      8,
      10,
      12,
      14,
      16,
      18,
      20,
      22,
      24,
      26,
      28,
      30,
      32,
      34,
      36,
      38,
      40,
      42,
      44,
      46,
      48,
      50,
      52,
      54,
      56,
      58,
      60,
      62,
      64,
      66,
      68,
      70,
      72,
      74,
      76,
      78,
      80,
      82,
      84,
      86,
      88,
      90,
      92,
      94,
      96,
      98,
      100,
      102,
      104,
      106,
      108,
      110,
      112,
      114,
      116,
      118,
      120,
      122,
      124,
      126,
      128,
      130,
      132,
      134,
      136,
      138,
      140,
      142,
      144,
      146,
      148,
      150,
      152,
      154,
      156,
      158,
      160,
      162,
      164,
      166,
      168,
      170,
      172,
      174,
      176,
      178,
      180,
      182,
      184,
      186,
      188,
      190,
      192,
      194,
      196,
      198,
      200,
      202,
      204,
      206,
      208,
      210,
      212,
      214,
      216,
      218,
      220,
      222,
      224,
      226,
      228,
      230,
      232,
      234,
      236,
      238,
      240,
      242,
      244,
      246,
      248,
      250,
      252,
      254,
      256,
      258,
      260,
      262,
      264,
      266,
      268,
      270,
      272,
      274,
      276,
      278,
      280,
      282,
      284,
      286,
      288
    ],
    "dataset": "ds002813",
    "modality": "bold",
    "run_id": 8,
    "subject_id": "210",
    "task_id": "train"
  },
  "dummy_trs": 0,
  "dvars_nstd": 39.744341612013905,
  "dvars_std": 1.2254246706944443,
  "dvars_vstd": 1.0023415101388886,
  "efc": 0.497925748181232,
  "fber": 3562.99169921875,
  "fd_mean": 0.10937118907069025,
  "fd_num": 12,
  "fd_perc": 8.275862068965518,
  "fwhm_avg": 2.0214066666666666,
  "fwhm_x": 1.92898,
  "fwhm_y": 2.17048,
  "fwhm_z": 1.96476,
  "gcor": 0.0131243,
  "gsr_x": -0.013596240431070328,
  "gsr_y": 0.029379533603787422,
  "provenance": {
    "md5sum": "a263fb264e21540f3f035d21c70ac7cb",
    "settings": {
      "fd_thres": 0.2,
      "testing": false
    },
    "software": "mriqc",
    "version": "22.0.6",
    "webapi_port": null,
    "webapi_url": "https://mriqc.nimh.nih.gov/api/v1"
  },
  "size_t": 145,
  "size_x": 104,
  "size_y": 104,
  "size_z": 72,
  "snr": 6.224614715340524,
  "spacing_tr": 2.0,
  "spacing_x": 2.0,
  "spacing_y": 2.0,
  "spacing_z": 2.0,
  "summary_bg_k": 16.918389767618613,
  "summary_bg_mad": 88.3324248711363,
  "summary_bg_mean": 447.5005187988281,
  "summary_bg_median": 132.0137939453125,
  "summary_bg_n": 548715.0,
  "summary_bg_p05": 54.11724090576172,
  "summary_bg_p95": 2160.38752441406,
  "summary_bg_stdv": 875.3025512695312,
  "summary_fg_k": 3.6394847017330205,
  "summary_fg_mad": 1075.2340933115236,
  "summary_fg_mean": 7872.3681640625,
  "summary_fg_median": 7875.82763671875,
  "summary_fg_n": 135743.0,
  "summary_fg_p05": 5894.558642578125,
  "summary_fg_p95": 9726.439257812499,
  "summary_fg_stdv": 1265.266845703125,
  "tsnr": 43.86375682312064
}