{
  "aor": 0.0024855172413793102,
  "aqi": 0.029237898620689654,
  "bids_meta": {
    "AcquisitionDuration": [],
    "DelayTime": [],
    "EchoTime": 0.025,
    "FlipAngle": 90,
    "MagneticFieldStrength": 3,
    "Manufacturer": "Siemens",
    "ManufacturerModelName": "MAGNETOM Skyra",
    "MultibandAccelerationFactor": 3,
    "RepetitionTime": 2,
    "SliceTiming": [
      0,
      0.9075,
      1.815,
      0.7425,
      1.65,
      0.5775,
      1.485,
      0.4125,
      1.32,
      0.2475,
      1.155,
      0.0825,
      0.99,
      1.8975,
      0.825,
      1.7325,
      0.66,
      1.5675,
      0.495,
      1.4025,
      0.33,
      1.2375,
      0.165,
      1.0725,
      0,
      0.9075,
      1.815,
      0.7425,
      1.65,
      0.5775,
      1.485,
      0.4125,
      1.32,
      0.2475,
      1.155,
      0.0825,
      0.99,
      1.8975,
      0.825,
      1.7325,
      0.66,
      1.5675,
      0.495,
      1.4025,
      0.33,
      1.2375,
      0.165,
      1.0725,
      0,
      0.9075,
      1.815,
      0.7425,
      1.65,
      0.5775,
      1.485,
      0.4125,
      1.32,
      0.2475,
      1.155,
      0.0825,
      0.99,
      1.8975,
      0.825,
      1.7325,
      0.66,
      1.5675,
      0.495,
      1.4025,
      0.33,
      1.2375,
      0.165,
      1.0725
    ],
    "TaskName": "train",
    "VolumeTiming": [
      0,
      2,
      4,
      6,
      8,
      10,
      12,
      14,
      16,
      18,
      20,
      22,
      24,
      26,
      28,
      30,
      32,
      34,
      36,
      38,
      40,
      42,
      44,
      46,
      48,
      50,
      52,
      54,
      56,
      58,
      60,
      62,
      64,
      66,
      68,
      70,
      72,
      74,
      76,
      78,
      80,
      82,
      84,
      86,
      88,
      90,
      92,
      94,
      96,
      98,
      100,
      102,
      104,
      106,
      108,
      110,
      112,
      114,
      116,
      118,
      120,
      122,
      124,
      126,
      128,
      130,
      132,
      134,
      136,
      138,
      140,
      142,
      144,
      146,
      148,
      150,
      152,
      154,
      156,
      158,
      160,
      162,
      164,
      166,
      168,
      170,
      172,
      174,
      176,
      178,
      180,
      182,
      184,
      186,
      188,
      190,
      192,
      194,
      196,
      198,
      200,
      202,
      204,
      206,
      208,
      210,
      212,
      214,
      216,
      218,
      220,
      222,
      224,
      226,
      228,
      230,
      232,
      234,
      236,
      238,
      240,
      242,
      244,
      246,
      248,
      250,
      252,
      254,
      256,
      258,
      260,
      262,
      264,
      266,
      268,
      270,
      272,
      274,
      276,
      278,
      280,
      282,
      284,
      286,
      288
    ],
    "dataset": "ds002813",
    "modality": "bold",
    "run_id": 7,
    "subject_id": "234",
    "task_id": "train"
  },
  "dummy_trs": 0,
  "dvars_nstd": 46.50426456708331,
  "dvars_std": 1.1969841107638883,
  "dvars_vstd": 1.016227411319444,
  "efc": 0.5455737807733029,
  "fber": 3461.494873046875,
  "fd_mean": 0.1173623079945478,
  "fd_num": 13,
  "fd_perc": 8.96551724137931,
  "fwhm_avg": 1.8525066666666667,
  "fwhm_x": 1.713535,
  "fwhm_y": 2.007325,
  "fwhm_z": 1.83666,
  "gcor": 0.0096433,
  "gsr_x": 0.0049373675137758255,
  "gsr_y": 0.03308261185884476,
  "provenance": {
    "md5sum": "4e6c8ee185f6742889752554dec24a3c",
    "settings": {
      "fd_thres": 0.2,
      "testing": false
    },
    "software": "mriqc",
    "version": "22.0.6",
    "webapi_port": null,
    "webapi_url": "https://mriqc.nimh.nih.gov/api/v1"
  },
  "size_t": 145,
  "size_x": 104,
  "size_y": 104,
  "size_z": 72,
  "snr": 7.282898121878525,
  "spacing_tr": 2.0,
  "spacing_x": 2.0,
  "spacing_y": 2.0,
  "spacing_z": 2.0,
  "summary_bg_k": 9.11126446548329,
  "summary_bg_mad": 89.97861193830545,
  "summary_bg_mean": 521.52197265625,
  "summary_bg_median": 123.5586166381836,
  "summary_bg_n": 519262.0,
  "summary_bg_p05": 53.648277282714844,
  "summary_bg_p95": 2640.1082763671857,
  "summary_bg_stdv": 922.3382568359375,
  "summary_fg_k": 5.4486821271559,
  "summary_fg_mad": 876.1875062085015,
  "summary_fg_mean": 7285.7822265625,
  "summary_fg_median": 7324.60009765625,
  "summary_fg_n": 161511.0,
  "summary_fg_p05": 5820.10693359375,
  "summary_fg_p95": 8669.14794921875,
  "summary_fg_stdv": 1005.722900390625,
  "tsnr": 35.29819678305648
}