{
  "aor": 0.000767241379310345,
  "aqi": 0.019776934482758617,
  "bids_meta": {
    "AcquisitionDuration": [],
    "DelayTime": [],
    "EchoTime": 0.025,
    "FlipAngle": 90,
    "MagneticFieldStrength": 3,
    "Manufacturer": "Siemens",
    "ManufacturerModelName": "MAGNETOM Skyra",
    "MultibandAccelerationFactor": 3,
    "RepetitionTime": 2,
    "SliceTiming": [
      0,
      0.9075,
      1.815,
      0.7425,
      1.65,
      0.5775,
      1.485,
      0.4125,
      1.32,
      0.2475,
      1.155,
      0.0825,
      0.99,
      1.8975,
      0.825,
      1.7325,
      0.66,
      1.5675,
      0.495,
      1.4025,
      0.33,
      1.2375,
      0.165,
      1.0725,
      0,
      0.9075,
      1.815,
      0.7425,
      1.65,
      0.5775,
      1.485,
      0.4125,
      1.32,
      0.2475,
      1.155,
      0.0825,
      0.99,
      1.8975,
      0.825,
      1.7325,
      0.66,
      1.5675,
      0.495,
      1.4025,
      0.33,
      1.2375,
      0.165,
      1.0725,
      0,
      0.9075,
      1.815,
      0.7425,
      1.65,
      0.5775,
      1.485,
      0.4125,
      1.32,
      0.2475,
      1.155,
      0.0825,
      0.99,
      1.8975,
      0.825,
      1.7325,
      0.66,
      1.5675,
      0.495,
      1.4025,
      0.33,
      1.2375,
      0.165,
      1.0725
    ],
    "TaskName": "train",
    "VolumeTiming": [
      0,
      2,
      4,
      6,
      8,
      10,
      12,
      14,
      16,
      18,
      20,
      22,
      24,
      26,
      28,
      30,
      32,
      34,
      36,
      38,
      40,
      42,
      44,
      46,
      48,
      50,
      52,
      54,
      56,
      58,
      60,
      62,
      64,
      66,
      68,
      70,
      72,
      74,
      76,
      78,
      80,
      82,
      84,
      86,
      88,
      90,
      92,
      94,
      96,
      98,
      100,
      102,
      104,
      106,
      108,
      110,
      112,
      114,
      116,
      118,
      120,
      122,
      124,
      126,
      128,
      130,
      132,
      134,
      136,
      138,
      140,
      142,
      144,
      146,
      148,
      150,
      152,
      154,
      156,
      158,
      160,
      162,
      164,
      166,
      168,
      170,
      172,
      174,
      176,
      178,
      180,
      182,
      184,
      186,
      188,
      190,
      192,
      194,
      196,
      198,
      200,
      202,
      204,
      206,
      208,
      210,
      212,
      214,
      216,
      218,
      220,
      222,
      224,
      226,
      228,
      230,
      232,
      234,
      236,
      238,
      240,
      242,
      244,
      246,
      248,
      250,
      252,
      254,
      256,
      258,
      260,
      262,
      264,
      266,
      268,
      270,
      272,
      274,
      276,
      278,
      280,
      282,
      284,
      286,
      288
    ],
    "dataset": "ds002813",
    "modality": "bold",
    "run_id": 3,
    "subject_id": "238",
    "task_id": "train"
  },
  "dummy_trs": 0,
  "dvars_nstd": 41.15813295041667,
  "dvars_std": 1.3238946655555548,
  "dvars_vstd": 1.0118653723611104,
  "efc": 0.5079750637609229,
  "fber": 3840.478271484375,
  "fd_mean": 0.10268415107135737,
  "fd_num": 20,
  "fd_perc": 13.793103448275861,
  "fwhm_avg": 1.8035900355403645,
  "fwhm_x": 1.712755,
  "fwhm_y": 1.90921,
  "fwhm_z": 1.7888051066210928,
  "gcor": 0.0222903,
  "gsr_x": -0.011526665650308132,
  "gsr_y": 0.0133421141654253,
  "provenance": {
    "md5sum": "1cc07f29f0287960c9f6863f297c0749",
    "settings": {
      "fd_thres": 0.2,
      "testing": false
    },
    "software": "mriqc",
    "version": "22.0.6",
    "webapi_port": null,
    "webapi_url": "https://mriqc.nimh.nih.gov/api/v1"
  },
  "size_t": 145,
  "size_x": 104,
  "size_y": 104,
  "size_z": 72,
  "snr": 7.399657447135132,
  "spacing_tr": 2.0,
  "spacing_x": 2.0,
  "spacing_y": 2.0,
  "spacing_z": 1.9999998807907104,
  "summary_bg_k": 16.89142830554803,
  "summary_bg_mad": 106.22589485145755,
  "summary_bg_mean": 496.17230224609375,
  "summary_bg_median": 145.33103942871094,
  "summary_bg_n": 539147.0,
  "summary_bg_p05": 54.9862060546875,
  "summary_bg_p95": 2366.584155273434,
  "summary_bg_stdv": 938.4176635742188,
  "summary_fg_k": 6.223127068720441,
  "summary_fg_mad": 932.2802553777829,
  "summary_fg_mean": 8986.3955078125,
  "summary_fg_median": 8980.1728515625,
  "summary_fg_n": 145063.0,
  "summary_fg_p05": 7281.645458984375,
  "summary_fg_p95": 10781.806640625,
  "summary_fg_stdv": 1213.5888671875,
  "tsnr": 49.39825839176774
}