{
  "aor": 0.0008127083333333333,
  "aqi": 0.035890634722222224,
  "bids_meta": {
    "AcquisitionDuration": [],
    "DelayTime": [],
    "EchoTime": 0.025,
    "FlipAngle": 90,
    "MagneticFieldStrength": 3,
    "Manufacturer": "Siemens",
    "ManufacturerModelName": "MAGNETOM Skyra",
    "MultibandAccelerationFactor": 3,
    "RepetitionTime": 2,
    "SliceTiming": [
      0,
      0.9075,
      1.815,
      0.7425,
      1.65,
      0.5775,
      1.485,
      0.4125,
      1.32,
      0.2475,
      1.155,
      0.0825,
      0.99,
      1.8975,
      0.825,
      1.7325,
      0.66,
      1.5675,
      0.495,
      1.4025,
      0.33,
      1.2375,
      0.165,
      1.0725,
      0,
      0.9075,
      1.815,
      0.7425,
      1.65,
      0.5775,
      1.485,
      0.4125,
      1.32,
      0.2475,
      1.155,
      0.0825,
      0.99,
      1.8975,
      0.825,
      1.7325,
      0.66,
      1.5675,
      0.495,
      1.4025,
      0.33,
      1.2375,
      0.165,
      1.0725,
      0,
      0.9075,
      1.815,
      0.7425,
      1.65,
      0.5775,
      1.485,
      0.4125,
      1.32,
      0.2475,
      1.155,
      0.0825,
      0.99,
      1.8975,
      0.825,
      1.7325,
      0.66,
      1.5675,
      0.495,
      1.4025,
      0.33,
      1.2375,
      0.165,
      1.0725
    ],
    "TaskName": "train",
    "VolumeTiming": [
      0,
      2,
      4,
      6,
      8,
      10,
      12,
      14,
      16,
      18,
      20,
      22,
      24,
      26,
      28,
      30,
      32,
      34,
      36,
      38,
      40,
      42,
      44,
      46,
      48,
      50,
      52,
      54,
      56,
      58,
      60,
      62,
      64,
      66,
      68,
      70,
      72,
      74,
      76,
      78,
      80,
      82,
      84,
      86,
      88,
      90,
      92,
      94,
      96,
      98,
      100,
      102,
      104,
      106,
      108,
      110,
      112,
      114,
      116,
      118,
      120,
      122,
      124,
      126,
      128,
      130,
      132,
      134,
      136,
      138,
      140,
      142,
      144,
      146,
      148,
      150,
      152,
      154,
      156,
      158,
      160,
      162,
      164,
      166,
      168,
      170,
      172,
      174,
      176,
      178,
      180,
      182,
      184,
      186,
      188,
      190,
      192,
      194,
      196,
      198,
      200,
      202,
      204,
      206,
      208,
      210,
      212,
      214,
      216,
      218,
      220,
      222,
      224,
      226,
      228,
      230,
      232,
      234,
      236,
      238,
      240,
      242,
      244,
      246,
      248,
      250,
      252,
      254,
      256,
      258,
      260,
      262,
      264,
      266,
      268,
      270,
      272,
      274,
      276,
      278,
      280,
      282,
      284,
      286,
      288
    ],
    "dataset": "ds002813",
    "modality": "bold",
    "run_id": 1,
    "subject_id": "212",
    "task_id": "train"
  },
  "dummy_trs": 1,
  "dvars_nstd": 55.04019490461539,
  "dvars_std": 1.154048233706294,
  "dvars_vstd": 1.003935444335664,
  "efc": 0.5812337043209947,
  "fber": 897.8455200195312,
  "fd_mean": 0.09543942393854962,
  "fd_num": 12,
  "fd_perc": 8.333333333333334,
  "fwhm_avg": 1.869045,
  "fwhm_x": 1.789125,
  "fwhm_y": 1.948175,
  "fwhm_z": 1.869835,
  "gcor": 0.00207034,
  "gsr_x": -2.0676443455158733e-06,
  "gsr_y": 0.03181802108883858,
  "provenance": {
    "md5sum": "fc80b92e93c645697d479ccf57fbbc9b",
    "settings": {
      "fd_thres": 0.2,
      "testing": false
    },
    "software": "mriqc",
    "version": "22.0.6",
    "webapi_port": null,
    "webapi_url": "https://mriqc.nimh.nih.gov/api/v1"
  },
  "size_t": 144,
  "size_x": 104,
  "size_y": 104,
  "size_z": 72,
  "snr": 7.205027769016511,
  "spacing_tr": 2.0,
  "spacing_x": 2.0,
  "spacing_y": 2.0,
  "spacing_z": 2.0,
  "summary_bg_k": 12.368697838439601,
  "summary_bg_mad": 255.5326547868746,
  "summary_bg_mean": 614.5498046875,
  "summary_bg_median": 261.9861145019531,
  "summary_bg_n": 492056.0,
  "summary_bg_p05": 69.18055725097656,
  "summary_bg_p95": 2536.107666015625,
  "summary_bg_stdv": 911.818115234375,
  "summary_fg_k": 3.3235474809336383,
  "summary_fg_mad": 1011.1502774484075,
  "summary_fg_mean": 7983.66796875,
  "summary_fg_median": 7966.861328125,
  "summary_fg_n": 185386.0,
  "summary_fg_p05": 6392.267333984375,
  "summary_fg_p95": 9694.488037109375,
  "summary_fg_stdv": 1105.7333984375,
  "tsnr": 31.873910860856995
}