{
  "aor": 0.0006795172413793103,
  "aqi": 0.03560100551724138,
  "bids_meta": {
    "AcquisitionDuration": [],
    "DelayTime": [],
    "EchoTime": 0.025,
    "FlipAngle": 90,
    "MagneticFieldStrength": 3,
    "Manufacturer": "Siemens",
    "ManufacturerModelName": "MAGNETOM Skyra",
    "MultibandAccelerationFactor": 3,
    "RepetitionTime": 2,
    "SliceTiming": [
      0,
      0.9075,
      1.815,
      0.7425,
      1.65,
      0.5775,
      1.485,
      0.4125,
      1.32,
      0.2475,
      1.155,
      0.0825,
      0.99,
      1.8975,
      0.825,
      1.7325,
      0.66,
      1.5675,
      0.495,
      1.4025,
      0.33,
      1.2375,
      0.165,
      1.0725,
      0,
      0.9075,
      1.815,
      0.7425,
      1.65,
      0.5775,
      1.485,
      0.4125,
      1.32,
      0.2475,
      1.155,
      0.0825,
      0.99,
      1.8975,
      0.825,
      1.7325,
      0.66,
      1.5675,
      0.495,
      1.4025,
      0.33,
      1.2375,
      0.165,
      1.0725,
      0,
      0.9075,
      1.815,
      0.7425,
      1.65,
      0.5775,
      1.485,
      0.4125,
      1.32,
      0.2475,
      1.155,
      0.0825,
      0.99,
      1.8975,
      0.825,
      1.7325,
      0.66,
      1.5675,
      0.495,
      1.4025,
      0.33,
      1.2375,
      0.165,
      1.0725
    ],
    "TaskName": "train",
    "VolumeTiming": [
      0,
      2,
      4,
      6,
      8,
      10,
      12,
      14,
      16,
      18,
      20,
      22,
      24,
      26,
      28,
      30,
      32,
      34,
      36,
      38,
      40,
      42,
      44,
      46,
      48,
      50,
      52,
      54,
      56,
      58,
      60,
      62,
      64,
      66,
      68,
      70,
      72,
      74,
      76,
      78,
      80,
      82,
      84,
      86,
      88,
      90,
      92,
      94,
      96,
      98,
      100,
      102,
      104,
      106,
      108,
      110,
      112,
      114,
      116,
      118,
      120,
      122,
      124,
      126,
      128,
      130,
      132,
      134,
      136,
      138,
      140,
      142,
      144,
      146,
      148,
      150,
      152,
      154,
      156,
      158,
      160,
      162,
      164,
      166,
      168,
      170,
      172,
      174,
      176,
      178,
      180,
      182,
      184,
      186,
      188,
      190,
      192,
      194,
      196,
      198,
      200,
      202,
      204,
      206,
      208,
      210,
      212,
      214,
      216,
      218,
      220,
      222,
      224,
      226,
      228,
      230,
      232,
      234,
      236,
      238,
      240,
      242,
      244,
      246,
      248,
      250,
      252,
      254,
      256,
      258,
      260,
      262,
      264,
      266,
      268,
      270,
      272,
      274,
      276,
      278,
      280,
      282,
      284,
      286,
      288
    ],
    "dataset": "ds002813",
    "modality": "bold",
    "run_id": 4,
    "subject_id": "212",
    "task_id": "train"
  },
  "dummy_trs": 0,
  "dvars_nstd": 55.41181895493057,
  "dvars_std": 1.1748922786805551,
  "dvars_vstd": 1.0099208393749997,
  "efc": 0.5824664103586907,
  "fber": 864.0563354492188,
  "fd_mean": 0.0700848788520088,
  "fd_num": 2,
  "fd_perc": 1.3793103448275863,
  "fwhm_avg": 1.8692983333333333,
  "fwhm_x": 1.78865,
  "fwhm_y": 1.9497,
  "fwhm_z": 1.869545,
  "gcor": 0.00167734,
  "gsr_x": -0.00020788026449736208,
  "gsr_y": 0.03244661167263985,
  "provenance": {
    "md5sum": "6ae204d4c48e30b0fb2c3c4fc9d8fbdf",
    "settings": {
      "fd_thres": 0.2,
      "testing": false
    },
    "software": "mriqc",
    "version": "22.0.6",
    "webapi_port": null,
    "webapi_url": "https://mriqc.nimh.nih.gov/api/v1"
  },
  "size_t": 145,
  "size_x": 104,
  "size_y": 104,
  "size_z": 72,
  "snr": 7.258832200558536,
  "spacing_tr": 2.0,
  "spacing_x": 2.0,
  "spacing_y": 2.0,
  "spacing_z": 2.0,
  "summary_bg_k": 12.520882932648595,
  "summary_bg_mad": 262.1631009388731,
  "summary_bg_mean": 625.7463989257812,
  "summary_bg_median": 268.27294921875,
  "summary_bg_n": 491738.0,
  "summary_bg_p05": 69.7800350189209,
  "summary_bg_p95": 2586.720178222651,
  "summary_bg_stdv": 928.6918334960938,
  "summary_fg_k": 3.438418268660967,
  "summary_fg_mad": 1008.2831651015365,
  "summary_fg_mean": 8032.12060546875,
  "summary_fg_median": 8016.171875,
  "summary_fg_n": 185564.0,
  "summary_fg_p05": 6448.475634765625,
  "summary_fg_p95": 9741.059130859376,
  "summary_fg_stdv": 1104.33056640625,
  "tsnr": 32.14910888671875
}