{
  "aor": 0.0013769924812030074,
  "aqi": 0.021056943609022556,
  "bids_meta": {
    "AcquisitionDuration": [],
    "DelayTime": [],
    "EchoTime": 0.025,
    "FlipAngle": 90,
    "MagneticFieldStrength": 3,
    "Manufacturer": "Siemens",
    "ManufacturerModelName": "MAGNETOM Skyra",
    "MultibandAccelerationFactor": 3,
    "RepetitionTime": 2,
    "SliceTiming": [
      0,
      0.9075,
      1.815,
      0.7425,
      1.65,
      0.5775,
      1.485,
      0.4125,
      1.32,
      0.2475,
      1.155,
      0.0825,
      0.99,
      1.8975,
      0.825,
      1.7325,
      0.66,
      1.5675,
      0.495,
      1.4025,
      0.33,
      1.2375,
      0.165,
      1.0725,
      0,
      0.9075,
      1.815,
      0.7425,
      1.65,
      0.5775,
      1.485,
      0.4125,
      1.32,
      0.2475,
      1.155,
      0.0825,
      0.99,
      1.8975,
      0.825,
      1.7325,
      0.66,
      1.5675,
      0.495,
      1.4025,
      0.33,
      1.2375,
      0.165,
      1.0725,
      0,
      0.9075,
      1.815,
      0.7425,
      1.65,
      0.5775,
      1.485,
      0.4125,
      1.32,
      0.2475,
      1.155,
      0.0825,
      0.99,
      1.8975,
      0.825,
      1.7325,
      0.66,
      1.5675,
      0.495,
      1.4025,
      0.33,
      1.2375,
      0.165,
      1.0725
    ],
    "TaskName": "imtest",
    "VolumeTiming": [
      0,
      2,
      4,
      6,
      8,
      10,
      12,
      14,
      16,
      18,
      20,
      22,
      24,
      26,
      28,
      30,
      32,
      34,
      36,
      38,
      40,
      42,
      44,
      46,
      48,
      50,
      52,
      54,
      56,
      58,
      60,
      62,
      64,
      66,
      68,
      70,
      72,
      74,
      76,
      78,
      80,
      82,
      84,
      86,
      88,
      90,
      92,
      94,
      96,
      98,
      100,
      102,
      104,
      106,
      108,
      110,
      112,
      114,
      116,
      118,
      120,
      122,
      124,
      126,
      128,
      130,
      132,
      134,
      136,
      138,
      140,
      142,
      144,
      146,
      148,
      150,
      152,
      154,
      156,
      158,
      160,
      162,
      164,
      166,
      168,
      170,
      172,
      174,
      176,
      178,
      180,
      182,
      184,
      186,
      188,
      190,
      192,
      194,
      196,
      198,
      200,
      202,
      204,
      206,
      208,
      210,
      212,
      214,
      216,
      218,
      220,
      222,
      224,
      226,
      228,
      230,
      232,
      234,
      236,
      238,
      240,
      242,
      244,
      246,
      248,
      250,
      252,
      254,
      256,
      258,
      260,
      262,
      264
    ],
    "dataset": "ds002813",
    "modality": "bold",
    "run_id": 1,
    "subject_id": "216",
    "task_id": "imtest"
  },
  "dummy_trs": 0,
  "dvars_nstd": 49.327544154848475,
  "dvars_std": 1.3591737793181813,
  "dvars_vstd": 1.0220640649242423,
  "efc": 0.5516950134248529,
  "fber": 3041.4130859375,
  "fd_mean": 0.10184514594551689,
  "fd_num": 6,
  "fd_perc": 4.511278195488722,
  "fwhm_avg": 1.9720733333333333,
  "fwhm_x": 1.87207,
  "fwhm_y": 2.111415,
  "fwhm_z": 1.932735,
  "gcor": 0.0154078,
  "gsr_x": -0.019027378410100937,
  "gsr_y": 0.04082245007157326,
  "provenance": {
    "md5sum": "e586a7b8192c6c65129e613b2e568b96",
    "settings": {
      "fd_thres": 0.2,
      "testing": false
    },
    "software": "mriqc",
    "version": "22.0.6",
    "webapi_port": null,
    "webapi_url": "https://mriqc.nimh.nih.gov/api/v1"
  },
  "size_t": 133,
  "size_x": 104,
  "size_y": 104,
  "size_z": 72,
  "snr": 6.5494850932076325,
  "spacing_tr": 2.0,
  "spacing_x": 2.0,
  "spacing_y": 2.0,
  "spacing_z": 2.0,
  "summary_bg_k": 10.660996529745631,
  "summary_bg_mad": 107.94011973253288,
  "summary_bg_mean": 564.4261474609375,
  "summary_bg_median": 143.4511260986328,
  "summary_bg_n": 509872.0,
  "summary_bg_p05": 55.82706832885742,
  "summary_bg_p95": 2824.129711914061,
  "summary_bg_stdv": 1005.4932250976562,
  "summary_fg_k": 4.647553925679112,
  "summary_fg_mad": 987.7471697726999,
  "summary_fg_mean": 7973.96826171875,
  "summary_fg_median": 7986.052734375,
  "summary_fg_n": 167830.0,
  "summary_fg_p05": 6184.6275390625,
  "summary_fg_p95": 9725.29951171875,
  "summary_fg_stdv": 1219.3369140625,
  "tsnr": 43.10039982944727
}