{
  "aor": 0.0007978620689655172,
  "aqi": 0.025611946206896552,
  "bids_meta": {
    "AcquisitionDuration": [],
    "DelayTime": [],
    "EchoTime": 0.025,
    "FlipAngle": 90,
    "MagneticFieldStrength": 3,
    "Manufacturer": "Siemens",
    "ManufacturerModelName": "MAGNETOM Skyra",
    "MultibandAccelerationFactor": 3,
    "RepetitionTime": 2,
    "SliceTiming": [
      0,
      0.9075,
      1.815,
      0.7425,
      1.65,
      0.5775,
      1.485,
      0.4125,
      1.32,
      0.2475,
      1.155,
      0.0825,
      0.99,
      1.8975,
      0.825,
      1.7325,
      0.66,
      1.5675,
      0.495,
      1.4025,
      0.33,
      1.2375,
      0.165,
      1.0725,
      0,
      0.9075,
      1.815,
      0.7425,
      1.65,
      0.5775,
      1.485,
      0.4125,
      1.32,
      0.2475,
      1.155,
      0.0825,
      0.99,
      1.8975,
      0.825,
      1.7325,
      0.66,
      1.5675,
      0.495,
      1.4025,
      0.33,
      1.2375,
      0.165,
      1.0725,
      0,
      0.9075,
      1.815,
      0.7425,
      1.65,
      0.5775,
      1.485,
      0.4125,
      1.32,
      0.2475,
      1.155,
      0.0825,
      0.99,
      1.8975,
      0.825,
      1.7325,
      0.66,
      1.5675,
      0.495,
      1.4025,
      0.33,
      1.2375,
      0.165,
      1.0725
    ],
    "TaskName": "train",
    "VolumeTiming": [
      0,
      2,
      4,
      6,
      8,
      10,
      12,
      14,
      16,
      18,
      20,
      22,
      24,
      26,
      28,
      30,
      32,
      34,
      36,
      38,
      40,
      42,
      44,
      46,
      48,
      50,
      52,
      54,
      56,
      58,
      60,
      62,
      64,
      66,
      68,
      70,
      72,
      74,
      76,
      78,
      80,
      82,
      84,
      86,
      88,
      90,
      92,
      94,
      96,
      98,
      100,
      102,
      104,
      106,
      108,
      110,
      112,
      114,
      116,
      118,
      120,
      122,
      124,
      126,
      128,
      130,
      132,
      134,
      136,
      138,
      140,
      142,
      144,
      146,
      148,
      150,
      152,
      154,
      156,
      158,
      160,
      162,
      164,
      166,
      168,
      170,
      172,
      174,
      176,
      178,
      180,
      182,
      184,
      186,
      188,
      190,
      192,
      194,
      196,
      198,
      200,
      202,
      204,
      206,
      208,
      210,
      212,
      214,
      216,
      218,
      220,
      222,
      224,
      226,
      228,
      230,
      232,
      234,
      236,
      238,
      240,
      242,
      244,
      246,
      248,
      250,
      252,
      254,
      256,
      258,
      260,
      262,
      264,
      266,
      268,
      270,
      272,
      274,
      276,
      278,
      280,
      282,
      284,
      286,
      288
    ],
    "dataset": "ds002813",
    "modality": "bold",
    "run_id": 5,
    "subject_id": "209",
    "task_id": "train"
  },
  "dummy_trs": 0,
  "dvars_nstd": 39.87101300534721,
  "dvars_std": 1.1336592146527786,
  "dvars_vstd": 0.9781563965277782,
  "efc": 0.5256995264226485,
  "fber": 3663.315185546875,
  "fd_mean": 0.16755076004097044,
  "fd_num": 42,
  "fd_perc": 28.96551724137931,
  "fwhm_avg": 1.9197933333333335,
  "fwhm_x": 1.831755,
  "fwhm_y": 2.06574,
  "fwhm_z": 1.861885,
  "gcor": 0.00446713,
  "gsr_x": -0.013630650006234646,
  "gsr_y": 0.031128019094467163,
  "provenance": {
    "md5sum": "79158fc81d5170e2b1de96a2b6691001",
    "settings": {
      "fd_thres": 0.2,
      "testing": false
    },
    "software": "mriqc",
    "version": "22.0.6",
    "webapi_port": null,
    "webapi_url": "https://mriqc.nimh.nih.gov/api/v1"
  },
  "size_t": 145,
  "size_x": 104,
  "size_y": 104,
  "size_z": 72,
  "snr": 6.970916960594962,
  "spacing_tr": 2.0,
  "spacing_x": 2.0,
  "spacing_y": 2.0,
  "spacing_z": 2.0,
  "summary_bg_k": 14.402256838054058,
  "summary_bg_mad": 94.24238281123645,
  "summary_bg_mean": 501.06475830078125,
  "summary_bg_median": 131.8413848876953,
  "summary_bg_n": 528149.0,
  "summary_bg_p05": 53.69241409301759,
  "summary_bg_p95": 2545.680029296874,
  "summary_bg_stdv": 939.3455810546875,
  "summary_fg_k": 4.660146145845978,
  "summary_fg_mad": 945.7880067425758,
  "summary_fg_mean": 7988.2314453125,
  "summary_fg_median": 7966.16552734375,
  "summary_fg_n": 153591.0,
  "summary_fg_p05": 6340.300048828125,
  "summary_fg_p95": 9712.22412109375,
  "summary_fg_stdv": 1142.767822265625,
  "tsnr": 38.542845532647334
}