{
  "aor": 0.001654236111111111,
  "aqi": 0.02092180138888889,
  "bids_meta": {
    "AcquisitionDuration": [],
    "DelayTime": [],
    "EchoTime": 0.025,
    "FlipAngle": 90,
    "MagneticFieldStrength": 3,
    "Manufacturer": "Siemens",
    "ManufacturerModelName": "MAGNETOM Skyra",
    "MultibandAccelerationFactor": 3,
    "RepetitionTime": 2,
    "SliceTiming": [
      0,
      0.9075,
      1.815,
      0.7425,
      1.65,
      0.5775,
      1.485,
      0.4125,
      1.32,
      0.2475,
      1.155,
      0.0825,
      0.99,
      1.8975,
      0.825,
      1.7325,
      0.66,
      1.5675,
      0.495,
      1.4025,
      0.33,
      1.2375,
      0.165,
      1.0725,
      0,
      0.9075,
      1.815,
      0.7425,
      1.65,
      0.5775,
      1.485,
      0.4125,
      1.32,
      0.2475,
      1.155,
      0.0825,
      0.99,
      1.8975,
      0.825,
      1.7325,
      0.66,
      1.5675,
      0.495,
      1.4025,
      0.33,
      1.2375,
      0.165,
      1.0725,
      0,
      0.9075,
      1.815,
      0.7425,
      1.65,
      0.5775,
      1.485,
      0.4125,
      1.32,
      0.2475,
      1.155,
      0.0825,
      0.99,
      1.8975,
      0.825,
      1.7325,
      0.66,
      1.5675,
      0.495,
      1.4025,
      0.33,
      1.2375,
      0.165,
      1.0725
    ],
    "TaskName": "train",
    "VolumeTiming": [
      0,
      2,
      4,
      6,
      8,
      10,
      12,
      14,
      16,
      18,
      20,
      22,
      24,
      26,
      28,
      30,
      32,
      34,
      36,
      38,
      40,
      42,
      44,
      46,
      48,
      50,
      52,
      54,
      56,
      58,
      60,
      62,
      64,
      66,
      68,
      70,
      72,
      74,
      76,
      78,
      80,
      82,
      84,
      86,
      88,
      90,
      92,
      94,
      96,
      98,
      100,
      102,
      104,
      106,
      108,
      110,
      112,
      114,
      116,
      118,
      120,
      122,
      124,
      126,
      128,
      130,
      132,
      134,
      136,
      138,
      140,
      142,
      144,
      146,
      148,
      150,
      152,
      154,
      156,
      158,
      160,
      162,
      164,
      166,
      168,
      170,
      172,
      174,
      176,
      178,
      180,
      182,
      184,
      186,
      188,
      190,
      192,
      194,
      196,
      198,
      200,
      202,
      204,
      206,
      208,
      210,
      212,
      214,
      216,
      218,
      220,
      222,
      224,
      226,
      228,
      230,
      232,
      234,
      236,
      238,
      240,
      242,
      244,
      246,
      248,
      250,
      252,
      254,
      256,
      258,
      260,
      262,
      264,
      266,
      268,
      270,
      272,
      274,
      276,
      278,
      280,
      282,
      284,
      286,
      288
    ],
    "dataset": "ds002813",
    "modality": "bold",
    "run_id": 4,
    "subject_id": "209",
    "task_id": "train"
  },
  "dummy_trs": 1,
  "dvars_nstd": 39.799082695874134,
  "dvars_std": 1.1729200220279725,
  "dvars_vstd": 1.0064222158041958,
  "efc": 0.5254396637343367,
  "fber": 3649.123779296875,
  "fd_mean": 0.11702116819655413,
  "fd_num": 11,
  "fd_perc": 7.638888888888889,
  "fwhm_avg": 1.98411,
  "fwhm_x": 1.86372,
  "fwhm_y": 2.150875,
  "fwhm_z": 1.937735,
  "gcor": 0.00397183,
  "gsr_x": -0.011468818411231041,
  "gsr_y": 0.03521256893873215,
  "provenance": {
    "md5sum": "03ed1ee360f1aa5505fa622a08058984",
    "settings": {
      "fd_thres": 0.2,
      "testing": false
    },
    "software": "mriqc",
    "version": "22.0.6",
    "webapi_port": null,
    "webapi_url": "https://mriqc.nimh.nih.gov/api/v1"
  },
  "size_t": 144,
  "size_x": 104,
  "size_y": 104,
  "size_z": 72,
  "snr": 6.572389257091584,
  "spacing_tr": 2.0,
  "spacing_x": 2.0,
  "spacing_y": 2.0,
  "spacing_z": 2.0,
  "summary_bg_k": 15.939849313909402,
  "summary_bg_mad": 91.74631691649606,
  "summary_bg_mean": 477.6637878417969,
  "summary_bg_median": 131.03472900390625,
  "summary_bg_n": 524963.0,
  "summary_bg_p05": 54.27777862548828,
  "summary_bg_p95": 2401.3640136718686,
  "summary_bg_stdv": 893.4591674804688,
  "summary_fg_k": 5.711571585730544,
  "summary_fg_mad": 952.5625143406107,
  "summary_fg_mean": 7947.0615234375,
  "summary_fg_median": 7941.65966796875,
  "summary_fg_n": 155167.0,
  "summary_fg_p05": 6199.54521484375,
  "summary_fg_p95": 9711.90234375,
  "summary_fg_stdv": 1208.3328857421875,
  "tsnr": 42.00292829191312
}