{
  "aor": 0.0010654482758620692,
  "aqi": 0.02240546,
  "bids_meta": {
    "AcquisitionDuration": [],
    "DelayTime": [],
    "EchoTime": 0.025,
    "FlipAngle": 90,
    "MagneticFieldStrength": 3,
    "Manufacturer": "Siemens",
    "ManufacturerModelName": "MAGNETOM Skyra",
    "MultibandAccelerationFactor": 3,
    "RepetitionTime": 2,
    "SliceTiming": [
      0,
      0.9075,
      1.815,
      0.7425,
      1.65,
      0.5775,
      1.485,
      0.4125,
      1.32,
      0.2475,
      1.155,
      0.0825,
      0.99,
      1.8975,
      0.825,
      1.7325,
      0.66,
      1.5675,
      0.495,
      1.4025,
      0.33,
      1.2375,
      0.165,
      1.0725,
      0,
      0.9075,
      1.815,
      0.7425,
      1.65,
      0.5775,
      1.485,
      0.4125,
      1.32,
      0.2475,
      1.155,
      0.0825,
      0.99,
      1.8975,
      0.825,
      1.7325,
      0.66,
      1.5675,
      0.495,
      1.4025,
      0.33,
      1.2375,
      0.165,
      1.0725,
      0,
      0.9075,
      1.815,
      0.7425,
      1.65,
      0.5775,
      1.485,
      0.4125,
      1.32,
      0.2475,
      1.155,
      0.0825,
      0.99,
      1.8975,
      0.825,
      1.7325,
      0.66,
      1.5675,
      0.495,
      1.4025,
      0.33,
      1.2375,
      0.165,
      1.0725
    ],
    "TaskName": "train",
    "VolumeTiming": [
      0,
      2,
      4,
      6,
      8,
      10,
      12,
      14,
      16,
      18,
      20,
      22,
      24,
      26,
      28,
      30,
      32,
      34,
      36,
      38,
      40,
      42,
      44,
      46,
      48,
      50,
      52,
      54,
      56,
      58,
      60,
      62,
      64,
      66,
      68,
      70,
      72,
      74,
      76,
      78,
      80,
      82,
      84,
      86,
      88,
      90,
      92,
      94,
      96,
      98,
      100,
      102,
      104,
      106,
      108,
      110,
      112,
      114,
      116,
      118,
      120,
      122,
      124,
      126,
      128,
      130,
      132,
      134,
      136,
      138,
      140,
      142,
      144,
      146,
      148,
      150,
      152,
      154,
      156,
      158,
      160,
      162,
      164,
      166,
      168,
      170,
      172,
      174,
      176,
      178,
      180,
      182,
      184,
      186,
      188,
      190,
      192,
      194,
      196,
      198,
      200,
      202,
      204,
      206,
      208,
      210,
      212,
      214,
      216,
      218,
      220,
      222,
      224,
      226,
      228,
      230,
      232,
      234,
      236,
      238,
      240,
      242,
      244,
      246,
      248,
      250,
      252,
      254,
      256,
      258,
      260,
      262,
      264,
      266,
      268,
      270,
      272,
      274,
      276,
      278,
      280,
      282,
      284,
      286,
      288
    ],
    "dataset": "ds002813",
    "modality": "bold",
    "run_id": 3,
    "subject_id": "209",
    "task_id": "train"
  },
  "dummy_trs": 0,
  "dvars_nstd": 39.14729253416667,
  "dvars_std": 1.1651469863888884,
  "dvars_vstd": 0.9945038836805554,
  "efc": 0.525476128534737,
  "fber": 3674.593017578125,
  "fd_mean": 0.12717453202630774,
  "fd_num": 18,
  "fd_perc": 12.413793103448276,
  "fwhm_avg": 1.9920900000000001,
  "fwhm_x": 1.875685,
  "fwhm_y": 2.152785,
  "fwhm_z": 1.9478,
  "gcor": 0.00249948,
  "gsr_x": -0.012038074433803558,
  "gsr_y": 0.03450923413038254,
  "provenance": {
    "md5sum": "308103867fe41e08239deefbe4834b5e",
    "settings": {
      "fd_thres": 0.2,
      "testing": false
    },
    "software": "mriqc",
    "version": "22.0.6",
    "webapi_port": null,
    "webapi_url": "https://mriqc.nimh.nih.gov/api/v1"
  },
  "size_t": 145,
  "size_x": 104,
  "size_y": 104,
  "size_z": 72,
  "snr": 6.556416709096756,
  "spacing_tr": 2.0,
  "spacing_x": 2.0,
  "spacing_y": 2.0,
  "spacing_z": 2.0,
  "summary_bg_k": 15.394153063209579,
  "summary_bg_mad": 92.37123547092247,
  "summary_bg_mean": 475.7487487792969,
  "summary_bg_median": 130.54483032226562,
  "summary_bg_n": 524595.0,
  "summary_bg_p05": 53.475860595703125,
  "summary_bg_p95": 2391.8366455078108,
  "summary_bg_stdv": 885.1730346679688,
  "summary_fg_k": 5.669097995375617,
  "summary_fg_mad": 957.3570819642252,
  "summary_fg_mean": 7935.90185546875,
  "summary_fg_median": 7935.1689453125,
  "summary_fg_n": 155470.0,
  "summary_fg_p05": 6181.007397460938,
  "summary_fg_p95": 9700.087451171874,
  "summary_fg_stdv": 1210.28662109375,
  "tsnr": 40.473003569059074
}