{
  "aor": 0.0011945454545454544,
  "aqi": 0.02525051590909091,
  "bids_meta": {
    "AcquisitionDuration": [],
    "DelayTime": [],
    "EchoTime": 0.025,
    "FlipAngle": 90,
    "MagneticFieldStrength": 3,
    "Manufacturer": "Siemens",
    "ManufacturerModelName": "MAGNETOM Skyra",
    "MultibandAccelerationFactor": 3,
    "RepetitionTime": 2,
    "SliceTiming": [
      0,
      0.9075,
      1.815,
      0.7425,
      1.65,
      0.5775,
      1.485,
      0.4125,
      1.32,
      0.2475,
      1.155,
      0.0825,
      0.99,
      1.8975,
      0.825,
      1.7325,
      0.66,
      1.5675,
      0.495,
      1.4025,
      0.33,
      1.2375,
      0.165,
      1.0725,
      0,
      0.9075,
      1.815,
      0.7425,
      1.65,
      0.5775,
      1.485,
      0.4125,
      1.32,
      0.2475,
      1.155,
      0.0825,
      0.99,
      1.8975,
      0.825,
      1.7325,
      0.66,
      1.5675,
      0.495,
      1.4025,
      0.33,
      1.2375,
      0.165,
      1.0725,
      0,
      0.9075,
      1.815,
      0.7425,
      1.65,
      0.5775,
      1.485,
      0.4125,
      1.32,
      0.2475,
      1.155,
      0.0825,
      0.99,
      1.8975,
      0.825,
      1.7325,
      0.66,
      1.5675,
      0.495,
      1.4025,
      0.33,
      1.2375,
      0.165,
      1.0725
    ],
    "TaskName": "imtest",
    "VolumeTiming": [
      0,
      2,
      4,
      6,
      8,
      10,
      12,
      14,
      16,
      18,
      20,
      22,
      24,
      26,
      28,
      30,
      32,
      34,
      36,
      38,
      40,
      42,
      44,
      46,
      48,
      50,
      52,
      54,
      56,
      58,
      60,
      62,
      64,
      66,
      68,
      70,
      72,
      74,
      76,
      78,
      80,
      82,
      84,
      86,
      88,
      90,
      92,
      94,
      96,
      98,
      100,
      102,
      104,
      106,
      108,
      110,
      112,
      114,
      116,
      118,
      120,
      122,
      124,
      126,
      128,
      130,
      132,
      134,
      136,
      138,
      140,
      142,
      144,
      146,
      148,
      150,
      152,
      154,
      156,
      158,
      160,
      162,
      164,
      166,
      168,
      170,
      172,
      174,
      176,
      178,
      180,
      182,
      184,
      186,
      188,
      190,
      192,
      194,
      196,
      198,
      200,
      202,
      204,
      206,
      208,
      210,
      212,
      214,
      216,
      218,
      220,
      222,
      224,
      226,
      228,
      230,
      232,
      234,
      236,
      238,
      240,
      242,
      244,
      246,
      248,
      250,
      252,
      254,
      256,
      258,
      260,
      262,
      264
    ],
    "dataset": "ds002813",
    "modality": "bold",
    "run_id": 1,
    "subject_id": "209",
    "task_id": "imtest"
  },
  "dummy_trs": 1,
  "dvars_nstd": 39.36507185709925,
  "dvars_std": 1.1404294625190843,
  "dvars_vstd": 0.9785318243511449,
  "efc": 0.5245328159633058,
  "fber": 3687.24169921875,
  "fd_mean": 0.10541591960126633,
  "fd_num": 8,
  "fd_perc": 6.0606060606060606,
  "fwhm_avg": 2.002125,
  "fwhm_x": 1.886195,
  "fwhm_y": 2.18016,
  "fwhm_z": 1.94002,
  "gcor": 0.0022751,
  "gsr_x": -0.011379295960068703,
  "gsr_y": 0.03453969210386276,
  "provenance": {
    "md5sum": "41daf546c6f9e7c72e4ac0f8ae37e882",
    "settings": {
      "fd_thres": 0.2,
      "testing": false
    },
    "software": "mriqc",
    "version": "22.0.6",
    "webapi_port": null,
    "webapi_url": "https://mriqc.nimh.nih.gov/api/v1"
  },
  "size_t": 132,
  "size_x": 104,
  "size_y": 104,
  "size_z": 72,
  "snr": 6.5799256142781495,
  "spacing_tr": 2.0,
  "spacing_x": 2.0,
  "spacing_y": 2.0,
  "spacing_z": 2.0,
  "summary_bg_k": 15.656280655495163,
  "summary_bg_mad": 92.63669605872917,
  "summary_bg_mean": 469.22705078125,
  "summary_bg_median": 130.16802978515625,
  "summary_bg_n": 524940.0,
  "summary_bg_p05": 52.75388526916504,
  "summary_bg_p95": 2335.705712890625,
  "summary_bg_stdv": 871.3810424804688,
  "summary_fg_k": 5.40147637268729,
  "summary_fg_mad": 962.7735027644493,
  "summary_fg_mean": 7921.4462890625,
  "summary_fg_median": 7916.4599609375,
  "summary_fg_n": 155161.0,
  "summary_fg_p05": 6172.2822265625,
  "summary_fg_p95": 9687.1025390625,
  "summary_fg_stdv": 1203.119140625,
  "tsnr": 38.06827163696289
}