{
  "aor": 0.002236896551724138,
  "aqi": 0.03421355655172414,
  "bids_meta": {
    "AcquisitionDuration": [],
    "DelayTime": [],
    "EchoTime": 0.025,
    "FlipAngle": 90,
    "MagneticFieldStrength": 3,
    "Manufacturer": "Siemens",
    "ManufacturerModelName": "MAGNETOM Skyra",
    "MultibandAccelerationFactor": 3,
    "RepetitionTime": 2,
    "SliceTiming": [
      0,
      0.9075,
      1.815,
      0.7425,
      1.65,
      0.5775,
      1.485,
      0.4125,
      1.32,
      0.2475,
      1.155,
      0.0825,
      0.99,
      1.8975,
      0.825,
      1.7325,
      0.66,
      1.5675,
      0.495,
      1.4025,
      0.33,
      1.2375,
      0.165,
      1.0725,
      0,
      0.9075,
      1.815,
      0.7425,
      1.65,
      0.5775,
      1.485,
      0.4125,
      1.32,
      0.2475,
      1.155,
      0.0825,
      0.99,
      1.8975,
      0.825,
      1.7325,
      0.66,
      1.5675,
      0.495,
      1.4025,
      0.33,
      1.2375,
      0.165,
      1.0725,
      0,
      0.9075,
      1.815,
      0.7425,
      1.65,
      0.5775,
      1.485,
      0.4125,
      1.32,
      0.2475,
      1.155,
      0.0825,
      0.99,
      1.8975,
      0.825,
      1.7325,
      0.66,
      1.5675,
      0.495,
      1.4025,
      0.33,
      1.2375,
      0.165,
      1.0725
    ],
    "TaskName": "train",
    "VolumeTiming": [
      0,
      2,
      4,
      6,
      8,
      10,
      12,
      14,
      16,
      18,
      20,
      22,
      24,
      26,
      28,
      30,
      32,
      34,
      36,
      38,
      40,
      42,
      44,
      46,
      48,
      50,
      52,
      54,
      56,
      58,
      60,
      62,
      64,
      66,
      68,
      70,
      72,
      74,
      76,
      78,
      80,
      82,
      84,
      86,
      88,
      90,
      92,
      94,
      96,
      98,
      100,
      102,
      104,
      106,
      108,
      110,
      112,
      114,
      116,
      118,
      120,
      122,
      124,
      126,
      128,
      130,
      132,
      134,
      136,
      138,
      140,
      142,
      144,
      146,
      148,
      150,
      152,
      154,
      156,
      158,
      160,
      162,
      164,
      166,
      168,
      170,
      172,
      174,
      176,
      178,
      180,
      182,
      184,
      186,
      188,
      190,
      192,
      194,
      196,
      198,
      200,
      202,
      204,
      206,
      208,
      210,
      212,
      214,
      216,
      218,
      220,
      222,
      224,
      226,
      228,
      230,
      232,
      234,
      236,
      238,
      240,
      242,
      244,
      246,
      248,
      250,
      252,
      254,
      256,
      258,
      260,
      262,
      264,
      266,
      268,
      270,
      272,
      274,
      276,
      278,
      280,
      282,
      284,
      286,
      288
    ],
    "dataset": "ds002813",
    "modality": "bold",
    "run_id": 7,
    "subject_id": "223",
    "task_id": "train"
  },
  "dummy_trs": 0,
  "dvars_nstd": 41.425372415138895,
  "dvars_std": 1.152247481666667,
  "dvars_vstd": 1.005048011736111,
  "efc": 0.5320855571549584,
  "fber": 3140.851318359375,
  "fd_mean": 0.15321289638884247,
  "fd_num": 21,
  "fd_perc": 14.482758620689655,
  "fwhm_avg": 1.9045633333333332,
  "fwhm_x": 1.78918,
  "fwhm_y": 2.0103,
  "fwhm_z": 1.91421,
  "gcor": 0.0121128,
  "gsr_x": -0.015542209148406982,
  "gsr_y": 0.03349161893129349,
  "provenance": {
    "md5sum": "eb5bb2cf04579a7d101ebd359d8cd7b9",
    "settings": {
      "fd_thres": 0.2,
      "testing": false
    },
    "software": "mriqc",
    "version": "22.0.6",
    "webapi_port": null,
    "webapi_url": "https://mriqc.nimh.nih.gov/api/v1"
  },
  "size_t": 145,
  "size_x": 104,
  "size_y": 104,
  "size_z": 72,
  "snr": 6.953861088984323,
  "spacing_tr": 2.0,
  "spacing_x": 2.0,
  "spacing_y": 2.0,
  "spacing_z": 2.0,
  "summary_bg_k": 13.06183463628567,
  "summary_bg_mad": 104.43655124683261,
  "summary_bg_mean": 511.4202880859375,
  "summary_bg_median": 138.51724243164062,
  "summary_bg_n": 526951.0,
  "summary_bg_p05": 54.42068862915039,
  "summary_bg_p95": 2444.83447265625,
  "summary_bg_stdv": 910.62744140625,
  "summary_fg_k": 5.1723128501834825,
  "summary_fg_mad": 915.7986124536046,
  "summary_fg_mean": 7808.95947265625,
  "summary_fg_median": 7762.83447265625,
  "summary_fg_n": 154720.0,
  "summary_fg_p05": 6290.3704833984375,
  "summary_fg_p95": 9502.987353515624,
  "summary_fg_stdv": 1116.330810546875,
  "tsnr": 33.90326493163593
}