{
  "aor": 0.0008662758620689655,
  "aqi": 0.02379339379310345,
  "bids_meta": {
    "AcquisitionDuration": [],
    "DelayTime": [],
    "EchoTime": 0.025,
    "FlipAngle": 90,
    "MagneticFieldStrength": 3,
    "Manufacturer": "Siemens",
    "ManufacturerModelName": "MAGNETOM Skyra",
    "MultibandAccelerationFactor": 3,
    "RepetitionTime": 2,
    "SliceTiming": [
      0,
      0.9075,
      1.815,
      0.7425,
      1.65,
      0.5775,
      1.485,
      0.4125,
      1.32,
      0.2475,
      1.155,
      0.0825,
      0.99,
      1.8975,
      0.825,
      1.7325,
      0.66,
      1.5675,
      0.495,
      1.4025,
      0.33,
      1.2375,
      0.165,
      1.0725,
      0,
      0.9075,
      1.815,
      0.7425,
      1.65,
      0.5775,
      1.485,
      0.4125,
      1.32,
      0.2475,
      1.155,
      0.0825,
      0.99,
      1.8975,
      0.825,
      1.7325,
      0.66,
      1.5675,
      0.495,
      1.4025,
      0.33,
      1.2375,
      0.165,
      1.0725,
      0,
      0.9075,
      1.815,
      0.7425,
      1.65,
      0.5775,
      1.485,
      0.4125,
      1.32,
      0.2475,
      1.155,
      0.0825,
      0.99,
      1.8975,
      0.825,
      1.7325,
      0.66,
      1.5675,
      0.495,
      1.4025,
      0.33,
      1.2375,
      0.165,
      1.0725
    ],
    "TaskName": "train",
    "VolumeTiming": [
      0,
      2,
      4,
      6,
      8,
      10,
      12,
      14,
      16,
      18,
      20,
      22,
      24,
      26,
      28,
      30,
      32,
      34,
      36,
      38,
      40,
      42,
      44,
      46,
      48,
      50,
      52,
      54,
      56,
      58,
      60,
      62,
      64,
      66,
      68,
      70,
      72,
      74,
      76,
      78,
      80,
      82,
      84,
      86,
      88,
      90,
      92,
      94,
      96,
      98,
      100,
      102,
      104,
      106,
      108,
      110,
      112,
      114,
      116,
      118,
      120,
      122,
      124,
      126,
      128,
      130,
      132,
      134,
      136,
      138,
      140,
      142,
      144,
      146,
      148,
      150,
      152,
      154,
      156,
      158,
      160,
      162,
      164,
      166,
      168,
      170,
      172,
      174,
      176,
      178,
      180,
      182,
      184,
      186,
      188,
      190,
      192,
      194,
      196,
      198,
      200,
      202,
      204,
      206,
      208,
      210,
      212,
      214,
      216,
      218,
      220,
      222,
      224,
      226,
      228,
      230,
      232,
      234,
      236,
      238,
      240,
      242,
      244,
      246,
      248,
      250,
      252,
      254,
      256,
      258,
      260,
      262,
      264,
      266,
      268,
      270,
      272,
      274,
      276,
      278,
      280,
      282,
      284,
      286,
      288
    ],
    "dataset": "ds002813",
    "modality": "bold",
    "run_id": 3,
    "subject_id": "223",
    "task_id": "train"
  },
  "dummy_trs": 0,
  "dvars_nstd": 43.322295533055545,
  "dvars_std": 1.2189513751388887,
  "dvars_vstd": 1.0009294095833334,
  "efc": 0.5311949839424955,
  "fber": 3240.373291015625,
  "fd_mean": 0.11494393052119294,
  "fd_num": 9,
  "fd_perc": 6.206896551724138,
  "fwhm_avg": 1.8752083333333334,
  "fwhm_x": 1.774245,
  "fwhm_y": 1.982135,
  "fwhm_z": 1.869245,
  "gcor": 0.00356219,
  "gsr_x": -0.015503115020692348,
  "gsr_y": 0.03809762001037598,
  "provenance": {
    "md5sum": "2d27aa345a978ca2cef34efad46d6262",
    "settings": {
      "fd_thres": 0.2,
      "testing": false
    },
    "software": "mriqc",
    "version": "22.0.6",
    "webapi_port": null,
    "webapi_url": "https://mriqc.nimh.nih.gov/api/v1"
  },
  "size_t": 145,
  "size_x": 104,
  "size_y": 104,
  "size_z": 72,
  "snr": 6.902544131858805,
  "spacing_tr": 2.0,
  "spacing_x": 2.0,
  "spacing_y": 2.0,
  "spacing_z": 2.0,
  "summary_bg_k": 13.352883287988423,
  "summary_bg_mad": 102.24916098030265,
  "summary_bg_mean": 504.3497619628906,
  "summary_bg_median": 135.87557983398438,
  "summary_bg_n": 526281.0,
  "summary_bg_p05": 52.93256759643555,
  "summary_bg_p95": 2417.188720703125,
  "summary_bg_stdv": 912.7399291992188,
  "summary_fg_k": 4.995858470829044,
  "summary_fg_mad": 923.5457157941015,
  "summary_fg_mean": 7791.15283203125,
  "summary_fg_median": 7744.29443359375,
  "summary_fg_n": 154986.0,
  "summary_fg_p05": 6259.2708740234375,
  "summary_fg_p95": 9500.02783203125,
  "summary_fg_stdv": 1121.9442138671875,
  "tsnr": 40.0324821472168
}