{
  "aor": 0.0007166917293233084,
  "aqi": 0.01860179097744361,
  "bids_meta": {
    "AcquisitionDuration": [],
    "DelayTime": [],
    "EchoTime": 0.025,
    "FlipAngle": 90,
    "MagneticFieldStrength": 3,
    "Manufacturer": "Siemens",
    "ManufacturerModelName": "MAGNETOM Skyra",
    "MultibandAccelerationFactor": 3,
    "RepetitionTime": 2,
    "SliceTiming": [
      0,
      0.9075,
      1.815,
      0.7425,
      1.65,
      0.5775,
      1.485,
      0.4125,
      1.32,
      0.2475,
      1.155,
      0.0825,
      0.99,
      1.8975,
      0.825,
      1.7325,
      0.66,
      1.5675,
      0.495,
      1.4025,
      0.33,
      1.2375,
      0.165,
      1.0725,
      0,
      0.9075,
      1.815,
      0.7425,
      1.65,
      0.5775,
      1.485,
      0.4125,
      1.32,
      0.2475,
      1.155,
      0.0825,
      0.99,
      1.8975,
      0.825,
      1.7325,
      0.66,
      1.5675,
      0.495,
      1.4025,
      0.33,
      1.2375,
      0.165,
      1.0725,
      0,
      0.9075,
      1.815,
      0.7425,
      1.65,
      0.5775,
      1.485,
      0.4125,
      1.32,
      0.2475,
      1.155,
      0.0825,
      0.99,
      1.8975,
      0.825,
      1.7325,
      0.66,
      1.5675,
      0.495,
      1.4025,
      0.33,
      1.2375,
      0.165,
      1.0725
    ],
    "TaskName": "imtest",
    "VolumeTiming": [
      0,
      2,
      4,
      6,
      8,
      10,
      12,
      14,
      16,
      18,
      20,
      22,
      24,
      26,
      28,
      30,
      32,
      34,
      36,
      38,
      40,
      42,
      44,
      46,
      48,
      50,
      52,
      54,
      56,
      58,
      60,
      62,
      64,
      66,
      68,
      70,
      72,
      74,
      76,
      78,
      80,
      82,
      84,
      86,
      88,
      90,
      92,
      94,
      96,
      98,
      100,
      102,
      104,
      106,
      108,
      110,
      112,
      114,
      116,
      118,
      120,
      122,
      124,
      126,
      128,
      130,
      132,
      134,
      136,
      138,
      140,
      142,
      144,
      146,
      148,
      150,
      152,
      154,
      156,
      158,
      160,
      162,
      164,
      166,
      168,
      170,
      172,
      174,
      176,
      178,
      180,
      182,
      184,
      186,
      188,
      190,
      192,
      194,
      196,
      198,
      200,
      202,
      204,
      206,
      208,
      210,
      212,
      214,
      216,
      218,
      220,
      222,
      224,
      226,
      228,
      230,
      232,
      234,
      236,
      238,
      240,
      242,
      244,
      246,
      248,
      250,
      252,
      254,
      256,
      258,
      260,
      262,
      264
    ],
    "dataset": "ds002813",
    "modality": "bold",
    "run_id": 4,
    "subject_id": "239",
    "task_id": "imtest"
  },
  "dummy_trs": 0,
  "dvars_nstd": 44.3720575390909,
  "dvars_std": 1.3875662431818188,
  "dvars_vstd": 1.0101482546212124,
  "efc": 0.501605797047589,
  "fber": 4063.290283203125,
  "fd_mean": 0.05398187802518104,
  "fd_num": 0,
  "fd_perc": 0.0,
  "fwhm_avg": 1.9631966666666667,
  "fwhm_x": 1.827715,
  "fwhm_y": 2.127925,
  "fwhm_z": 1.93395,
  "gcor": 0.00575177,
  "gsr_x": -0.02173195406794548,
  "gsr_y": 0.025448350235819817,
  "provenance": {
    "md5sum": "3c8df6d7313b8830b95fc32fb45af023",
    "settings": {
      "fd_thres": 0.2,
      "testing": false
    },
    "software": "mriqc",
    "version": "22.0.6",
    "webapi_port": null,
    "webapi_url": "https://mriqc.nimh.nih.gov/api/v1"
  },
  "size_t": 133,
  "size_x": 104,
  "size_y": 104,
  "size_z": 72,
  "snr": 7.3283762042259735,
  "spacing_tr": 2.0,
  "spacing_x": 2.0,
  "spacing_y": 2.0,
  "spacing_z": 2.0,
  "summary_bg_k": 15.887291888225228,
  "summary_bg_mad": 111.8751599408352,
  "summary_bg_mean": 491.7766418457031,
  "summary_bg_median": 139.8270721435547,
  "summary_bg_n": 544596.0,
  "summary_bg_p05": 51.46616744995117,
  "summary_bg_p95": 2322.531982421875,
  "summary_bg_stdv": 909.798828125,
  "summary_fg_k": 5.483131265051666,
  "summary_fg_mad": 1010.6438906066863,
  "summary_fg_mean": 8970.228515625,
  "summary_fg_median": 8953.9697265625,
  "summary_fg_n": 138639.0,
  "summary_fg_p05": 7244.974560546875,
  "summary_fg_p95": 10799.805761718751,
  "summary_fg_stdv": 1221.8173828125,
  "tsnr": 52.422764643793926
}