{
  "aor": 0.0006667669172932331,
  "aqi": 0.018617634586466165,
  "bids_meta": {
    "AcquisitionDuration": [],
    "DelayTime": [],
    "EchoTime": 0.025,
    "FlipAngle": 90,
    "MagneticFieldStrength": 3,
    "Manufacturer": "Siemens",
    "ManufacturerModelName": "MAGNETOM Skyra",
    "MultibandAccelerationFactor": 3,
    "RepetitionTime": 2,
    "SliceTiming": [
      0,
      0.9075,
      1.815,
      0.7425,
      1.65,
      0.5775,
      1.485,
      0.4125,
      1.32,
      0.2475,
      1.155,
      0.0825,
      0.99,
      1.8975,
      0.825,
      1.7325,
      0.66,
      1.5675,
      0.495,
      1.4025,
      0.33,
      1.2375,
      0.165,
      1.0725,
      0,
      0.9075,
      1.815,
      0.7425,
      1.65,
      0.5775,
      1.485,
      0.4125,
      1.32,
      0.2475,
      1.155,
      0.0825,
      0.99,
      1.8975,
      0.825,
      1.7325,
      0.66,
      1.5675,
      0.495,
      1.4025,
      0.33,
      1.2375,
      0.165,
      1.0725,
      0,
      0.9075,
      1.815,
      0.7425,
      1.65,
      0.5775,
      1.485,
      0.4125,
      1.32,
      0.2475,
      1.155,
      0.0825,
      0.99,
      1.8975,
      0.825,
      1.7325,
      0.66,
      1.5675,
      0.495,
      1.4025,
      0.33,
      1.2375,
      0.165,
      1.0725
    ],
    "TaskName": "imtest",
    "VolumeTiming": [
      0,
      2,
      4,
      6,
      8,
      10,
      12,
      14,
      16,
      18,
      20,
      22,
      24,
      26,
      28,
      30,
      32,
      34,
      36,
      38,
      40,
      42,
      44,
      46,
      48,
      50,
      52,
      54,
      56,
      58,
      60,
      62,
      64,
      66,
      68,
      70,
      72,
      74,
      76,
      78,
      80,
      82,
      84,
      86,
      88,
      90,
      92,
      94,
      96,
      98,
      100,
      102,
      104,
      106,
      108,
      110,
      112,
      114,
      116,
      118,
      120,
      122,
      124,
      126,
      128,
      130,
      132,
      134,
      136,
      138,
      140,
      142,
      144,
      146,
      148,
      150,
      152,
      154,
      156,
      158,
      160,
      162,
      164,
      166,
      168,
      170,
      172,
      174,
      176,
      178,
      180,
      182,
      184,
      186,
      188,
      190,
      192,
      194,
      196,
      198,
      200,
      202,
      204,
      206,
      208,
      210,
      212,
      214,
      216,
      218,
      220,
      222,
      224,
      226,
      228,
      230,
      232,
      234,
      236,
      238,
      240,
      242,
      244,
      246,
      248,
      250,
      252,
      254,
      256,
      258,
      260,
      262,
      264
    ],
    "dataset": "ds002813",
    "modality": "bold",
    "run_id": 3,
    "subject_id": "239",
    "task_id": "imtest"
  },
  "dummy_trs": 0,
  "dvars_nstd": 38.91028200484848,
  "dvars_std": 1.2864386705303037,
  "dvars_vstd": 1.0072401056060607,
  "efc": 0.5008274326336736,
  "fber": 4109.16064453125,
  "fd_mean": 0.04689782301436892,
  "fd_num": 0,
  "fd_perc": 0.0,
  "fwhm_avg": 1.9720833333333332,
  "fwhm_x": 1.83403,
  "fwhm_y": 2.139255,
  "fwhm_z": 1.942965,
  "gcor": 0.00492351,
  "gsr_x": -0.021675223484635353,
  "gsr_y": 0.025424735620617867,
  "provenance": {
    "md5sum": "352387fb82802551bb9dc22e0e277885",
    "settings": {
      "fd_thres": 0.2,
      "testing": false
    },
    "software": "mriqc",
    "version": "22.0.6",
    "webapi_port": null,
    "webapi_url": "https://mriqc.nimh.nih.gov/api/v1"
  },
  "size_t": 133,
  "size_x": 104,
  "size_y": 104,
  "size_z": 72,
  "snr": 7.239595876060142,
  "spacing_tr": 2.0,
  "spacing_x": 2.0,
  "spacing_y": 2.0,
  "spacing_z": 2.0,
  "summary_bg_k": 16.141822993247704,
  "summary_bg_mad": 110.63678689256324,
  "summary_bg_mean": 486.6106872558594,
  "summary_bg_median": 138.9495849609375,
  "summary_bg_n": 544590.0,
  "summary_bg_p05": 51.71625747680664,
  "summary_bg_p95": 2284.4703124999996,
  "summary_bg_stdv": 901.029541015625,
  "summary_fg_k": 5.746757527979449,
  "summary_fg_mad": 1012.8460761285096,
  "summary_fg_mean": 8959.8359375,
  "summary_fg_median": 8946.7119140625,
  "summary_fg_n": 138782.0,
  "summary_fg_p05": 7225.6610107421875,
  "summary_fg_p95": 10792.923095703123,
  "summary_fg_stdv": 1235.7982177734375,
  "tsnr": 52.20219802856445
}