{
  "aor": 0.0020064827586206897,
  "aqi": 0.019522905517241375,
  "bids_meta": {
    "AcquisitionDuration": [],
    "DelayTime": [],
    "EchoTime": 0.025,
    "FlipAngle": 90,
    "MagneticFieldStrength": 3,
    "Manufacturer": "Siemens",
    "ManufacturerModelName": "MAGNETOM Skyra",
    "MultibandAccelerationFactor": 3,
    "RepetitionTime": 2,
    "SliceTiming": [
      0,
      0.9075,
      1.815,
      0.7425,
      1.65,
      0.5775,
      1.485,
      0.4125,
      1.32,
      0.2475,
      1.155,
      0.0825,
      0.99,
      1.8975,
      0.825,
      1.7325,
      0.66,
      1.5675,
      0.495,
      1.4025,
      0.33,
      1.2375,
      0.165,
      1.0725,
      0,
      0.9075,
      1.815,
      0.7425,
      1.65,
      0.5775,
      1.485,
      0.4125,
      1.32,
      0.2475,
      1.155,
      0.0825,
      0.99,
      1.8975,
      0.825,
      1.7325,
      0.66,
      1.5675,
      0.495,
      1.4025,
      0.33,
      1.2375,
      0.165,
      1.0725,
      0,
      0.9075,
      1.815,
      0.7425,
      1.65,
      0.5775,
      1.485,
      0.4125,
      1.32,
      0.2475,
      1.155,
      0.0825,
      0.99,
      1.8975,
      0.825,
      1.7325,
      0.66,
      1.5675,
      0.495,
      1.4025,
      0.33,
      1.2375,
      0.165,
      1.0725
    ],
    "TaskName": "train",
    "VolumeTiming": [
      0,
      2,
      4,
      6,
      8,
      10,
      12,
      14,
      16,
      18,
      20,
      22,
      24,
      26,
      28,
      30,
      32,
      34,
      36,
      38,
      40,
      42,
      44,
      46,
      48,
      50,
      52,
      54,
      56,
      58,
      60,
      62,
      64,
      66,
      68,
      70,
      72,
      74,
      76,
      78,
      80,
      82,
      84,
      86,
      88,
      90,
      92,
      94,
      96,
      98,
      100,
      102,
      104,
      106,
      108,
      110,
      112,
      114,
      116,
      118,
      120,
      122,
      124,
      126,
      128,
      130,
      132,
      134,
      136,
      138,
      140,
      142,
      144,
      146,
      148,
      150,
      152,
      154,
      156,
      158,
      160,
      162,
      164,
      166,
      168,
      170,
      172,
      174,
      176,
      178,
      180,
      182,
      184,
      186,
      188,
      190,
      192,
      194,
      196,
      198,
      200,
      202,
      204,
      206,
      208,
      210,
      212,
      214,
      216,
      218,
      220,
      222,
      224,
      226,
      228,
      230,
      232,
      234,
      236,
      238,
      240,
      242,
      244,
      246,
      248,
      250,
      252,
      254,
      256,
      258,
      260,
      262,
      264,
      266,
      268,
      270,
      272,
      274,
      276,
      278,
      280,
      282,
      284,
      286,
      288
    ],
    "dataset": "ds002813",
    "modality": "bold",
    "run_id": 1,
    "subject_id": "209",
    "task_id": "train"
  },
  "dummy_trs": 0,
  "dvars_nstd": 39.445589357013866,
  "dvars_std": 1.197963795763889,
  "dvars_vstd": 1.0434681641666672,
  "efc": 0.5239759731724043,
  "fber": 3733.2744140625,
  "fd_mean": 0.10002909546119376,
  "fd_num": 12,
  "fd_perc": 8.275862068965518,
  "fwhm_avg": 2.015171666666667,
  "fwhm_x": 1.903675,
  "fwhm_y": 2.185365,
  "fwhm_z": 1.956475,
  "gcor": 0.0023475,
  "gsr_x": -0.010783124715089798,
  "gsr_y": 0.03515835478901863,
  "provenance": {
    "md5sum": "9629d47e8c5c64aa65361141175c5f15",
    "settings": {
      "fd_thres": 0.2,
      "testing": false
    },
    "software": "mriqc",
    "version": "22.0.6",
    "webapi_port": null,
    "webapi_url": "https://mriqc.nimh.nih.gov/api/v1"
  },
  "size_t": 145,
  "size_x": 104,
  "size_y": 104,
  "size_z": 72,
  "snr": 6.445519713070144,
  "spacing_tr": 2.0,
  "spacing_x": 2.0,
  "spacing_y": 2.0,
  "spacing_z": 2.0,
  "summary_bg_k": 16.841941257750335,
  "summary_bg_mad": 90.85212584686704,
  "summary_bg_mean": 455.8775634765625,
  "summary_bg_median": 128.3636932373047,
  "summary_bg_n": 523230.0,
  "summary_bg_p05": 52.531081199645996,
  "summary_bg_p95": 2262.649243164062,
  "summary_bg_stdv": 855.46728515625,
  "summary_fg_k": 5.530507570942651,
  "summary_fg_mad": 959.6580835030534,
  "summary_fg_mean": 7896.93017578125,
  "summary_fg_median": 7902.6337890625,
  "summary_fg_n": 155874.0,
  "summary_fg_p05": 6092.198779296875,
  "summary_fg_p95": 9683.946240234376,
  "summary_fg_stdv": 1226.062255859375,
  "tsnr": 42.61306381225586
}