{
  "aor": 0.0007492413793103448,
  "aqi": 0.018662577241379312,
  "bids_meta": {
    "AcquisitionDuration": [],
    "DelayTime": [],
    "EchoTime": 0.025,
    "FlipAngle": 90,
    "MagneticFieldStrength": 3,
    "Manufacturer": "Siemens",
    "ManufacturerModelName": "MAGNETOM Skyra",
    "MultibandAccelerationFactor": 3,
    "RepetitionTime": 2,
    "SliceTiming": [
      0,
      0.9075,
      1.815,
      0.7425,
      1.65,
      0.5775,
      1.485,
      0.4125,
      1.32,
      0.2475,
      1.155,
      0.0825,
      0.99,
      1.8975,
      0.825,
      1.7325,
      0.66,
      1.5675,
      0.495,
      1.4025,
      0.33,
      1.2375,
      0.165,
      1.0725,
      0,
      0.9075,
      1.815,
      0.7425,
      1.65,
      0.5775,
      1.485,
      0.4125,
      1.32,
      0.2475,
      1.155,
      0.0825,
      0.99,
      1.8975,
      0.825,
      1.7325,
      0.66,
      1.5675,
      0.495,
      1.4025,
      0.33,
      1.2375,
      0.165,
      1.0725,
      0,
      0.9075,
      1.815,
      0.7425,
      1.65,
      0.5775,
      1.485,
      0.4125,
      1.32,
      0.2475,
      1.155,
      0.0825,
      0.99,
      1.8975,
      0.825,
      1.7325,
      0.66,
      1.5675,
      0.495,
      1.4025,
      0.33,
      1.2375,
      0.165,
      1.0725
    ],
    "TaskName": "train",
    "VolumeTiming": [
      0,
      2,
      4,
      6,
      8,
      10,
      12,
      14,
      16,
      18,
      20,
      22,
      24,
      26,
      28,
      30,
      32,
      34,
      36,
      38,
      40,
      42,
      44,
      46,
      48,
      50,
      52,
      54,
      56,
      58,
      60,
      62,
      64,
      66,
      68,
      70,
      72,
      74,
      76,
      78,
      80,
      82,
      84,
      86,
      88,
      90,
      92,
      94,
      96,
      98,
      100,
      102,
      104,
      106,
      108,
      110,
      112,
      114,
      116,
      118,
      120,
      122,
      124,
      126,
      128,
      130,
      132,
      134,
      136,
      138,
      140,
      142,
      144,
      146,
      148,
      150,
      152,
      154,
      156,
      158,
      160,
      162,
      164,
      166,
      168,
      170,
      172,
      174,
      176,
      178,
      180,
      182,
      184,
      186,
      188,
      190,
      192,
      194,
      196,
      198,
      200,
      202,
      204,
      206,
      208,
      210,
      212,
      214,
      216,
      218,
      220,
      222,
      224,
      226,
      228,
      230,
      232,
      234,
      236,
      238,
      240,
      242,
      244,
      246,
      248,
      250,
      252,
      254,
      256,
      258,
      260,
      262,
      264,
      266,
      268,
      270,
      272,
      274,
      276,
      278,
      280,
      282,
      284,
      286,
      288
    ],
    "dataset": "ds002813",
    "modality": "bold",
    "run_id": 6,
    "subject_id": "239",
    "task_id": "train"
  },
  "dummy_trs": 0,
  "dvars_nstd": 38.69185235784724,
  "dvars_std": 1.2884316742361106,
  "dvars_vstd": 1.0092771027083332,
  "efc": 0.5008064266244944,
  "fber": 4129.8310546875,
  "fd_mean": 0.044653392806403715,
  "fd_num": 0,
  "fd_perc": 0.0,
  "fwhm_avg": 1.986675,
  "fwhm_x": 1.849285,
  "fwhm_y": 2.151785,
  "fwhm_z": 1.958955,
  "gcor": 0.00690275,
  "gsr_x": -0.021573320031166077,
  "gsr_y": 0.02614186704158783,
  "provenance": {
    "md5sum": "7d99315f26078f6c66113c8519dc7b2c",
    "settings": {
      "fd_thres": 0.2,
      "testing": false
    },
    "software": "mriqc",
    "version": "22.0.6",
    "webapi_port": null,
    "webapi_url": "https://mriqc.nimh.nih.gov/api/v1"
  },
  "size_t": 145,
  "size_x": 104,
  "size_y": 104,
  "size_z": 72,
  "snr": 7.156460227303833,
  "spacing_tr": 2.0,
  "spacing_x": 2.0,
  "spacing_y": 2.0,
  "spacing_z": 2.0,
  "summary_bg_k": 15.99661789245669,
  "summary_bg_mad": 110.37390529421135,
  "summary_bg_mean": 486.21234130859375,
  "summary_bg_median": 138.72206115722656,
  "summary_bg_n": 544411.0,
  "summary_bg_p05": 51.528398513793945,
  "summary_bg_p95": 2282.9840087890625,
  "summary_bg_stdv": 900.078125,
  "summary_fg_k": 5.838134668836572,
  "summary_fg_mad": 1017.4589381091334,
  "summary_fg_mean": 8971.46875,
  "summary_fg_median": 8959.328125,
  "summary_fg_n": 139054.0,
  "summary_fg_p05": 7227.706298828125,
  "summary_fg_p95": 10821.379736328126,
  "summary_fg_stdv": 1251.917236328125,
  "tsnr": 51.97883605957031
}