{
  "aor": 0.0017788721804511275,
  "aqi": 0.025816178947368422,
  "bids_meta": {
    "AcquisitionDuration": [],
    "DelayTime": [],
    "EchoTime": 0.025,
    "FlipAngle": 90,
    "MagneticFieldStrength": 3,
    "Manufacturer": "Siemens",
    "ManufacturerModelName": "MAGNETOM Skyra",
    "MultibandAccelerationFactor": 3,
    "RepetitionTime": 2,
    "SliceTiming": [
      0,
      0.9075,
      1.815,
      0.7425,
      1.65,
      0.5775,
      1.485,
      0.4125,
      1.32,
      0.2475,
      1.155,
      0.0825,
      0.99,
      1.8975,
      0.825,
      1.7325,
      0.66,
      1.5675,
      0.495,
      1.4025,
      0.33,
      1.2375,
      0.165,
      1.0725,
      0,
      0.9075,
      1.815,
      0.7425,
      1.65,
      0.5775,
      1.485,
      0.4125,
      1.32,
      0.2475,
      1.155,
      0.0825,
      0.99,
      1.8975,
      0.825,
      1.7325,
      0.66,
      1.5675,
      0.495,
      1.4025,
      0.33,
      1.2375,
      0.165,
      1.0725,
      0,
      0.9075,
      1.815,
      0.7425,
      1.65,
      0.5775,
      1.485,
      0.4125,
      1.32,
      0.2475,
      1.155,
      0.0825,
      0.99,
      1.8975,
      0.825,
      1.7325,
      0.66,
      1.5675,
      0.495,
      1.4025,
      0.33,
      1.2375,
      0.165,
      1.0725
    ],
    "TaskName": "imtest",
    "VolumeTiming": [
      0,
      2,
      4,
      6,
      8,
      10,
      12,
      14,
      16,
      18,
      20,
      22,
      24,
      26,
      28,
      30,
      32,
      34,
      36,
      38,
      40,
      42,
      44,
      46,
      48,
      50,
      52,
      54,
      56,
      58,
      60,
      62,
      64,
      66,
      68,
      70,
      72,
      74,
      76,
      78,
      80,
      82,
      84,
      86,
      88,
      90,
      92,
      94,
      96,
      98,
      100,
      102,
      104,
      106,
      108,
      110,
      112,
      114,
      116,
      118,
      120,
      122,
      124,
      126,
      128,
      130,
      132,
      134,
      136,
      138,
      140,
      142,
      144,
      146,
      148,
      150,
      152,
      154,
      156,
      158,
      160,
      162,
      164,
      166,
      168,
      170,
      172,
      174,
      176,
      178,
      180,
      182,
      184,
      186,
      188,
      190,
      192,
      194,
      196,
      198,
      200,
      202,
      204,
      206,
      208,
      210,
      212,
      214,
      216,
      218,
      220,
      222,
      224,
      226,
      228,
      230,
      232,
      234,
      236,
      238,
      240,
      242,
      244,
      246,
      248,
      250,
      252,
      254,
      256,
      258,
      260,
      262,
      264
    ],
    "dataset": "ds002813",
    "modality": "bold",
    "run_id": 1,
    "subject_id": "217",
    "task_id": "imtest"
  },
  "dummy_trs": 0,
  "dvars_nstd": 45.932905139242436,
  "dvars_std": 1.1543603178787882,
  "dvars_vstd": 0.9957576217424241,
  "efc": 0.580805263310474,
  "fber": 2058.66259765625,
  "fd_mean": 0.1781047821194655,
  "fd_num": 27,
  "fd_perc": 20.30075187969925,
  "fwhm_avg": 1.9501983750491367,
  "fwhm_x": 1.832095,
  "fwhm_y": 2.09962512514741,
  "fwhm_z": 1.918875,
  "gcor": 0.0137334,
  "gsr_x": -0.023256678134202957,
  "gsr_y": 0.04736205190420151,
  "provenance": {
    "md5sum": "3c0d09b2dd724ea0bed855ae98731373",
    "settings": {
      "fd_thres": 0.2,
      "testing": false
    },
    "software": "mriqc",
    "version": "22.0.6",
    "webapi_port": null,
    "webapi_url": "https://mriqc.nimh.nih.gov/api/v1"
  },
  "size_t": 133,
  "size_x": 104,
  "size_y": 104,
  "size_z": 72,
  "snr": 6.286220105168316,
  "spacing_tr": 2.0,
  "spacing_x": 2.0,
  "spacing_y": 1.9999998807907104,
  "spacing_z": 2.0,
  "summary_bg_k": 7.94740617162576,
  "summary_bg_mad": 159.5657650708154,
  "summary_bg_mean": 692.9667358398438,
  "summary_bg_median": 176.28952026367188,
  "summary_bg_n": 492361.0,
  "summary_bg_p05": 56.99474334716797,
  "summary_bg_p95": 3531.420166015625,
  "summary_bg_stdv": 1166.4644775390625,
  "summary_fg_k": 2.884577032741907,
  "summary_fg_mad": 1139.1452526174555,
  "summary_fg_mean": 8184.35986328125,
  "summary_fg_median": 8105.09521484375,
  "summary_fg_n": 184761.0,
  "summary_fg_p05": 6362.361328125,
  "summary_fg_p95": 10235.90234375,
  "summary_fg_stdv": 1289.3397216796875,
  "tsnr": 32.63557815551758
}