{
  "aor": 0.0018163448275862071,
  "aqi": 0.019590043448275862,
  "bids_meta": {
    "AcquisitionDuration": [],
    "DelayTime": [],
    "EchoTime": 0.025,
    "FlipAngle": 90,
    "MagneticFieldStrength": 3,
    "Manufacturer": "Siemens",
    "ManufacturerModelName": "MAGNETOM Skyra",
    "MultibandAccelerationFactor": 3,
    "RepetitionTime": 2,
    "SliceTiming": [
      0,
      0.9075,
      1.815,
      0.7425,
      1.65,
      0.5775,
      1.485,
      0.4125,
      1.32,
      0.2475,
      1.155,
      0.0825,
      0.99,
      1.8975,
      0.825,
      1.7325,
      0.66,
      1.5675,
      0.495,
      1.4025,
      0.33,
      1.2375,
      0.165,
      1.0725,
      0,
      0.9075,
      1.815,
      0.7425,
      1.65,
      0.5775,
      1.485,
      0.4125,
      1.32,
      0.2475,
      1.155,
      0.0825,
      0.99,
      1.8975,
      0.825,
      1.7325,
      0.66,
      1.5675,
      0.495,
      1.4025,
      0.33,
      1.2375,
      0.165,
      1.0725,
      0,
      0.9075,
      1.815,
      0.7425,
      1.65,
      0.5775,
      1.485,
      0.4125,
      1.32,
      0.2475,
      1.155,
      0.0825,
      0.99,
      1.8975,
      0.825,
      1.7325,
      0.66,
      1.5675,
      0.495,
      1.4025,
      0.33,
      1.2375,
      0.165,
      1.0725
    ],
    "TaskName": "train",
    "VolumeTiming": [
      0,
      2,
      4,
      6,
      8,
      10,
      12,
      14,
      16,
      18,
      20,
      22,
      24,
      26,
      28,
      30,
      32,
      34,
      36,
      38,
      40,
      42,
      44,
      46,
      48,
      50,
      52,
      54,
      56,
      58,
      60,
      62,
      64,
      66,
      68,
      70,
      72,
      74,
      76,
      78,
      80,
      82,
      84,
      86,
      88,
      90,
      92,
      94,
      96,
      98,
      100,
      102,
      104,
      106,
      108,
      110,
      112,
      114,
      116,
      118,
      120,
      122,
      124,
      126,
      128,
      130,
      132,
      134,
      136,
      138,
      140,
      142,
      144,
      146,
      148,
      150,
      152,
      154,
      156,
      158,
      160,
      162,
      164,
      166,
      168,
      170,
      172,
      174,
      176,
      178,
      180,
      182,
      184,
      186,
      188,
      190,
      192,
      194,
      196,
      198,
      200,
      202,
      204,
      206,
      208,
      210,
      212,
      214,
      216,
      218,
      220,
      222,
      224,
      226,
      228,
      230,
      232,
      234,
      236,
      238,
      240,
      242,
      244,
      246,
      248,
      250,
      252,
      254,
      256,
      258,
      260,
      262,
      264,
      266,
      268,
      270,
      272,
      274,
      276,
      278,
      280,
      282,
      284,
      286,
      288
    ],
    "dataset": "ds002813",
    "modality": "bold",
    "run_id": 6,
    "subject_id": "217",
    "task_id": "train"
  },
  "dummy_trs": 0,
  "dvars_nstd": 45.59180021256945,
  "dvars_std": 1.2400714927083332,
  "dvars_vstd": 1.0236727225694446,
  "efc": 0.576398528891619,
  "fber": 2177.668701171875,
  "fd_mean": 0.1277812251735378,
  "fd_num": 19,
  "fd_perc": 13.10344827586207,
  "fwhm_avg": 1.940413333333333,
  "fwhm_x": 1.828395,
  "fwhm_y": 2.114375,
  "fwhm_z": 1.87847,
  "gcor": 0.014051,
  "gsr_x": -0.020889578387141228,
  "gsr_y": 0.057451505213975906,
  "provenance": {
    "md5sum": "113ce1f42945efee6f4e5fd5a83bd488",
    "settings": {
      "fd_thres": 0.2,
      "testing": false
    },
    "software": "mriqc",
    "version": "22.0.6",
    "webapi_port": null,
    "webapi_url": "https://mriqc.nimh.nih.gov/api/v1"
  },
  "size_t": 145,
  "size_x": 104,
  "size_y": 104,
  "size_z": 72,
  "snr": 6.182272295243006,
  "spacing_tr": 2.0,
  "spacing_x": 2.0,
  "spacing_y": 2.0,
  "spacing_z": 2.0,
  "summary_bg_k": 8.662746483096914,
  "summary_bg_mad": 149.59969015432452,
  "summary_bg_mean": 681.4019775390625,
  "summary_bg_median": 171.79310607910156,
  "summary_bg_n": 494534.0,
  "summary_bg_p05": 59.42758560180664,
  "summary_bg_p95": 3478.3024536132793,
  "summary_bg_stdv": 1163.58740234375,
  "summary_fg_k": 2.9474804678666473,
  "summary_fg_mad": 1149.0782531253244,
  "summary_fg_mean": 8240.3447265625,
  "summary_fg_median": 8143.15185546875,
  "summary_fg_n": 182371.0,
  "summary_fg_p05": 6413.689453125,
  "summary_fg_p95": 10360.85546875,
  "summary_fg_stdv": 1317.1741943359375,
  "tsnr": 38.19082281040028
}