{
  "aor": 0.0009241353383458646,
  "aqi": 0.028439575187969926,
  "bids_meta": {
    "AcquisitionDuration": [],
    "DelayTime": [],
    "EchoTime": 0.025,
    "FlipAngle": 90,
    "MagneticFieldStrength": 3,
    "Manufacturer": "Siemens",
    "ManufacturerModelName": "MAGNETOM Skyra",
    "MultibandAccelerationFactor": 3,
    "RepetitionTime": 2,
    "SliceTiming": [
      0,
      0.9075,
      1.815,
      0.7425,
      1.65,
      0.5775,
      1.485,
      0.4125,
      1.32,
      0.2475,
      1.155,
      0.0825,
      0.99,
      1.8975,
      0.825,
      1.7325,
      0.66,
      1.5675,
      0.495,
      1.4025,
      0.33,
      1.2375,
      0.165,
      1.0725,
      0,
      0.9075,
      1.815,
      0.7425,
      1.65,
      0.5775,
      1.485,
      0.4125,
      1.32,
      0.2475,
      1.155,
      0.0825,
      0.99,
      1.8975,
      0.825,
      1.7325,
      0.66,
      1.5675,
      0.495,
      1.4025,
      0.33,
      1.2375,
      0.165,
      1.0725,
      0,
      0.9075,
      1.815,
      0.7425,
      1.65,
      0.5775,
      1.485,
      0.4125,
      1.32,
      0.2475,
      1.155,
      0.0825,
      0.99,
      1.8975,
      0.825,
      1.7325,
      0.66,
      1.5675,
      0.495,
      1.4025,
      0.33,
      1.2375,
      0.165,
      1.0725
    ],
    "TaskName": "imtest",
    "VolumeTiming": [
      0,
      2,
      4,
      6,
      8,
      10,
      12,
      14,
      16,
      18,
      20,
      22,
      24,
      26,
      28,
      30,
      32,
      34,
      36,
      38,
      40,
      42,
      44,
      46,
      48,
      50,
      52,
      54,
      56,
      58,
      60,
      62,
      64,
      66,
      68,
      70,
      72,
      74,
      76,
      78,
      80,
      82,
      84,
      86,
      88,
      90,
      92,
      94,
      96,
      98,
      100,
      102,
      104,
      106,
      108,
      110,
      112,
      114,
      116,
      118,
      120,
      122,
      124,
      126,
      128,
      130,
      132,
      134,
      136,
      138,
      140,
      142,
      144,
      146,
      148,
      150,
      152,
      154,
      156,
      158,
      160,
      162,
      164,
      166,
      168,
      170,
      172,
      174,
      176,
      178,
      180,
      182,
      184,
      186,
      188,
      190,
      192,
      194,
      196,
      198,
      200,
      202,
      204,
      206,
      208,
      210,
      212,
      214,
      216,
      218,
      220,
      222,
      224,
      226,
      228,
      230,
      232,
      234,
      236,
      238,
      240,
      242,
      244,
      246,
      248,
      250,
      252,
      254,
      256,
      258,
      260,
      262,
      264
    ],
    "dataset": "ds002813",
    "modality": "bold",
    "run_id": 2,
    "subject_id": "217",
    "task_id": "imtest"
  },
  "dummy_trs": 0,
  "dvars_nstd": 43.502728982424195,
  "dvars_std": 1.1629416792424245,
  "dvars_vstd": 0.9760774053030306,
  "efc": 0.5754632516285534,
  "fber": 2224.581298828125,
  "fd_mean": 0.10104340636109717,
  "fd_num": 11,
  "fd_perc": 8.270676691729323,
  "fwhm_avg": 1.9753533333333333,
  "fwhm_x": 1.85495,
  "fwhm_y": 2.156165,
  "fwhm_z": 1.914945,
  "gcor": 0.00739438,
  "gsr_x": -0.020762046799063683,
  "gsr_y": 0.052753668278455734,
  "provenance": {
    "md5sum": "1afcac7a1736a564cdbfba371d16e137",
    "settings": {
      "fd_thres": 0.2,
      "testing": false
    },
    "software": "mriqc",
    "version": "22.0.6",
    "webapi_port": null,
    "webapi_url": "https://mriqc.nimh.nih.gov/api/v1"
  },
  "size_t": 133,
  "size_x": 104,
  "size_y": 104,
  "size_z": 72,
  "snr": 6.193073187874281,
  "spacing_tr": 2.0,
  "spacing_x": 2.0,
  "spacing_y": 2.0,
  "spacing_z": 2.0,
  "summary_bg_k": 8.498832128534755,
  "summary_bg_mad": 150.98287685389056,
  "summary_bg_mean": 679.0759887695312,
  "summary_bg_median": 171.4991912841797,
  "summary_bg_n": 495127.0,
  "summary_bg_p05": 57.89106216430664,
  "summary_bg_p95": 3416.6202148437446,
  "summary_bg_stdv": 1148.2528076171875,
  "summary_fg_k": 3.15837389854659,
  "summary_fg_mad": 1142.5440892463052,
  "summary_fg_mean": 8250.2587890625,
  "summary_fg_median": 8155.06298828125,
  "summary_fg_n": 182032.0,
  "summary_fg_p05": 6439.114794921875,
  "summary_fg_p95": 10377.149804687499,
  "summary_fg_stdv": 1316.80029296875,
  "tsnr": 31.93781852722168
}