{
  "aor": 0.0024532575757575752,
  "aqi": 0.02889253409090909,
  "bids_meta": {
    "AcquisitionDuration": [],
    "DelayTime": [],
    "EchoTime": 0.025,
    "FlipAngle": 90,
    "MagneticFieldStrength": 3,
    "Manufacturer": "Siemens",
    "ManufacturerModelName": "MAGNETOM Skyra",
    "MultibandAccelerationFactor": 3,
    "RepetitionTime": 2,
    "SliceTiming": [
      0,
      0.9075,
      1.815,
      0.7425,
      1.65,
      0.5775,
      1.485,
      0.4125,
      1.32,
      0.2475,
      1.155,
      0.0825,
      0.99,
      1.8975,
      0.825,
      1.7325,
      0.66,
      1.5675,
      0.495,
      1.4025,
      0.33,
      1.2375,
      0.165,
      1.0725,
      0,
      0.9075,
      1.815,
      0.7425,
      1.65,
      0.5775,
      1.485,
      0.4125,
      1.32,
      0.2475,
      1.155,
      0.0825,
      0.99,
      1.8975,
      0.825,
      1.7325,
      0.66,
      1.5675,
      0.495,
      1.4025,
      0.33,
      1.2375,
      0.165,
      1.0725,
      0,
      0.9075,
      1.815,
      0.7425,
      1.65,
      0.5775,
      1.485,
      0.4125,
      1.32,
      0.2475,
      1.155,
      0.0825,
      0.99,
      1.8975,
      0.825,
      1.7325,
      0.66,
      1.5675,
      0.495,
      1.4025,
      0.33,
      1.2375,
      0.165,
      1.0725
    ],
    "TaskName": "imtest",
    "VolumeTiming": [
      0,
      2,
      4,
      6,
      8,
      10,
      12,
      14,
      16,
      18,
      20,
      22,
      24,
      26,
      28,
      30,
      32,
      34,
      36,
      38,
      40,
      42,
      44,
      46,
      48,
      50,
      52,
      54,
      56,
      58,
      60,
      62,
      64,
      66,
      68,
      70,
      72,
      74,
      76,
      78,
      80,
      82,
      84,
      86,
      88,
      90,
      92,
      94,
      96,
      98,
      100,
      102,
      104,
      106,
      108,
      110,
      112,
      114,
      116,
      118,
      120,
      122,
      124,
      126,
      128,
      130,
      132,
      134,
      136,
      138,
      140,
      142,
      144,
      146,
      148,
      150,
      152,
      154,
      156,
      158,
      160,
      162,
      164,
      166,
      168,
      170,
      172,
      174,
      176,
      178,
      180,
      182,
      184,
      186,
      188,
      190,
      192,
      194,
      196,
      198,
      200,
      202,
      204,
      206,
      208,
      210,
      212,
      214,
      216,
      218,
      220,
      222,
      224,
      226,
      228,
      230,
      232,
      234,
      236,
      238,
      240,
      242,
      244,
      246,
      248,
      250,
      252,
      254,
      256,
      258,
      260,
      262,
      264
    ],
    "dataset": "ds002813",
    "modality": "bold",
    "run_id": 2,
    "subject_id": "234",
    "task_id": "imtest"
  },
  "dummy_trs": 1,
  "dvars_nstd": 47.937036732213755,
  "dvars_std": 1.2252835676335878,
  "dvars_vstd": 1.0054644823664118,
  "efc": 0.5469319518289312,
  "fber": 3297.246337890625,
  "fd_mean": 0.11916113855125655,
  "fd_num": 9,
  "fd_perc": 6.818181818181818,
  "fwhm_avg": 1.9760299999999997,
  "fwhm_x": 1.79191,
  "fwhm_y": 2.151205,
  "fwhm_z": 1.984975,
  "gcor": 0.00731551,
  "gsr_x": -8.225452620536089e-05,
  "gsr_y": 0.034259844571352005,
  "provenance": {
    "md5sum": "b246b85a0065b92864c04aeb32972d3e",
    "settings": {
      "fd_thres": 0.2,
      "testing": false
    },
    "software": "mriqc",
    "version": "22.0.6",
    "webapi_port": null,
    "webapi_url": "https://mriqc.nimh.nih.gov/api/v1"
  },
  "size_t": 132,
  "size_x": 104,
  "size_y": 104,
  "size_z": 72,
  "snr": 6.721222242357059,
  "spacing_tr": 2.0,
  "spacing_x": 2.0,
  "spacing_y": 2.0,
  "spacing_z": 2.0,
  "summary_bg_k": 8.988771059055123,
  "summary_bg_mad": 94.14524653078435,
  "summary_bg_mean": 516.5629272460938,
  "summary_bg_median": 126.40151977539062,
  "summary_bg_n": 516556.0,
  "summary_bg_p05": 53.340911865234375,
  "summary_bg_p95": 2592.9508056640625,
  "summary_bg_stdv": 901.5228881835938,
  "summary_fg_k": 7.112899878871945,
  "summary_fg_mad": 894.8347763478455,
  "summary_fg_mean": 7267.76806640625,
  "summary_fg_median": 7331.4697265625,
  "summary_fg_n": 162694.0,
  "summary_fg_p05": 5682.517407226563,
  "summary_fg_p95": 8691.7986328125,
  "summary_fg_stdv": 1090.790771484375,
  "tsnr": 35.30571935977787
}