{
  "aor": 0.0007919580419580421,
  "aqi": 0.026194046153846153,
  "bids_meta": {
    "AcquisitionDuration": [],
    "DelayTime": [],
    "EchoTime": 0.025,
    "FlipAngle": 90,
    "MagneticFieldStrength": 3,
    "Manufacturer": "Siemens",
    "ManufacturerModelName": "MAGNETOM Skyra",
    "MultibandAccelerationFactor": 3,
    "RepetitionTime": 2,
    "SliceTiming": [
      0,
      0.9075,
      1.815,
      0.7425,
      1.65,
      0.5775,
      1.485,
      0.4125,
      1.32,
      0.2475,
      1.155,
      0.0825,
      0.99,
      1.8975,
      0.825,
      1.7325,
      0.66,
      1.5675,
      0.495,
      1.4025,
      0.33,
      1.2375,
      0.165,
      1.0725,
      0,
      0.9075,
      1.815,
      0.7425,
      1.65,
      0.5775,
      1.485,
      0.4125,
      1.32,
      0.2475,
      1.155,
      0.0825,
      0.99,
      1.8975,
      0.825,
      1.7325,
      0.66,
      1.5675,
      0.495,
      1.4025,
      0.33,
      1.2375,
      0.165,
      1.0725,
      0,
      0.9075,
      1.815,
      0.7425,
      1.65,
      0.5775,
      1.485,
      0.4125,
      1.32,
      0.2475,
      1.155,
      0.0825,
      0.99,
      1.8975,
      0.825,
      1.7325,
      0.66,
      1.5675,
      0.495,
      1.4025,
      0.33,
      1.2375,
      0.165,
      1.0725
    ],
    "TaskName": "train",
    "VolumeTiming": [
      0,
      2,
      4,
      6,
      8,
      10,
      12,
      14,
      16,
      18,
      20,
      22,
      24,
      26,
      28,
      30,
      32,
      34,
      36,
      38,
      40,
      42,
      44,
      46,
      48,
      50,
      52,
      54,
      56,
      58,
      60,
      62,
      64,
      66,
      68,
      70,
      72,
      74,
      76,
      78,
      80,
      82,
      84,
      86,
      88,
      90,
      92,
      94,
      96,
      98,
      100,
      102,
      104,
      106,
      108,
      110,
      112,
      114,
      116,
      118,
      120,
      122,
      124,
      126,
      128,
      130,
      132,
      134,
      136,
      138,
      140,
      142,
      144,
      146,
      148,
      150,
      152,
      154,
      156,
      158,
      160,
      162,
      164,
      166,
      168,
      170,
      172,
      174,
      176,
      178,
      180,
      182,
      184,
      186,
      188,
      190,
      192,
      194,
      196,
      198,
      200,
      202,
      204,
      206,
      208,
      210,
      212,
      214,
      216,
      218,
      220,
      222,
      224,
      226,
      228,
      230,
      232,
      234,
      236,
      238,
      240,
      242,
      244,
      246,
      248,
      250,
      252,
      254,
      256,
      258,
      260,
      262,
      264,
      266,
      268,
      270,
      272,
      274,
      276,
      278,
      280,
      282,
      284,
      286,
      288
    ],
    "dataset": "ds002813",
    "modality": "bold",
    "run_id": 6,
    "subject_id": "234",
    "task_id": "train"
  },
  "dummy_trs": 2,
  "dvars_nstd": 46.80081136500001,
  "dvars_std": 1.2315891667605638,
  "dvars_vstd": 1.0072077776760564,
  "efc": 0.5459673069413821,
  "fber": 3404.148193359375,
  "fd_mean": 0.09843073538627622,
  "fd_num": 9,
  "fd_perc": 6.293706293706293,
  "fwhm_avg": 1.8386283333333333,
  "fwhm_x": 1.7031,
  "fwhm_y": 1.99205,
  "fwhm_z": 1.820735,
  "gcor": 0.0040411,
  "gsr_x": 0.0038760907482355833,
  "gsr_y": 0.03285552188754082,
  "provenance": {
    "md5sum": "cdd4ac465965ac4f625736bd1c84c9cc",
    "settings": {
      "fd_thres": 0.2,
      "testing": false
    },
    "software": "mriqc",
    "version": "22.0.6",
    "webapi_port": null,
    "webapi_url": "https://mriqc.nimh.nih.gov/api/v1"
  },
  "size_t": 143,
  "size_x": 104,
  "size_y": 104,
  "size_z": 72,
  "snr": 7.236793379771461,
  "spacing_tr": 2.0,
  "spacing_x": 2.0,
  "spacing_y": 2.0,
  "spacing_z": 2.0,
  "summary_bg_k": 8.885919035205887,
  "summary_bg_mad": 92.67110520750765,
  "summary_bg_mean": 529.2357177734375,
  "summary_bg_median": 125.23040008544922,
  "summary_bg_n": 519710.0,
  "summary_bg_p05": 53.440280532836915,
  "summary_bg_p95": 2675.6612915039063,
  "summary_bg_stdv": 932.232666015625,
  "summary_fg_k": 5.409196323748706,
  "summary_fg_mad": 883.3684987409558,
  "summary_fg_mean": 7310.51220703125,
  "summary_fg_median": 7348.71484375,
  "summary_fg_n": 161076.0,
  "summary_fg_p05": 5836.9158935546875,
  "summary_fg_p95": 8708.44482421875,
  "summary_fg_stdv": 1015.4624633789062,
  "tsnr": 37.56878662109375
}