{
  "aor": 0.0011504827586206897,
  "aqi": 0.02637326413793103,
  "bids_meta": {
    "AcquisitionDuration": [],
    "DelayTime": [],
    "EchoTime": 0.025,
    "FlipAngle": 90,
    "MagneticFieldStrength": 3,
    "Manufacturer": "Siemens",
    "ManufacturerModelName": "MAGNETOM Skyra",
    "MultibandAccelerationFactor": 3,
    "RepetitionTime": 2,
    "SliceTiming": [
      0,
      0.9075,
      1.815,
      0.7425,
      1.65,
      0.5775,
      1.485,
      0.4125,
      1.32,
      0.2475,
      1.155,
      0.0825,
      0.99,
      1.8975,
      0.825,
      1.7325,
      0.66,
      1.5675,
      0.495,
      1.4025,
      0.33,
      1.2375,
      0.165,
      1.0725,
      0,
      0.9075,
      1.815,
      0.7425,
      1.65,
      0.5775,
      1.485,
      0.4125,
      1.32,
      0.2475,
      1.155,
      0.0825,
      0.99,
      1.8975,
      0.825,
      1.7325,
      0.66,
      1.5675,
      0.495,
      1.4025,
      0.33,
      1.2375,
      0.165,
      1.0725,
      0,
      0.9075,
      1.815,
      0.7425,
      1.65,
      0.5775,
      1.485,
      0.4125,
      1.32,
      0.2475,
      1.155,
      0.0825,
      0.99,
      1.8975,
      0.825,
      1.7325,
      0.66,
      1.5675,
      0.495,
      1.4025,
      0.33,
      1.2375,
      0.165,
      1.0725
    ],
    "TaskName": "train",
    "VolumeTiming": [
      0,
      2,
      4,
      6,
      8,
      10,
      12,
      14,
      16,
      18,
      20,
      22,
      24,
      26,
      28,
      30,
      32,
      34,
      36,
      38,
      40,
      42,
      44,
      46,
      48,
      50,
      52,
      54,
      56,
      58,
      60,
      62,
      64,
      66,
      68,
      70,
      72,
      74,
      76,
      78,
      80,
      82,
      84,
      86,
      88,
      90,
      92,
      94,
      96,
      98,
      100,
      102,
      104,
      106,
      108,
      110,
      112,
      114,
      116,
      118,
      120,
      122,
      124,
      126,
      128,
      130,
      132,
      134,
      136,
      138,
      140,
      142,
      144,
      146,
      148,
      150,
      152,
      154,
      156,
      158,
      160,
      162,
      164,
      166,
      168,
      170,
      172,
      174,
      176,
      178,
      180,
      182,
      184,
      186,
      188,
      190,
      192,
      194,
      196,
      198,
      200,
      202,
      204,
      206,
      208,
      210,
      212,
      214,
      216,
      218,
      220,
      222,
      224,
      226,
      228,
      230,
      232,
      234,
      236,
      238,
      240,
      242,
      244,
      246,
      248,
      250,
      252,
      254,
      256,
      258,
      260,
      262,
      264,
      266,
      268,
      270,
      272,
      274,
      276,
      278,
      280,
      282,
      284,
      286,
      288
    ],
    "dataset": "ds002813",
    "modality": "bold",
    "run_id": 4,
    "subject_id": "223",
    "task_id": "train"
  },
  "dummy_trs": 0,
  "dvars_nstd": 42.611036989583354,
  "dvars_std": 1.19351145625,
  "dvars_vstd": 0.9988497853472224,
  "efc": 0.5322388806277828,
  "fber": 3205.8037109375,
  "fd_mean": 0.155794583472984,
  "fd_num": 29,
  "fd_perc": 20.0,
  "fwhm_avg": 1.89077,
  "fwhm_x": 1.788755,
  "fwhm_y": 1.999775,
  "fwhm_z": 1.88378,
  "gcor": 0.00401948,
  "gsr_x": -0.015224595554172993,
  "gsr_y": 0.03939949721097946,
  "provenance": {
    "md5sum": "53050a6398c8763b6c956d35f4a52ca9",
    "settings": {
      "fd_thres": 0.2,
      "testing": false
    },
    "software": "mriqc",
    "version": "22.0.6",
    "webapi_port": null,
    "webapi_url": "https://mriqc.nimh.nih.gov/api/v1"
  },
  "size_t": 145,
  "size_x": 104,
  "size_y": 104,
  "size_z": 72,
  "snr": 6.908990160728849,
  "spacing_tr": 2.0,
  "spacing_x": 2.0,
  "spacing_y": 2.0,
  "spacing_z": 2.0,
  "summary_bg_k": 13.012263514157734,
  "summary_bg_mad": 103.18911214571844,
  "summary_bg_mean": 505.7464294433594,
  "summary_bg_median": 136.45516967773438,
  "summary_bg_n": 525831.0,
  "summary_bg_p05": 53.041378021240234,
  "summary_bg_p95": 2421.5689697265625,
  "summary_bg_stdv": 907.8873901367188,
  "summary_fg_k": 5.097650764729286,
  "summary_fg_mad": 917.8835218233781,
  "summary_fg_mean": 7770.98486328125,
  "summary_fg_median": 7727.14501953125,
  "summary_fg_n": 155587.0,
  "summary_fg_p05": 6237.484228515625,
  "summary_fg_p95": 9464.036914062499,
  "summary_fg_stdv": 1118.415283203125,
  "tsnr": 37.970908131450415
}