{
  "aor": 0.0012351724137931034,
  "aqi": 0.01444612896551724,
  "bids_meta": {
    "AcquisitionDuration": [],
    "DelayTime": [],
    "EchoTime": 0.025,
    "FlipAngle": 90,
    "MagneticFieldStrength": 3,
    "Manufacturer": "Siemens",
    "ManufacturerModelName": "MAGNETOM Skyra",
    "MultibandAccelerationFactor": 3,
    "RepetitionTime": 2,
    "SliceTiming": [
      0,
      0.9075,
      1.815,
      0.7425,
      1.65,
      0.5775,
      1.485,
      0.4125,
      1.32,
      0.2475,
      1.155,
      0.0825,
      0.99,
      1.8975,
      0.825,
      1.7325,
      0.66,
      1.5675,
      0.495,
      1.4025,
      0.33,
      1.2375,
      0.165,
      1.0725,
      0,
      0.9075,
      1.815,
      0.7425,
      1.65,
      0.5775,
      1.485,
      0.4125,
      1.32,
      0.2475,
      1.155,
      0.0825,
      0.99,
      1.8975,
      0.825,
      1.7325,
      0.66,
      1.5675,
      0.495,
      1.4025,
      0.33,
      1.2375,
      0.165,
      1.0725,
      0,
      0.9075,
      1.815,
      0.7425,
      1.65,
      0.5775,
      1.485,
      0.4125,
      1.32,
      0.2475,
      1.155,
      0.0825,
      0.99,
      1.8975,
      0.825,
      1.7325,
      0.66,
      1.5675,
      0.495,
      1.4025,
      0.33,
      1.2375,
      0.165,
      1.0725
    ],
    "TaskName": "train",
    "VolumeTiming": [
      0,
      2,
      4,
      6,
      8,
      10,
      12,
      14,
      16,
      18,
      20,
      22,
      24,
      26,
      28,
      30,
      32,
      34,
      36,
      38,
      40,
      42,
      44,
      46,
      48,
      50,
      52,
      54,
      56,
      58,
      60,
      62,
      64,
      66,
      68,
      70,
      72,
      74,
      76,
      78,
      80,
      82,
      84,
      86,
      88,
      90,
      92,
      94,
      96,
      98,
      100,
      102,
      104,
      106,
      108,
      110,
      112,
      114,
      116,
      118,
      120,
      122,
      124,
      126,
      128,
      130,
      132,
      134,
      136,
      138,
      140,
      142,
      144,
      146,
      148,
      150,
      152,
      154,
      156,
      158,
      160,
      162,
      164,
      166,
      168,
      170,
      172,
      174,
      176,
      178,
      180,
      182,
      184,
      186,
      188,
      190,
      192,
      194,
      196,
      198,
      200,
      202,
      204,
      206,
      208,
      210,
      212,
      214,
      216,
      218,
      220,
      222,
      224,
      226,
      228,
      230,
      232,
      234,
      236,
      238,
      240,
      242,
      244,
      246,
      248,
      250,
      252,
      254,
      256,
      258,
      260,
      262,
      264,
      266,
      268,
      270,
      272,
      274,
      276,
      278,
      280,
      282,
      284,
      286,
      288
    ],
    "dataset": "ds002813",
    "modality": "bold",
    "run_id": 4,
    "subject_id": "229",
    "task_id": "train"
  },
  "dummy_trs": 0,
  "dvars_nstd": 44.7870151734722,
  "dvars_std": 1.403205612986111,
  "dvars_vstd": 1.0182223785416662,
  "efc": 0.5499777823715462,
  "fber": 3722.44873046875,
  "fd_mean": 0.03126898456947472,
  "fd_num": 0,
  "fd_perc": 0.0,
  "fwhm_avg": 2.0607816666666667,
  "fwhm_x": 1.964485,
  "fwhm_y": 2.20635,
  "fwhm_z": 2.01151,
  "gcor": 0.00348591,
  "gsr_x": -0.015028930269181728,
  "gsr_y": 0.039674293249845505,
  "provenance": {
    "md5sum": "0a42ece598d041bdddb327fd26927d62",
    "settings": {
      "fd_thres": 0.2,
      "testing": false
    },
    "software": "mriqc",
    "version": "22.0.6",
    "webapi_port": null,
    "webapi_url": "https://mriqc.nimh.nih.gov/api/v1"
  },
  "size_t": 145,
  "size_x": 104,
  "size_y": 104,
  "size_z": 72,
  "snr": 5.951864663605397,
  "spacing_tr": 2.0,
  "spacing_x": 2.0,
  "spacing_y": 2.0,
  "spacing_z": 2.0,
  "summary_bg_k": 14.076394988589264,
  "summary_bg_mad": 111.34598071423953,
  "summary_bg_mean": 540.2398681640625,
  "summary_bg_median": 143.6050567626953,
  "summary_bg_n": 495475.0,
  "summary_bg_p05": 51.20848541259765,
  "summary_bg_p95": 2784.1597167968735,
  "summary_bg_stdv": 1033.173095703125,
  "summary_fg_k": 3.7821919815368865,
  "summary_fg_mad": 1297.1126097941592,
  "summary_fg_mean": 8892.09375,
  "summary_fg_median": 8884.525390625,
  "summary_fg_n": 179680.0,
  "summary_fg_p05": 6801.246020507812,
  "summary_fg_p95": 11140.28681640625,
  "summary_fg_stdv": 1492.7255859375,
  "tsnr": 49.846588134765625
}