{
  "aor": 0.0010402255639097747,
  "aqi": 0.014102359398496241,
  "bids_meta": {
    "AcquisitionDuration": [],
    "DelayTime": [],
    "EchoTime": 0.025,
    "FlipAngle": 90,
    "MagneticFieldStrength": 3,
    "Manufacturer": "Siemens",
    "ManufacturerModelName": "MAGNETOM Skyra",
    "MultibandAccelerationFactor": 3,
    "RepetitionTime": 2,
    "SliceTiming": [
      0,
      0.9075,
      1.815,
      0.7425,
      1.65,
      0.5775,
      1.485,
      0.4125,
      1.32,
      0.2475,
      1.155,
      0.0825,
      0.99,
      1.8975,
      0.825,
      1.7325,
      0.66,
      1.5675,
      0.495,
      1.4025,
      0.33,
      1.2375,
      0.165,
      1.0725,
      0,
      0.9075,
      1.815,
      0.7425,
      1.65,
      0.5775,
      1.485,
      0.4125,
      1.32,
      0.2475,
      1.155,
      0.0825,
      0.99,
      1.8975,
      0.825,
      1.7325,
      0.66,
      1.5675,
      0.495,
      1.4025,
      0.33,
      1.2375,
      0.165,
      1.0725,
      0,
      0.9075,
      1.815,
      0.7425,
      1.65,
      0.5775,
      1.485,
      0.4125,
      1.32,
      0.2475,
      1.155,
      0.0825,
      0.99,
      1.8975,
      0.825,
      1.7325,
      0.66,
      1.5675,
      0.495,
      1.4025,
      0.33,
      1.2375,
      0.165,
      1.0725
    ],
    "TaskName": "imtest",
    "VolumeTiming": [
      0,
      2,
      4,
      6,
      8,
      10,
      12,
      14,
      16,
      18,
      20,
      22,
      24,
      26,
      28,
      30,
      32,
      34,
      36,
      38,
      40,
      42,
      44,
      46,
      48,
      50,
      52,
      54,
      56,
      58,
      60,
      62,
      64,
      66,
      68,
      70,
      72,
      74,
      76,
      78,
      80,
      82,
      84,
      86,
      88,
      90,
      92,
      94,
      96,
      98,
      100,
      102,
      104,
      106,
      108,
      110,
      112,
      114,
      116,
      118,
      120,
      122,
      124,
      126,
      128,
      130,
      132,
      134,
      136,
      138,
      140,
      142,
      144,
      146,
      148,
      150,
      152,
      154,
      156,
      158,
      160,
      162,
      164,
      166,
      168,
      170,
      172,
      174,
      176,
      178,
      180,
      182,
      184,
      186,
      188,
      190,
      192,
      194,
      196,
      198,
      200,
      202,
      204,
      206,
      208,
      210,
      212,
      214,
      216,
      218,
      220,
      222,
      224,
      226,
      228,
      230,
      232,
      234,
      236,
      238,
      240,
      242,
      244,
      246,
      248,
      250,
      252,
      254,
      256,
      258,
      260,
      262,
      264
    ],
    "dataset": "ds002813",
    "modality": "bold",
    "run_id": 1,
    "subject_id": "229",
    "task_id": "imtest"
  },
  "dummy_trs": 0,
  "dvars_nstd": 44.32671827227272,
  "dvars_std": 1.3905890490151516,
  "dvars_vstd": 1.0158618337878784,
  "efc": 0.5485899173844956,
  "fber": 3796.270263671875,
  "fd_mean": 0.040831003380565646,
  "fd_num": 1,
  "fd_perc": 0.7518796992481203,
  "fwhm_avg": 2.1062600000000002,
  "fwhm_x": 1.993235,
  "fwhm_y": 2.25757,
  "fwhm_z": 2.067975,
  "gcor": 0.00472574,
  "gsr_x": -0.017471110448241234,
  "gsr_y": 0.03984333947300911,
  "provenance": {
    "md5sum": "b3a96b20f0f44ddfa8c968644b6a8213",
    "settings": {
      "fd_thres": 0.2,
      "testing": false
    },
    "software": "mriqc",
    "version": "22.0.6",
    "webapi_port": null,
    "webapi_url": "https://mriqc.nimh.nih.gov/api/v1"
  },
  "size_t": 133,
  "size_x": 104,
  "size_y": 104,
  "size_z": 72,
  "snr": 5.797464676595356,
  "spacing_tr": 2.0,
  "spacing_x": 2.0,
  "spacing_y": 2.0,
  "spacing_z": 2.0,
  "summary_bg_k": 15.168182797788742,
  "summary_bg_mad": 109.42645469893358,
  "summary_bg_mean": 520.3425903320312,
  "summary_bg_median": 142.02883911132812,
  "summary_bg_n": 494275.0,
  "summary_bg_p05": 51.105126953125,
  "summary_bg_p95": 2653.3036621093743,
  "summary_bg_stdv": 998.3646240234375,
  "summary_fg_k": 4.034183736852529,
  "summary_fg_mad": 1307.8983961484146,
  "summary_fg_mean": 8885.90234375,
  "summary_fg_median": 8891.2880859375,
  "summary_fg_n": 180400.0,
  "summary_fg_p05": 6735.374194335937,
  "summary_fg_p95": 11160.040625,
  "summary_fg_stdv": 1533.6468505859375,
  "tsnr": 50.60919952392578
}