{
  "aor": 0.0016679310344827588,
  "aqi": 0.028065302068965518,
  "bids_meta": {
    "AcquisitionDuration": [],
    "DelayTime": [],
    "EchoTime": 0.025,
    "FlipAngle": 90,
    "MagneticFieldStrength": 3,
    "Manufacturer": "Siemens",
    "ManufacturerModelName": "MAGNETOM Skyra",
    "MultibandAccelerationFactor": 3,
    "RepetitionTime": 2,
    "SliceTiming": [
      0,
      0.9075,
      1.815,
      0.7425,
      1.65,
      0.5775,
      1.485,
      0.4125,
      1.32,
      0.2475,
      1.155,
      0.0825,
      0.99,
      1.8975,
      0.825,
      1.7325,
      0.66,
      1.5675,
      0.495,
      1.4025,
      0.33,
      1.2375,
      0.165,
      1.0725,
      0,
      0.9075,
      1.815,
      0.7425,
      1.65,
      0.5775,
      1.485,
      0.4125,
      1.32,
      0.2475,
      1.155,
      0.0825,
      0.99,
      1.8975,
      0.825,
      1.7325,
      0.66,
      1.5675,
      0.495,
      1.4025,
      0.33,
      1.2375,
      0.165,
      1.0725,
      0,
      0.9075,
      1.815,
      0.7425,
      1.65,
      0.5775,
      1.485,
      0.4125,
      1.32,
      0.2475,
      1.155,
      0.0825,
      0.99,
      1.8975,
      0.825,
      1.7325,
      0.66,
      1.5675,
      0.495,
      1.4025,
      0.33,
      1.2375,
      0.165,
      1.0725
    ],
    "TaskName": "train",
    "VolumeTiming": [
      0,
      2,
      4,
      6,
      8,
      10,
      12,
      14,
      16,
      18,
      20,
      22,
      24,
      26,
      28,
      30,
      32,
      34,
      36,
      38,
      40,
      42,
      44,
      46,
      48,
      50,
      52,
      54,
      56,
      58,
      60,
      62,
      64,
      66,
      68,
      70,
      72,
      74,
      76,
      78,
      80,
      82,
      84,
      86,
      88,
      90,
      92,
      94,
      96,
      98,
      100,
      102,
      104,
      106,
      108,
      110,
      112,
      114,
      116,
      118,
      120,
      122,
      124,
      126,
      128,
      130,
      132,
      134,
      136,
      138,
      140,
      142,
      144,
      146,
      148,
      150,
      152,
      154,
      156,
      158,
      160,
      162,
      164,
      166,
      168,
      170,
      172,
      174,
      176,
      178,
      180,
      182,
      184,
      186,
      188,
      190,
      192,
      194,
      196,
      198,
      200,
      202,
      204,
      206,
      208,
      210,
      212,
      214,
      216,
      218,
      220,
      222,
      224,
      226,
      228,
      230,
      232,
      234,
      236,
      238,
      240,
      242,
      244,
      246,
      248,
      250,
      252,
      254,
      256,
      258,
      260,
      262,
      264,
      266,
      268,
      270,
      272,
      274,
      276,
      278,
      280,
      282,
      284,
      286,
      288
    ],
    "dataset": "ds002813",
    "modality": "bold",
    "run_id": 5,
    "subject_id": "218",
    "task_id": "train"
  },
  "dummy_trs": 0,
  "dvars_nstd": 51.71275499125001,
  "dvars_std": 1.301578982083334,
  "dvars_vstd": 1.0121082510416664,
  "efc": 0.5455613403212647,
  "fber": 2556.871337890625,
  "fd_mean": 0.1736199728066524,
  "fd_num": 39,
  "fd_perc": 26.896551724137932,
  "fwhm_avg": 1.8525833333333335,
  "fwhm_x": 1.73033,
  "fwhm_y": 2.036505,
  "fwhm_z": 1.790915,
  "gcor": 0.00451715,
  "gsr_x": -0.015621387399733067,
  "gsr_y": 0.03252697363495827,
  "provenance": {
    "md5sum": "8afe07b7b98af8975b7f64c7a68508cc",
    "settings": {
      "fd_thres": 0.2,
      "testing": false
    },
    "software": "mriqc",
    "version": "22.0.6",
    "webapi_port": null,
    "webapi_url": "https://mriqc.nimh.nih.gov/api/v1"
  },
  "size_t": 145,
  "size_x": 104,
  "size_y": 104,
  "size_z": 72,
  "snr": 7.344351784789743,
  "spacing_tr": 2.0,
  "spacing_x": 2.0,
  "spacing_y": 2.0,
  "spacing_z": 2.0,
  "summary_bg_k": 11.036171272786307,
  "summary_bg_mad": 131.45057218861777,
  "summary_bg_mean": 541.8026123046875,
  "summary_bg_median": 152.93792724609375,
  "summary_bg_n": 519097.0,
  "summary_bg_p05": 54.75172424316406,
  "summary_bg_p95": 2620.129687499994,
  "summary_bg_stdv": 926.1627807617188,
  "summary_fg_k": 3.543205626068935,
  "summary_fg_mad": 956.9024558933163,
  "summary_fg_mean": 7773.1416015625,
  "summary_fg_median": 7768.93798828125,
  "summary_fg_n": 161601.0,
  "summary_fg_p05": 6220.60009765625,
  "summary_fg_p95": 9366.61328125,
  "summary_fg_stdv": 1057.8079833984375,
  "tsnr": 36.15009549527895
}