{
  "aor": 0.0008412500000000002,
  "aqi": 0.024434183333333335,
  "bids_meta": {
    "AcquisitionDuration": [],
    "DelayTime": [],
    "EchoTime": 0.025,
    "FlipAngle": 90,
    "MagneticFieldStrength": 3,
    "Manufacturer": "Siemens",
    "ManufacturerModelName": "MAGNETOM Skyra",
    "MultibandAccelerationFactor": 3,
    "RepetitionTime": 2,
    "SliceTiming": [
      0,
      0.9075,
      1.815,
      0.7425,
      1.65,
      0.5775,
      1.485,
      0.4125,
      1.32,
      0.2475,
      1.155,
      0.0825,
      0.99,
      1.8975,
      0.825,
      1.7325,
      0.66,
      1.5675,
      0.495,
      1.4025,
      0.33,
      1.2375,
      0.165,
      1.0725,
      0,
      0.9075,
      1.815,
      0.7425,
      1.65,
      0.5775,
      1.485,
      0.4125,
      1.32,
      0.2475,
      1.155,
      0.0825,
      0.99,
      1.8975,
      0.825,
      1.7325,
      0.66,
      1.5675,
      0.495,
      1.4025,
      0.33,
      1.2375,
      0.165,
      1.0725,
      0,
      0.9075,
      1.815,
      0.7425,
      1.65,
      0.5775,
      1.485,
      0.4125,
      1.32,
      0.2475,
      1.155,
      0.0825,
      0.99,
      1.8975,
      0.825,
      1.7325,
      0.66,
      1.5675,
      0.495,
      1.4025,
      0.33,
      1.2375,
      0.165,
      1.0725
    ],
    "TaskName": "train",
    "VolumeTiming": [
      0,
      2,
      4,
      6,
      8,
      10,
      12,
      14,
      16,
      18,
      20,
      22,
      24,
      26,
      28,
      30,
      32,
      34,
      36,
      38,
      40,
      42,
      44,
      46,
      48,
      50,
      52,
      54,
      56,
      58,
      60,
      62,
      64,
      66,
      68,
      70,
      72,
      74,
      76,
      78,
      80,
      82,
      84,
      86,
      88,
      90,
      92,
      94,
      96,
      98,
      100,
      102,
      104,
      106,
      108,
      110,
      112,
      114,
      116,
      118,
      120,
      122,
      124,
      126,
      128,
      130,
      132,
      134,
      136,
      138,
      140,
      142,
      144,
      146,
      148,
      150,
      152,
      154,
      156,
      158,
      160,
      162,
      164,
      166,
      168,
      170,
      172,
      174,
      176,
      178,
      180,
      182,
      184,
      186,
      188,
      190,
      192,
      194,
      196,
      198,
      200,
      202,
      204,
      206,
      208,
      210,
      212,
      214,
      216,
      218,
      220,
      222,
      224,
      226,
      228,
      230,
      232,
      234,
      236,
      238,
      240,
      242,
      244,
      246,
      248,
      250,
      252,
      254,
      256,
      258,
      260,
      262,
      264,
      266,
      268,
      270,
      272,
      274,
      276,
      278,
      280,
      282,
      284,
      286,
      288
    ],
    "dataset": "ds002813",
    "modality": "bold",
    "run_id": 4,
    "subject_id": "218",
    "task_id": "train"
  },
  "dummy_trs": 1,
  "dvars_nstd": 50.2163700825874,
  "dvars_std": 1.2805926634965032,
  "dvars_vstd": 0.9994429445454543,
  "efc": 0.5439712058205838,
  "fber": 2599.092529296875,
  "fd_mean": 0.12905104194038358,
  "fd_num": 10,
  "fd_perc": 6.944444444444445,
  "fwhm_avg": 1.8544233333333333,
  "fwhm_x": 1.728195,
  "fwhm_y": 2.04158,
  "fwhm_z": 1.793495,
  "gcor": 0.00387212,
  "gsr_x": -0.013941166922450066,
  "gsr_y": 0.033537235110998154,
  "provenance": {
    "md5sum": "b622b43837f7ebcb832fbec80d02041b",
    "settings": {
      "fd_thres": 0.2,
      "testing": false
    },
    "software": "mriqc",
    "version": "22.0.6",
    "webapi_port": null,
    "webapi_url": "https://mriqc.nimh.nih.gov/api/v1"
  },
  "size_t": 144,
  "size_x": 104,
  "size_y": 104,
  "size_z": 72,
  "snr": 7.416083137835481,
  "spacing_tr": 2.0,
  "spacing_x": 2.0,
  "spacing_y": 2.0,
  "spacing_z": 2.0,
  "summary_bg_k": 11.710730548654038,
  "summary_bg_mad": 129.5187676950084,
  "summary_bg_mean": 527.04736328125,
  "summary_bg_median": 150.82708740234375,
  "summary_bg_n": 518719.0,
  "summary_bg_p05": 53.87634429931641,
  "summary_bg_p95": 2540.5720214843745,
  "summary_bg_stdv": 909.0009765625,
  "summary_fg_k": 3.5737845719743095,
  "summary_fg_mad": 951.7281886292691,
  "summary_fg_mean": 7775.26318359375,
  "summary_fg_median": 7769.36328125,
  "summary_fg_n": 161838.0,
  "summary_fg_p05": 6235.150732421876,
  "summary_fg_p95": 9356.803173828124,
  "summary_fg_stdv": 1047.6337890625,
  "tsnr": 39.50323486328125
}