{
  "aor": 0.0010119310344827586,
  "aqi": 0.02961321655172414,
  "bids_meta": {
    "AcquisitionDuration": [],
    "DelayTime": [],
    "EchoTime": 0.025,
    "FlipAngle": 90,
    "MagneticFieldStrength": 3,
    "Manufacturer": "Siemens",
    "ManufacturerModelName": "MAGNETOM Skyra",
    "MultibandAccelerationFactor": 3,
    "RepetitionTime": 2,
    "SliceTiming": [
      0,
      0.9075,
      1.815,
      0.7425,
      1.65,
      0.5775,
      1.485,
      0.4125,
      1.32,
      0.2475,
      1.155,
      0.0825,
      0.99,
      1.8975,
      0.825,
      1.7325,
      0.66,
      1.5675,
      0.495,
      1.4025,
      0.33,
      1.2375,
      0.165,
      1.0725,
      0,
      0.9075,
      1.815,
      0.7425,
      1.65,
      0.5775,
      1.485,
      0.4125,
      1.32,
      0.2475,
      1.155,
      0.0825,
      0.99,
      1.8975,
      0.825,
      1.7325,
      0.66,
      1.5675,
      0.495,
      1.4025,
      0.33,
      1.2375,
      0.165,
      1.0725,
      0,
      0.9075,
      1.815,
      0.7425,
      1.65,
      0.5775,
      1.485,
      0.4125,
      1.32,
      0.2475,
      1.155,
      0.0825,
      0.99,
      1.8975,
      0.825,
      1.7325,
      0.66,
      1.5675,
      0.495,
      1.4025,
      0.33,
      1.2375,
      0.165,
      1.0725
    ],
    "TaskName": "train",
    "VolumeTiming": [
      0,
      2,
      4,
      6,
      8,
      10,
      12,
      14,
      16,
      18,
      20,
      22,
      24,
      26,
      28,
      30,
      32,
      34,
      36,
      38,
      40,
      42,
      44,
      46,
      48,
      50,
      52,
      54,
      56,
      58,
      60,
      62,
      64,
      66,
      68,
      70,
      72,
      74,
      76,
      78,
      80,
      82,
      84,
      86,
      88,
      90,
      92,
      94,
      96,
      98,
      100,
      102,
      104,
      106,
      108,
      110,
      112,
      114,
      116,
      118,
      120,
      122,
      124,
      126,
      128,
      130,
      132,
      134,
      136,
      138,
      140,
      142,
      144,
      146,
      148,
      150,
      152,
      154,
      156,
      158,
      160,
      162,
      164,
      166,
      168,
      170,
      172,
      174,
      176,
      178,
      180,
      182,
      184,
      186,
      188,
      190,
      192,
      194,
      196,
      198,
      200,
      202,
      204,
      206,
      208,
      210,
      212,
      214,
      216,
      218,
      220,
      222,
      224,
      226,
      228,
      230,
      232,
      234,
      236,
      238,
      240,
      242,
      244,
      246,
      248,
      250,
      252,
      254,
      256,
      258,
      260,
      262,
      264,
      266,
      268,
      270,
      272,
      274,
      276,
      278,
      280,
      282,
      284,
      286,
      288
    ],
    "dataset": "ds002813",
    "modality": "bold",
    "run_id": 8,
    "subject_id": "218",
    "task_id": "train"
  },
  "dummy_trs": 0,
  "dvars_nstd": 52.21689518319445,
  "dvars_std": 1.2956412144444438,
  "dvars_vstd": 1.0056683463888887,
  "efc": 0.5458617466467107,
  "fber": 2511.45166015625,
  "fd_mean": 0.19426525740822148,
  "fd_num": 58,
  "fd_perc": 40.0,
  "fwhm_avg": 1.841905,
  "fwhm_x": 1.71327,
  "fwhm_y": 2.024375,
  "fwhm_z": 1.78807,
  "gcor": 0.00573281,
  "gsr_x": -0.015671739354729652,
  "gsr_y": 0.030708428472280502,
  "provenance": {
    "md5sum": "46b5b8947e04a0470a1eb7fa054b6e50",
    "settings": {
      "fd_thres": 0.2,
      "testing": false
    },
    "software": "mriqc",
    "version": "22.0.6",
    "webapi_port": null,
    "webapi_url": "https://mriqc.nimh.nih.gov/api/v1"
  },
  "size_t": 145,
  "size_x": 104,
  "size_y": 104,
  "size_z": 72,
  "snr": 7.438756639146177,
  "spacing_tr": 2.0,
  "spacing_x": 2.0,
  "spacing_y": 2.0,
  "spacing_z": 2.0,
  "summary_bg_k": 11.216078987725371,
  "summary_bg_mad": 131.84934277738728,
  "summary_bg_mean": 542.9347534179688,
  "summary_bg_median": 154.19309997558594,
  "summary_bg_n": 519339.0,
  "summary_bg_p05": 55.924137115478516,
  "summary_bg_p95": 2628.1104003906235,
  "summary_bg_stdv": 926.9734497070312,
  "summary_fg_k": 3.6650668242217757,
  "summary_fg_mad": 937.7408357167417,
  "summary_fg_mean": 7769.49853515625,
  "summary_fg_median": 7765.62744140625,
  "summary_fg_n": 161273.0,
  "summary_fg_p05": 6230.8509765625,
  "summary_fg_p95": 9349.049609374999,
  "summary_fg_stdv": 1043.9383544921875,
  "tsnr": 36.03948926087469
}