{
  "aor": 0.0020844360902255643,
  "aqi": 0.02523388270676692,
  "bids_meta": {
    "AcquisitionDuration": [],
    "DelayTime": [],
    "EchoTime": 0.025,
    "FlipAngle": 90,
    "MagneticFieldStrength": 3,
    "Manufacturer": "Siemens",
    "ManufacturerModelName": "MAGNETOM Skyra",
    "MultibandAccelerationFactor": 3,
    "RepetitionTime": 2,
    "SliceTiming": [
      0,
      0.9075,
      1.815,
      0.7425,
      1.65,
      0.5775,
      1.485,
      0.4125,
      1.32,
      0.2475,
      1.155,
      0.0825,
      0.99,
      1.8975,
      0.825,
      1.7325,
      0.66,
      1.5675,
      0.495,
      1.4025,
      0.33,
      1.2375,
      0.165,
      1.0725,
      0,
      0.9075,
      1.815,
      0.7425,
      1.65,
      0.5775,
      1.485,
      0.4125,
      1.32,
      0.2475,
      1.155,
      0.0825,
      0.99,
      1.8975,
      0.825,
      1.7325,
      0.66,
      1.5675,
      0.495,
      1.4025,
      0.33,
      1.2375,
      0.165,
      1.0725,
      0,
      0.9075,
      1.815,
      0.7425,
      1.65,
      0.5775,
      1.485,
      0.4125,
      1.32,
      0.2475,
      1.155,
      0.0825,
      0.99,
      1.8975,
      0.825,
      1.7325,
      0.66,
      1.5675,
      0.495,
      1.4025,
      0.33,
      1.2375,
      0.165,
      1.0725
    ],
    "TaskName": "imtest",
    "VolumeTiming": [
      0,
      2,
      4,
      6,
      8,
      10,
      12,
      14,
      16,
      18,
      20,
      22,
      24,
      26,
      28,
      30,
      32,
      34,
      36,
      38,
      40,
      42,
      44,
      46,
      48,
      50,
      52,
      54,
      56,
      58,
      60,
      62,
      64,
      66,
      68,
      70,
      72,
      74,
      76,
      78,
      80,
      82,
      84,
      86,
      88,
      90,
      92,
      94,
      96,
      98,
      100,
      102,
      104,
      106,
      108,
      110,
      112,
      114,
      116,
      118,
      120,
      122,
      124,
      126,
      128,
      130,
      132,
      134,
      136,
      138,
      140,
      142,
      144,
      146,
      148,
      150,
      152,
      154,
      156,
      158,
      160,
      162,
      164,
      166,
      168,
      170,
      172,
      174,
      176,
      178,
      180,
      182,
      184,
      186,
      188,
      190,
      192,
      194,
      196,
      198,
      200,
      202,
      204,
      206,
      208,
      210,
      212,
      214,
      216,
      218,
      220,
      222,
      224,
      226,
      228,
      230,
      232,
      234,
      236,
      238,
      240,
      242,
      244,
      246,
      248,
      250,
      252,
      254,
      256,
      258,
      260,
      262,
      264
    ],
    "dataset": "ds002813",
    "modality": "bold",
    "run_id": 4,
    "subject_id": "218",
    "task_id": "imtest"
  },
  "dummy_trs": 0,
  "dvars_nstd": 51.275136918560605,
  "dvars_std": 1.3111098675000006,
  "dvars_vstd": 1.031288196969697,
  "efc": 0.545633862038392,
  "fber": 2478.96875,
  "fd_mean": 0.16408428751051174,
  "fd_num": 45,
  "fd_perc": 33.83458646616541,
  "fwhm_avg": 1.834535,
  "fwhm_x": 1.705275,
  "fwhm_y": 2.019125,
  "fwhm_z": 1.779205,
  "gcor": 0.00673046,
  "gsr_x": -0.014890564605593681,
  "gsr_y": 0.031068403273820877,
  "provenance": {
    "md5sum": "192a16e7d3bb8366d13789716601667e",
    "settings": {
      "fd_thres": 0.2,
      "testing": false
    },
    "software": "mriqc",
    "version": "22.0.6",
    "webapi_port": null,
    "webapi_url": "https://mriqc.nimh.nih.gov/api/v1"
  },
  "size_t": 133,
  "size_x": 104,
  "size_y": 104,
  "size_z": 72,
  "snr": 7.450165735585847,
  "spacing_tr": 2.0,
  "spacing_x": 2.0,
  "spacing_y": 2.0,
  "spacing_z": 2.0,
  "summary_bg_k": 11.264692185763167,
  "summary_bg_mad": 131.12541025720395,
  "summary_bg_mean": 538.8894653320312,
  "summary_bg_median": 153.9988250732422,
  "summary_bg_n": 518954.0,
  "summary_bg_p05": 56.018131256103516,
  "summary_bg_p95": 2627.600939941404,
  "summary_bg_stdv": 929.6180419921875,
  "summary_fg_k": 3.7750367562647167,
  "summary_fg_mad": 935.6182821500139,
  "summary_fg_mean": 7759.822265625,
  "summary_fg_median": 7759.01513671875,
  "summary_fg_n": 161477.0,
  "summary_fg_p05": 6226.9064453125,
  "summary_fg_p95": 9321.69140625,
  "summary_fg_stdv": 1041.4521484375,
  "tsnr": 38.98118591308594
}