{
  "aor": 0.006705655172413794,
  "aqi": 0.03366986137931035,
  "bids_meta": {
    "AcquisitionDuration": [],
    "DelayTime": [],
    "EchoTime": 0.025,
    "FlipAngle": 90,
    "MagneticFieldStrength": 3,
    "Manufacturer": "Siemens",
    "ManufacturerModelName": "MAGNETOM Skyra",
    "MultibandAccelerationFactor": 3,
    "RepetitionTime": 2,
    "SliceTiming": [
      0,
      0.9075,
      1.815,
      0.7425,
      1.65,
      0.5775,
      1.485,
      0.4125,
      1.32,
      0.2475,
      1.155,
      0.0825,
      0.99,
      1.8975,
      0.825,
      1.7325,
      0.66,
      1.5675,
      0.495,
      1.4025,
      0.33,
      1.2375,
      0.165,
      1.0725,
      0,
      0.9075,
      1.815,
      0.7425,
      1.65,
      0.5775,
      1.485,
      0.4125,
      1.32,
      0.2475,
      1.155,
      0.0825,
      0.99,
      1.8975,
      0.825,
      1.7325,
      0.66,
      1.5675,
      0.495,
      1.4025,
      0.33,
      1.2375,
      0.165,
      1.0725,
      0,
      0.9075,
      1.815,
      0.7425,
      1.65,
      0.5775,
      1.485,
      0.4125,
      1.32,
      0.2475,
      1.155,
      0.0825,
      0.99,
      1.8975,
      0.825,
      1.7325,
      0.66,
      1.5675,
      0.495,
      1.4025,
      0.33,
      1.2375,
      0.165,
      1.0725
    ],
    "TaskName": "train",
    "VolumeTiming": [
      0,
      2,
      4,
      6,
      8,
      10,
      12,
      14,
      16,
      18,
      20,
      22,
      24,
      26,
      28,
      30,
      32,
      34,
      36,
      38,
      40,
      42,
      44,
      46,
      48,
      50,
      52,
      54,
      56,
      58,
      60,
      62,
      64,
      66,
      68,
      70,
      72,
      74,
      76,
      78,
      80,
      82,
      84,
      86,
      88,
      90,
      92,
      94,
      96,
      98,
      100,
      102,
      104,
      106,
      108,
      110,
      112,
      114,
      116,
      118,
      120,
      122,
      124,
      126,
      128,
      130,
      132,
      134,
      136,
      138,
      140,
      142,
      144,
      146,
      148,
      150,
      152,
      154,
      156,
      158,
      160,
      162,
      164,
      166,
      168,
      170,
      172,
      174,
      176,
      178,
      180,
      182,
      184,
      186,
      188,
      190,
      192,
      194,
      196,
      198,
      200,
      202,
      204,
      206,
      208,
      210,
      212,
      214,
      216,
      218,
      220,
      222,
      224,
      226,
      228,
      230,
      232,
      234,
      236,
      238,
      240,
      242,
      244,
      246,
      248,
      250,
      252,
      254,
      256,
      258,
      260,
      262,
      264,
      266,
      268,
      270,
      272,
      274,
      276,
      278,
      280,
      282,
      284,
      286,
      288
    ],
    "dataset": "ds002813",
    "modality": "bold",
    "run_id": 2,
    "subject_id": "218",
    "task_id": "train"
  },
  "dummy_trs": 0,
  "dvars_nstd": 53.68980320243057,
  "dvars_std": 1.269251290972222,
  "dvars_vstd": 1.046925323888889,
  "efc": 0.5413830615478712,
  "fber": 2692.514404296875,
  "fd_mean": 0.24391083146106565,
  "fd_num": 54,
  "fd_perc": 37.241379310344826,
  "fwhm_avg": 1.8665183333333333,
  "fwhm_x": 1.735185,
  "fwhm_y": 2.052555,
  "fwhm_z": 1.811815,
  "gcor": 0.029547,
  "gsr_x": -0.012085074558854103,
  "gsr_y": 0.033529896289110184,
  "provenance": {
    "md5sum": "bbce94bfe6348ad93d1a98f894e58be1",
    "settings": {
      "fd_thres": 0.2,
      "testing": false
    },
    "software": "mriqc",
    "version": "22.0.6",
    "webapi_port": null,
    "webapi_url": "https://mriqc.nimh.nih.gov/api/v1"
  },
  "size_t": 145,
  "size_x": 104,
  "size_y": 104,
  "size_z": 72,
  "snr": 7.454190530383731,
  "spacing_tr": 2.0,
  "spacing_x": 2.0,
  "spacing_y": 2.0,
  "spacing_z": 2.0,
  "summary_bg_k": 12.112338810874574,
  "summary_bg_mad": 123.55562375308166,
  "summary_bg_mean": 502.2872619628906,
  "summary_bg_median": 147.13626098632812,
  "summary_bg_n": 518432.0,
  "summary_bg_p05": 54.25345973968506,
  "summary_bg_p95": 2392.546789550781,
  "summary_bg_stdv": 869.567138671875,
  "summary_fg_k": 3.8257980493579824,
  "summary_fg_mad": 945.5143623877931,
  "summary_fg_mean": 7741.26953125,
  "summary_fg_median": 7742.0751953125,
  "summary_fg_n": 162093.0,
  "summary_fg_p05": 6211.0642578125,
  "summary_fg_p95": 9295.6673828125,
  "summary_fg_stdv": 1038.6173095703125,
  "tsnr": 32.30691146850586
}