{
  "aor": 0.0009811724137931035,
  "aqi": 0.02617078,
  "bids_meta": {
    "AcquisitionDuration": [],
    "DelayTime": [],
    "EchoTime": 0.025,
    "FlipAngle": 90,
    "MagneticFieldStrength": 3,
    "Manufacturer": "Siemens",
    "ManufacturerModelName": "MAGNETOM Skyra",
    "MultibandAccelerationFactor": 3,
    "RepetitionTime": 2,
    "SliceTiming": [
      0,
      0.9075,
      1.815,
      0.7425,
      1.65,
      0.5775,
      1.485,
      0.4125,
      1.32,
      0.2475,
      1.155,
      0.0825,
      0.99,
      1.8975,
      0.825,
      1.7325,
      0.66,
      1.5675,
      0.495,
      1.4025,
      0.33,
      1.2375,
      0.165,
      1.0725,
      0,
      0.9075,
      1.815,
      0.7425,
      1.65,
      0.5775,
      1.485,
      0.4125,
      1.32,
      0.2475,
      1.155,
      0.0825,
      0.99,
      1.8975,
      0.825,
      1.7325,
      0.66,
      1.5675,
      0.495,
      1.4025,
      0.33,
      1.2375,
      0.165,
      1.0725,
      0,
      0.9075,
      1.815,
      0.7425,
      1.65,
      0.5775,
      1.485,
      0.4125,
      1.32,
      0.2475,
      1.155,
      0.0825,
      0.99,
      1.8975,
      0.825,
      1.7325,
      0.66,
      1.5675,
      0.495,
      1.4025,
      0.33,
      1.2375,
      0.165,
      1.0725
    ],
    "TaskName": "train",
    "VolumeTiming": [
      0,
      2,
      4,
      6,
      8,
      10,
      12,
      14,
      16,
      18,
      20,
      22,
      24,
      26,
      28,
      30,
      32,
      34,
      36,
      38,
      40,
      42,
      44,
      46,
      48,
      50,
      52,
      54,
      56,
      58,
      60,
      62,
      64,
      66,
      68,
      70,
      72,
      74,
      76,
      78,
      80,
      82,
      84,
      86,
      88,
      90,
      92,
      94,
      96,
      98,
      100,
      102,
      104,
      106,
      108,
      110,
      112,
      114,
      116,
      118,
      120,
      122,
      124,
      126,
      128,
      130,
      132,
      134,
      136,
      138,
      140,
      142,
      144,
      146,
      148,
      150,
      152,
      154,
      156,
      158,
      160,
      162,
      164,
      166,
      168,
      170,
      172,
      174,
      176,
      178,
      180,
      182,
      184,
      186,
      188,
      190,
      192,
      194,
      196,
      198,
      200,
      202,
      204,
      206,
      208,
      210,
      212,
      214,
      216,
      218,
      220,
      222,
      224,
      226,
      228,
      230,
      232,
      234,
      236,
      238,
      240,
      242,
      244,
      246,
      248,
      250,
      252,
      254,
      256,
      258,
      260,
      262,
      264,
      266,
      268,
      270,
      272,
      274,
      276,
      278,
      280,
      282,
      284,
      286,
      288
    ],
    "dataset": "ds002813",
    "modality": "bold",
    "run_id": 2,
    "subject_id": "231",
    "task_id": "train"
  },
  "dummy_trs": 0,
  "dvars_nstd": 52.466685957430556,
  "dvars_std": 1.386606299930556,
  "dvars_vstd": 1.0128992427777783,
  "efc": 0.5101151478184252,
  "fber": 3376.58154296875,
  "fd_mean": 0.08153050233001241,
  "fd_num": 11,
  "fd_perc": 7.586206896551724,
  "fwhm_avg": 1.9218549999999999,
  "fwhm_x": 1.81903,
  "fwhm_y": 2.08247,
  "fwhm_z": 1.864065,
  "gcor": 0.00645289,
  "gsr_x": -0.02223563939332962,
  "gsr_y": 0.032870255410671234,
  "provenance": {
    "md5sum": "f3f553140d1dd25019bf2f75c999544a",
    "settings": {
      "fd_thres": 0.2,
      "testing": false
    },
    "software": "mriqc",
    "version": "22.0.6",
    "webapi_port": null,
    "webapi_url": "https://mriqc.nimh.nih.gov/api/v1"
  },
  "size_t": 145,
  "size_x": 104,
  "size_y": 104,
  "size_z": 72,
  "snr": 7.197984751380473,
  "spacing_tr": 2.0,
  "spacing_x": 2.0,
  "spacing_y": 2.0,
  "spacing_z": 2.0,
  "summary_bg_k": 20.996299336471594,
  "summary_bg_mad": 97.73927759615457,
  "summary_bg_mean": 394.4891357421875,
  "summary_bg_median": 126.77241516113281,
  "summary_bg_n": 535741.0,
  "summary_bg_p05": 50.72413635253906,
  "summary_bg_p95": 1740.6207275390625,
  "summary_bg_stdv": 712.97021484375,
  "summary_fg_k": 4.51849150174477,
  "summary_fg_mad": 912.087039419289,
  "summary_fg_mean": 7428.546875,
  "summary_fg_median": 7446.9794921875,
  "summary_fg_n": 146129.0,
  "summary_fg_p05": 5932.1392578125,
  "summary_fg_p95": 8937.425,
  "summary_fg_stdv": 1034.5887451171875,
  "tsnr": 40.59303794614971
}