{
  "aor": 0.0006586466165413535,
  "aqi": 0.02571803082706767,
  "bids_meta": {
    "AcquisitionDuration": [],
    "DelayTime": [],
    "EchoTime": 0.025,
    "FlipAngle": 90,
    "MagneticFieldStrength": 3,
    "Manufacturer": "Siemens",
    "ManufacturerModelName": "MAGNETOM Skyra",
    "MultibandAccelerationFactor": 3,
    "RepetitionTime": 2,
    "SliceTiming": [
      0,
      0.9075,
      1.815,
      0.7425,
      1.65,
      0.5775,
      1.485,
      0.4125,
      1.32,
      0.2475,
      1.155,
      0.0825,
      0.99,
      1.8975,
      0.825,
      1.7325,
      0.66,
      1.5675,
      0.495,
      1.4025,
      0.33,
      1.2375,
      0.165,
      1.0725,
      0,
      0.9075,
      1.815,
      0.7425,
      1.65,
      0.5775,
      1.485,
      0.4125,
      1.32,
      0.2475,
      1.155,
      0.0825,
      0.99,
      1.8975,
      0.825,
      1.7325,
      0.66,
      1.5675,
      0.495,
      1.4025,
      0.33,
      1.2375,
      0.165,
      1.0725,
      0,
      0.9075,
      1.815,
      0.7425,
      1.65,
      0.5775,
      1.485,
      0.4125,
      1.32,
      0.2475,
      1.155,
      0.0825,
      0.99,
      1.8975,
      0.825,
      1.7325,
      0.66,
      1.5675,
      0.495,
      1.4025,
      0.33,
      1.2375,
      0.165,
      1.0725
    ],
    "TaskName": "imtest",
    "VolumeTiming": [
      0,
      2,
      4,
      6,
      8,
      10,
      12,
      14,
      16,
      18,
      20,
      22,
      24,
      26,
      28,
      30,
      32,
      34,
      36,
      38,
      40,
      42,
      44,
      46,
      48,
      50,
      52,
      54,
      56,
      58,
      60,
      62,
      64,
      66,
      68,
      70,
      72,
      74,
      76,
      78,
      80,
      82,
      84,
      86,
      88,
      90,
      92,
      94,
      96,
      98,
      100,
      102,
      104,
      106,
      108,
      110,
      112,
      114,
      116,
      118,
      120,
      122,
      124,
      126,
      128,
      130,
      132,
      134,
      136,
      138,
      140,
      142,
      144,
      146,
      148,
      150,
      152,
      154,
      156,
      158,
      160,
      162,
      164,
      166,
      168,
      170,
      172,
      174,
      176,
      178,
      180,
      182,
      184,
      186,
      188,
      190,
      192,
      194,
      196,
      198,
      200,
      202,
      204,
      206,
      208,
      210,
      212,
      214,
      216,
      218,
      220,
      222,
      224,
      226,
      228,
      230,
      232,
      234,
      236,
      238,
      240,
      242,
      244,
      246,
      248,
      250,
      252,
      254,
      256,
      258,
      260,
      262,
      264
    ],
    "dataset": "ds002813",
    "modality": "bold",
    "run_id": 4,
    "subject_id": "231",
    "task_id": "imtest"
  },
  "dummy_trs": 0,
  "dvars_nstd": 51.1158753603788,
  "dvars_std": 1.3524630813636367,
  "dvars_vstd": 1.0072807385606057,
  "efc": 0.5109996027757873,
  "fber": 3272.76123046875,
  "fd_mean": 0.06004546716364368,
  "fd_num": 1,
  "fd_perc": 0.7518796992481203,
  "fwhm_avg": 1.9067083333333332,
  "fwhm_x": 1.79431,
  "fwhm_y": 2.07253,
  "fwhm_z": 1.853285,
  "gcor": 0.00277798,
  "gsr_x": -0.021752282977104187,
  "gsr_y": 0.032066572457551956,
  "provenance": {
    "md5sum": "442c6cce9a6372c74563735fbaddc085",
    "settings": {
      "fd_thres": 0.2,
      "testing": false
    },
    "software": "mriqc",
    "version": "22.0.6",
    "webapi_port": null,
    "webapi_url": "https://mriqc.nimh.nih.gov/api/v1"
  },
  "size_t": 133,
  "size_x": 104,
  "size_y": 104,
  "size_z": 72,
  "snr": 7.206800492096169,
  "spacing_tr": 2.0,
  "spacing_x": 2.0,
  "spacing_y": 2.0,
  "spacing_z": 2.0,
  "summary_bg_k": 20.595175762282697,
  "summary_bg_mad": 98.73239214068242,
  "summary_bg_mean": 394.28265380859375,
  "summary_bg_median": 127.8120346069336,
  "summary_bg_n": 535977.0,
  "summary_bg_p05": 51.1127815246582,
  "summary_bg_p95": 1726.0196044921847,
  "summary_bg_stdv": 702.1873779296875,
  "summary_fg_k": 4.895514038687786,
  "summary_fg_mad": 892.4932349046052,
  "summary_fg_mean": 7358.85009765625,
  "summary_fg_median": 7381.39892578125,
  "summary_fg_n": 145853.0,
  "summary_fg_p05": 5880.21826171875,
  "summary_fg_p95": 8821.7853515625,
  "summary_fg_stdv": 1024.223388671875,
  "tsnr": 41.50597698055208
}