{
  "aor": 0.0006229166666666667,
  "aqi": 0.024729610416666666,
  "bids_meta": {
    "AcquisitionDuration": [],
    "DelayTime": [],
    "EchoTime": 0.025,
    "FlipAngle": 90,
    "MagneticFieldStrength": 3,
    "Manufacturer": "Siemens",
    "ManufacturerModelName": "MAGNETOM Skyra",
    "MultibandAccelerationFactor": 3,
    "RepetitionTime": 2,
    "SliceTiming": [
      0,
      0.9075,
      1.815,
      0.7425,
      1.65,
      0.5775,
      1.485,
      0.4125,
      1.32,
      0.2475,
      1.155,
      0.0825,
      0.99,
      1.8975,
      0.825,
      1.7325,
      0.66,
      1.5675,
      0.495,
      1.4025,
      0.33,
      1.2375,
      0.165,
      1.0725,
      0,
      0.9075,
      1.815,
      0.7425,
      1.65,
      0.5775,
      1.485,
      0.4125,
      1.32,
      0.2475,
      1.155,
      0.0825,
      0.99,
      1.8975,
      0.825,
      1.7325,
      0.66,
      1.5675,
      0.495,
      1.4025,
      0.33,
      1.2375,
      0.165,
      1.0725,
      0,
      0.9075,
      1.815,
      0.7425,
      1.65,
      0.5775,
      1.485,
      0.4125,
      1.32,
      0.2475,
      1.155,
      0.0825,
      0.99,
      1.8975,
      0.825,
      1.7325,
      0.66,
      1.5675,
      0.495,
      1.4025,
      0.33,
      1.2375,
      0.165,
      1.0725
    ],
    "TaskName": "train",
    "VolumeTiming": [
      0,
      2,
      4,
      6,
      8,
      10,
      12,
      14,
      16,
      18,
      20,
      22,
      24,
      26,
      28,
      30,
      32,
      34,
      36,
      38,
      40,
      42,
      44,
      46,
      48,
      50,
      52,
      54,
      56,
      58,
      60,
      62,
      64,
      66,
      68,
      70,
      72,
      74,
      76,
      78,
      80,
      82,
      84,
      86,
      88,
      90,
      92,
      94,
      96,
      98,
      100,
      102,
      104,
      106,
      108,
      110,
      112,
      114,
      116,
      118,
      120,
      122,
      124,
      126,
      128,
      130,
      132,
      134,
      136,
      138,
      140,
      142,
      144,
      146,
      148,
      150,
      152,
      154,
      156,
      158,
      160,
      162,
      164,
      166,
      168,
      170,
      172,
      174,
      176,
      178,
      180,
      182,
      184,
      186,
      188,
      190,
      192,
      194,
      196,
      198,
      200,
      202,
      204,
      206,
      208,
      210,
      212,
      214,
      216,
      218,
      220,
      222,
      224,
      226,
      228,
      230,
      232,
      234,
      236,
      238,
      240,
      242,
      244,
      246,
      248,
      250,
      252,
      254,
      256,
      258,
      260,
      262,
      264,
      266,
      268,
      270,
      272,
      274,
      276,
      278,
      280,
      282,
      284,
      286,
      288
    ],
    "dataset": "ds002813",
    "modality": "bold",
    "run_id": 7,
    "subject_id": "231",
    "task_id": "train"
  },
  "dummy_trs": 1,
  "dvars_nstd": 50.502842963006984,
  "dvars_std": 1.340673276643357,
  "dvars_vstd": 1.0010294074125872,
  "efc": 0.510561209403636,
  "fber": 3283.668701171875,
  "fd_mean": 0.05453677462680067,
  "fd_num": 2,
  "fd_perc": 1.3888888888888888,
  "fwhm_avg": 1.8992950000000002,
  "fwhm_x": 1.798605,
  "fwhm_y": 2.062975,
  "fwhm_z": 1.836305,
  "gcor": 0.00361775,
  "gsr_x": -0.022043392062187195,
  "gsr_y": 0.03193136677145958,
  "provenance": {
    "md5sum": "3b8e4643e476fc215561faf450fe9669",
    "settings": {
      "fd_thres": 0.2,
      "testing": false
    },
    "software": "mriqc",
    "version": "22.0.6",
    "webapi_port": null,
    "webapi_url": "https://mriqc.nimh.nih.gov/api/v1"
  },
  "size_t": 144,
  "size_x": 104,
  "size_y": 104,
  "size_z": 72,
  "snr": 7.2288156795445575,
  "spacing_tr": 2.0,
  "spacing_x": 2.0,
  "spacing_y": 2.0,
  "spacing_z": 2.0,
  "summary_bg_k": 20.70486304026871,
  "summary_bg_mad": 98.31505678681341,
  "summary_bg_mean": 393.48162841796875,
  "summary_bg_median": 127.70833587646484,
  "summary_bg_n": 536192.0,
  "summary_bg_p05": 51.27083206176758,
  "summary_bg_p95": 1729.0774169921788,
  "summary_bg_stdv": 700.7225952148438,
  "summary_fg_k": 4.815100861551257,
  "summary_fg_mad": 894.2769906987447,
  "summary_fg_mean": 7370.25732421875,
  "summary_fg_median": 7390.90966796875,
  "summary_fg_n": 145559.0,
  "summary_fg_p05": 5888.615869140625,
  "summary_fg_p95": 8834.5205078125,
  "summary_fg_stdv": 1022.4197998046875,
  "tsnr": 42.616376439109445
}