{
  "aor": 0.001293,
  "aqi": 0.02621431923076923,
  "bids_meta": {
    "AcquisitionDuration": [],
    "DelayTime": [],
    "EchoTime": 0.025,
    "FlipAngle": 90,
    "MagneticFieldStrength": 3,
    "Manufacturer": "Siemens",
    "ManufacturerModelName": "MAGNETOM Skyra",
    "MultibandAccelerationFactor": 3,
    "RepetitionTime": 2,
    "SliceTiming": [
      0,
      0.9075,
      1.815,
      0.7425,
      1.65,
      0.5775,
      1.485,
      0.4125,
      1.32,
      0.2475,
      1.155,
      0.0825,
      0.99,
      1.8975,
      0.825,
      1.7325,
      0.66,
      1.5675,
      0.495,
      1.4025,
      0.33,
      1.2375,
      0.165,
      1.0725,
      0,
      0.9075,
      1.815,
      0.7425,
      1.65,
      0.5775,
      1.485,
      0.4125,
      1.32,
      0.2475,
      1.155,
      0.0825,
      0.99,
      1.8975,
      0.825,
      1.7325,
      0.66,
      1.5675,
      0.495,
      1.4025,
      0.33,
      1.2375,
      0.165,
      1.0725,
      0,
      0.9075,
      1.815,
      0.7425,
      1.65,
      0.5775,
      1.485,
      0.4125,
      1.32,
      0.2475,
      1.155,
      0.0825,
      0.99,
      1.8975,
      0.825,
      1.7325,
      0.66,
      1.5675,
      0.495,
      1.4025,
      0.33,
      1.2375,
      0.165,
      1.0725
    ],
    "TaskName": "imtest",
    "VolumeTiming": [
      0,
      2,
      4,
      6,
      8,
      10,
      12,
      14,
      16,
      18,
      20,
      22,
      24,
      26,
      28,
      30,
      32,
      34,
      36,
      38,
      40,
      42,
      44,
      46,
      48,
      50,
      52,
      54,
      56,
      58,
      60,
      62,
      64,
      66,
      68,
      70,
      72,
      74,
      76,
      78,
      80,
      82,
      84,
      86,
      88,
      90,
      92,
      94,
      96,
      98,
      100,
      102,
      104,
      106,
      108,
      110,
      112,
      114,
      116,
      118,
      120,
      122,
      124,
      126,
      128,
      130,
      132,
      134,
      136,
      138,
      140,
      142,
      144,
      146,
      148,
      150,
      152,
      154,
      156,
      158,
      160,
      162,
      164,
      166,
      168,
      170,
      172,
      174,
      176,
      178,
      180,
      182,
      184,
      186,
      188,
      190,
      192,
      194,
      196,
      198,
      200,
      202,
      204,
      206,
      208,
      210,
      212,
      214,
      216,
      218,
      220,
      222,
      224,
      226,
      228,
      230,
      232,
      234,
      236,
      238,
      240,
      242,
      244,
      246,
      248,
      250,
      252,
      254,
      256,
      258,
      260,
      262,
      264
    ],
    "dataset": "ds002813",
    "modality": "bold",
    "run_id": 3,
    "subject_id": "231",
    "task_id": "imtest"
  },
  "dummy_trs": 3,
  "dvars_nstd": 51.21341554472869,
  "dvars_std": 1.378969042635659,
  "dvars_vstd": 1.023792022248062,
  "efc": 0.5105174842738495,
  "fber": 3393.641845703125,
  "fd_mean": 0.05333638777911333,
  "fd_num": 0,
  "fd_perc": 0.0,
  "fwhm_avg": 1.9099216666666667,
  "fwhm_x": 1.798195,
  "fwhm_y": 2.076615,
  "fwhm_z": 1.854955,
  "gcor": 0.00153564,
  "gsr_x": -0.021751735359430313,
  "gsr_y": 0.03236859664320946,
  "provenance": {
    "md5sum": "4fb252398c0944602b502d33e3bcf4c8",
    "settings": {
      "fd_thres": 0.2,
      "testing": false
    },
    "software": "mriqc",
    "version": "22.0.6",
    "webapi_port": null,
    "webapi_url": "https://mriqc.nimh.nih.gov/api/v1"
  },
  "size_t": 130,
  "size_x": 104,
  "size_y": 104,
  "size_z": 72,
  "snr": 7.213248642984224,
  "spacing_tr": 2.0,
  "spacing_x": 2.0,
  "spacing_y": 2.0,
  "spacing_z": 2.0,
  "summary_bg_k": 21.57315976307166,
  "summary_bg_mad": 95.76470486075311,
  "summary_bg_mean": 390.71282958984375,
  "summary_bg_median": 125.26923370361328,
  "summary_bg_n": 535895.0,
  "summary_bg_p05": 50.83076858520508,
  "summary_bg_p95": 1707.7831298828119,
  "summary_bg_stdv": 697.2752075195312,
  "summary_fg_k": 4.6678217147962835,
  "summary_fg_mad": 890.2454419903181,
  "summary_fg_mean": 7345.68017578125,
  "summary_fg_median": 7363.5537109375,
  "summary_fg_n": 145877.0,
  "summary_fg_p05": 5857.4369140625,
  "summary_fg_p95": 8816.199804687498,
  "summary_fg_stdv": 1020.8338623046875,
  "tsnr": 40.915487222373486
}