{
  "aor": 0.0007257894736842106,
  "aqi": 0.023915236090225566,
  "bids_meta": {
    "AcquisitionDuration": [],
    "DelayTime": [],
    "EchoTime": 0.025,
    "FlipAngle": 90,
    "MagneticFieldStrength": 3,
    "Manufacturer": "Siemens",
    "ManufacturerModelName": "MAGNETOM Skyra",
    "MultibandAccelerationFactor": 3,
    "RepetitionTime": 2,
    "SliceTiming": [
      0,
      0.9075,
      1.815,
      0.7425,
      1.65,
      0.5775,
      1.485,
      0.4125,
      1.32,
      0.2475,
      1.155,
      0.0825,
      0.99,
      1.8975,
      0.825,
      1.7325,
      0.66,
      1.5675,
      0.495,
      1.4025,
      0.33,
      1.2375,
      0.165,
      1.0725,
      0,
      0.9075,
      1.815,
      0.7425,
      1.65,
      0.5775,
      1.485,
      0.4125,
      1.32,
      0.2475,
      1.155,
      0.0825,
      0.99,
      1.8975,
      0.825,
      1.7325,
      0.66,
      1.5675,
      0.495,
      1.4025,
      0.33,
      1.2375,
      0.165,
      1.0725,
      0,
      0.9075,
      1.815,
      0.7425,
      1.65,
      0.5775,
      1.485,
      0.4125,
      1.32,
      0.2475,
      1.155,
      0.0825,
      0.99,
      1.8975,
      0.825,
      1.7325,
      0.66,
      1.5675,
      0.495,
      1.4025,
      0.33,
      1.2375,
      0.165,
      1.0725
    ],
    "TaskName": "imtest",
    "VolumeTiming": [
      0,
      2,
      4,
      6,
      8,
      10,
      12,
      14,
      16,
      18,
      20,
      22,
      24,
      26,
      28,
      30,
      32,
      34,
      36,
      38,
      40,
      42,
      44,
      46,
      48,
      50,
      52,
      54,
      56,
      58,
      60,
      62,
      64,
      66,
      68,
      70,
      72,
      74,
      76,
      78,
      80,
      82,
      84,
      86,
      88,
      90,
      92,
      94,
      96,
      98,
      100,
      102,
      104,
      106,
      108,
      110,
      112,
      114,
      116,
      118,
      120,
      122,
      124,
      126,
      128,
      130,
      132,
      134,
      136,
      138,
      140,
      142,
      144,
      146,
      148,
      150,
      152,
      154,
      156,
      158,
      160,
      162,
      164,
      166,
      168,
      170,
      172,
      174,
      176,
      178,
      180,
      182,
      184,
      186,
      188,
      190,
      192,
      194,
      196,
      198,
      200,
      202,
      204,
      206,
      208,
      210,
      212,
      214,
      216,
      218,
      220,
      222,
      224,
      226,
      228,
      230,
      232,
      234,
      236,
      238,
      240,
      242,
      244,
      246,
      248,
      250,
      252,
      254,
      256,
      258,
      260,
      262,
      264
    ],
    "dataset": "ds002813",
    "modality": "bold",
    "run_id": 2,
    "subject_id": "232",
    "task_id": "imtest"
  },
  "dummy_trs": 0,
  "dvars_nstd": 49.46811352310605,
  "dvars_std": 1.2814955936363628,
  "dvars_vstd": 1.0103061400757578,
  "efc": 0.5379039361790222,
  "fber": 2359.389892578125,
  "fd_mean": 0.12865532117215064,
  "fd_num": 13,
  "fd_perc": 9.774436090225564,
  "fwhm_avg": 1.9620466666666667,
  "fwhm_x": 1.926365,
  "fwhm_y": 2.00294,
  "fwhm_z": 1.956835,
  "gcor": 0.00469809,
  "gsr_x": -0.004938965663313866,
  "gsr_y": 0.01896223984658718,
  "provenance": {
    "md5sum": "e79208d4c7c030a0f206a0082f401df5",
    "settings": {
      "fd_thres": 0.2,
      "testing": false
    },
    "software": "mriqc",
    "version": "22.0.6",
    "webapi_port": null,
    "webapi_url": "https://mriqc.nimh.nih.gov/api/v1"
  },
  "size_t": 133,
  "size_x": 104,
  "size_y": 104,
  "size_z": 72,
  "snr": 6.961058569502377,
  "spacing_tr": 2.0,
  "spacing_x": 2.0,
  "spacing_y": 2.0,
  "spacing_z": 2.0,
  "summary_bg_k": 16.356072464841283,
  "summary_bg_mad": 136.57777289511498,
  "summary_bg_mean": 524.0762939453125,
  "summary_bg_median": 167.17294311523438,
  "summary_bg_n": 517847.0,
  "summary_bg_p05": 54.00751876831055,
  "summary_bg_p95": 2351.4414794921836,
  "summary_bg_stdv": 953.4956665039062,
  "summary_fg_k": 4.966640107799682,
  "summary_fg_mad": 992.3401237645498,
  "summary_fg_mean": 8206.9580078125,
  "summary_fg_median": 8217.0224609375,
  "summary_fg_n": 160453.0,
  "summary_fg_p05": 6551.70546875,
  "summary_fg_p95": 9903.90859375,
  "summary_fg_stdv": 1180.4234619140625,
  "tsnr": 40.93522333074361
}