{
  "aor": 0.0005886896551724138,
  "aqi": 0.015418651034482759,
  "bids_meta": {
    "AcquisitionDuration": [],
    "DelayTime": [],
    "EchoTime": 0.025,
    "FlipAngle": 90,
    "MagneticFieldStrength": 3,
    "Manufacturer": "Siemens",
    "ManufacturerModelName": "MAGNETOM Skyra",
    "MultibandAccelerationFactor": 3,
    "RepetitionTime": 2,
    "SliceTiming": [
      0,
      0.9075,
      1.815,
      0.7425,
      1.65,
      0.5775,
      1.485,
      0.4125,
      1.32,
      0.2475,
      1.155,
      0.0825,
      0.99,
      1.8975,
      0.825,
      1.7325,
      0.66,
      1.5675,
      0.495,
      1.4025,
      0.33,
      1.2375,
      0.165,
      1.0725,
      0,
      0.9075,
      1.815,
      0.7425,
      1.65,
      0.5775,
      1.485,
      0.4125,
      1.32,
      0.2475,
      1.155,
      0.0825,
      0.99,
      1.8975,
      0.825,
      1.7325,
      0.66,
      1.5675,
      0.495,
      1.4025,
      0.33,
      1.2375,
      0.165,
      1.0725,
      0,
      0.9075,
      1.815,
      0.7425,
      1.65,
      0.5775,
      1.485,
      0.4125,
      1.32,
      0.2475,
      1.155,
      0.0825,
      0.99,
      1.8975,
      0.825,
      1.7325,
      0.66,
      1.5675,
      0.495,
      1.4025,
      0.33,
      1.2375,
      0.165,
      1.0725
    ],
    "TaskName": "train",
    "VolumeTiming": [
      0,
      2,
      4,
      6,
      8,
      10,
      12,
      14,
      16,
      18,
      20,
      22,
      24,
      26,
      28,
      30,
      32,
      34,
      36,
      38,
      40,
      42,
      44,
      46,
      48,
      50,
      52,
      54,
      56,
      58,
      60,
      62,
      64,
      66,
      68,
      70,
      72,
      74,
      76,
      78,
      80,
      82,
      84,
      86,
      88,
      90,
      92,
      94,
      96,
      98,
      100,
      102,
      104,
      106,
      108,
      110,
      112,
      114,
      116,
      118,
      120,
      122,
      124,
      126,
      128,
      130,
      132,
      134,
      136,
      138,
      140,
      142,
      144,
      146,
      148,
      150,
      152,
      154,
      156,
      158,
      160,
      162,
      164,
      166,
      168,
      170,
      172,
      174,
      176,
      178,
      180,
      182,
      184,
      186,
      188,
      190,
      192,
      194,
      196,
      198,
      200,
      202,
      204,
      206,
      208,
      210,
      212,
      214,
      216,
      218,
      220,
      222,
      224,
      226,
      228,
      230,
      232,
      234,
      236,
      238,
      240,
      242,
      244,
      246,
      248,
      250,
      252,
      254,
      256,
      258,
      260,
      262,
      264,
      266,
      268,
      270,
      272,
      274,
      276,
      278,
      280,
      282,
      284,
      286,
      288
    ],
    "dataset": "ds002813",
    "modality": "bold",
    "run_id": 1,
    "subject_id": "207",
    "task_id": "train"
  },
  "dummy_trs": 0,
  "dvars_nstd": 45.56891147305557,
  "dvars_std": 1.2538583917361108,
  "dvars_vstd": 1.0103320654166668,
  "efc": 0.5600620127936786,
  "fber": 2639.880126953125,
  "fd_mean": 0.049918403966854055,
  "fd_num": 0,
  "fd_perc": 0.0,
  "fwhm_avg": 1.965065,
  "fwhm_x": 1.84774,
  "fwhm_y": 2.12236,
  "fwhm_z": 1.925095,
  "gcor": 0.00282865,
  "gsr_x": -0.01048548985272646,
  "gsr_y": 0.0581875704228878,
  "provenance": {
    "md5sum": "c82a41e51abdd29b8580577c5cd23225",
    "settings": {
      "fd_thres": 0.2,
      "testing": false
    },
    "software": "mriqc",
    "version": "22.0.6",
    "webapi_port": null,
    "webapi_url": "https://mriqc.nimh.nih.gov/api/v1"
  },
  "size_t": 145,
  "size_x": 104,
  "size_y": 104,
  "size_z": 72,
  "snr": 6.184839537246177,
  "spacing_tr": 2.0,
  "spacing_x": 2.0,
  "spacing_y": 2.0,
  "spacing_z": 2.0,
  "summary_bg_k": 9.84994079130735,
  "summary_bg_mad": 126.65512227913712,
  "summary_bg_mean": 587.8629760742188,
  "summary_bg_median": 154.6482696533203,
  "summary_bg_n": 500635.0,
  "summary_bg_p05": 56.28275680541992,
  "summary_bg_p95": 2941.875732421875,
  "summary_bg_stdv": 1033.8770751953125,
  "summary_fg_k": 3.8516143760570367,
  "summary_fg_mad": 1174.3946995039178,
  "summary_fg_mean": 8126.1103515625,
  "summary_fg_median": 8118.3310546875,
  "summary_fg_n": 174582.0,
  "summary_fg_p05": 6271.793041992188,
  "summary_fg_p95": 10067.756689453125,
  "summary_fg_stdv": 1312.6141357421875,
  "tsnr": 43.38779067993164
}