{
  "aor": 0.0006175,
  "aqi": 0.017126105555555556,
  "bids_meta": {
    "AcquisitionDuration": [],
    "DelayTime": [],
    "EchoTime": 0.025,
    "FlipAngle": 90,
    "MagneticFieldStrength": 3,
    "Manufacturer": "Siemens",
    "ManufacturerModelName": "MAGNETOM Skyra",
    "MultibandAccelerationFactor": 3,
    "RepetitionTime": 2,
    "SliceTiming": [
      0,
      0.9075,
      1.815,
      0.7425,
      1.65,
      0.5775,
      1.485,
      0.4125,
      1.32,
      0.2475,
      1.155,
      0.0825,
      0.99,
      1.8975,
      0.825,
      1.7325,
      0.66,
      1.5675,
      0.495,
      1.4025,
      0.33,
      1.2375,
      0.165,
      1.0725,
      0,
      0.9075,
      1.815,
      0.7425,
      1.65,
      0.5775,
      1.485,
      0.4125,
      1.32,
      0.2475,
      1.155,
      0.0825,
      0.99,
      1.8975,
      0.825,
      1.7325,
      0.66,
      1.5675,
      0.495,
      1.4025,
      0.33,
      1.2375,
      0.165,
      1.0725,
      0,
      0.9075,
      1.815,
      0.7425,
      1.65,
      0.5775,
      1.485,
      0.4125,
      1.32,
      0.2475,
      1.155,
      0.0825,
      0.99,
      1.8975,
      0.825,
      1.7325,
      0.66,
      1.5675,
      0.495,
      1.4025,
      0.33,
      1.2375,
      0.165,
      1.0725
    ],
    "TaskName": "train",
    "VolumeTiming": [
      0,
      2,
      4,
      6,
      8,
      10,
      12,
      14,
      16,
      18,
      20,
      22,
      24,
      26,
      28,
      30,
      32,
      34,
      36,
      38,
      40,
      42,
      44,
      46,
      48,
      50,
      52,
      54,
      56,
      58,
      60,
      62,
      64,
      66,
      68,
      70,
      72,
      74,
      76,
      78,
      80,
      82,
      84,
      86,
      88,
      90,
      92,
      94,
      96,
      98,
      100,
      102,
      104,
      106,
      108,
      110,
      112,
      114,
      116,
      118,
      120,
      122,
      124,
      126,
      128,
      130,
      132,
      134,
      136,
      138,
      140,
      142,
      144,
      146,
      148,
      150,
      152,
      154,
      156,
      158,
      160,
      162,
      164,
      166,
      168,
      170,
      172,
      174,
      176,
      178,
      180,
      182,
      184,
      186,
      188,
      190,
      192,
      194,
      196,
      198,
      200,
      202,
      204,
      206,
      208,
      210,
      212,
      214,
      216,
      218,
      220,
      222,
      224,
      226,
      228,
      230,
      232,
      234,
      236,
      238,
      240,
      242,
      244,
      246,
      248,
      250,
      252,
      254,
      256,
      258,
      260,
      262,
      264,
      266,
      268,
      270,
      272,
      274,
      276,
      278,
      280,
      282,
      284,
      286,
      288
    ],
    "dataset": "ds002813",
    "modality": "bold",
    "run_id": 7,
    "subject_id": "207",
    "task_id": "train"
  },
  "dummy_trs": 1,
  "dvars_nstd": 44.79162013440557,
  "dvars_std": 1.209401902587412,
  "dvars_vstd": 0.9992088020979027,
  "efc": 0.5619886921132673,
  "fber": 2609.333251953125,
  "fd_mean": 0.06216008794878749,
  "fd_num": 0,
  "fd_perc": 0.0,
  "fwhm_avg": 1.9539016666666666,
  "fwhm_x": 1.83898,
  "fwhm_y": 2.112085,
  "fwhm_z": 1.91064,
  "gcor": 0.00137005,
  "gsr_x": -0.010467668995261192,
  "gsr_y": 0.06541171669960022,
  "provenance": {
    "md5sum": "84c5008b4681ceedb6abe718b2fb40aa",
    "settings": {
      "fd_thres": 0.2,
      "testing": false
    },
    "software": "mriqc",
    "version": "22.0.6",
    "webapi_port": null,
    "webapi_url": "https://mriqc.nimh.nih.gov/api/v1"
  },
  "size_t": 144,
  "size_x": 104,
  "size_y": 104,
  "size_z": 72,
  "snr": 6.353740070243045,
  "spacing_tr": 2.0,
  "spacing_x": 2.0,
  "spacing_y": 2.0,
  "spacing_z": 2.0,
  "summary_bg_k": 8.88350642910549,
  "summary_bg_mad": 128.92976269987577,
  "summary_bg_mean": 598.9306640625,
  "summary_bg_median": 155.53472900390625,
  "summary_bg_n": 500830.0,
  "summary_bg_p05": 56.29861068725586,
  "summary_bg_p95": 3017.224377441406,
  "summary_bg_stdv": 1036.5152587890625,
  "summary_fg_k": 3.7264437353311806,
  "summary_fg_mad": 1152.877421310245,
  "summary_fg_mean": 8121.81640625,
  "summary_fg_median": 8119.6943359375,
  "summary_fg_n": 174475.0,
  "summary_fg_p05": 6304.6986328125,
  "summary_fg_p95": 10011.219921875,
  "summary_fg_stdv": 1277.9356689453125,
  "tsnr": 40.72596558649093
}