{
  "aor": 0.0008457241379310345,
  "aqi": 0.03751859586206896,
  "bids_meta": {
    "AcquisitionDuration": [],
    "DelayTime": [],
    "EchoTime": 0.025,
    "FlipAngle": 90,
    "MagneticFieldStrength": 3,
    "Manufacturer": "Siemens",
    "ManufacturerModelName": "MAGNETOM Skyra",
    "MultibandAccelerationFactor": 3,
    "RepetitionTime": 2,
    "SliceTiming": [
      0,
      0.9075,
      1.815,
      0.7425,
      1.65,
      0.5775,
      1.485,
      0.4125,
      1.32,
      0.2475,
      1.155,
      0.0825,
      0.99,
      1.8975,
      0.825,
      1.7325,
      0.66,
      1.5675,
      0.495,
      1.4025,
      0.33,
      1.2375,
      0.165,
      1.0725,
      0,
      0.9075,
      1.815,
      0.7425,
      1.65,
      0.5775,
      1.485,
      0.4125,
      1.32,
      0.2475,
      1.155,
      0.0825,
      0.99,
      1.8975,
      0.825,
      1.7325,
      0.66,
      1.5675,
      0.495,
      1.4025,
      0.33,
      1.2375,
      0.165,
      1.0725,
      0,
      0.9075,
      1.815,
      0.7425,
      1.65,
      0.5775,
      1.485,
      0.4125,
      1.32,
      0.2475,
      1.155,
      0.0825,
      0.99,
      1.8975,
      0.825,
      1.7325,
      0.66,
      1.5675,
      0.495,
      1.4025,
      0.33,
      1.2375,
      0.165,
      1.0725
    ],
    "TaskName": "train",
    "VolumeTiming": [
      0,
      2,
      4,
      6,
      8,
      10,
      12,
      14,
      16,
      18,
      20,
      22,
      24,
      26,
      28,
      30,
      32,
      34,
      36,
      38,
      40,
      42,
      44,
      46,
      48,
      50,
      52,
      54,
      56,
      58,
      60,
      62,
      64,
      66,
      68,
      70,
      72,
      74,
      76,
      78,
      80,
      82,
      84,
      86,
      88,
      90,
      92,
      94,
      96,
      98,
      100,
      102,
      104,
      106,
      108,
      110,
      112,
      114,
      116,
      118,
      120,
      122,
      124,
      126,
      128,
      130,
      132,
      134,
      136,
      138,
      140,
      142,
      144,
      146,
      148,
      150,
      152,
      154,
      156,
      158,
      160,
      162,
      164,
      166,
      168,
      170,
      172,
      174,
      176,
      178,
      180,
      182,
      184,
      186,
      188,
      190,
      192,
      194,
      196,
      198,
      200,
      202,
      204,
      206,
      208,
      210,
      212,
      214,
      216,
      218,
      220,
      222,
      224,
      226,
      228,
      230,
      232,
      234,
      236,
      238,
      240,
      242,
      244,
      246,
      248,
      250,
      252,
      254,
      256,
      258,
      260,
      262,
      264,
      266,
      268,
      270,
      272,
      274,
      276,
      278,
      280,
      282,
      284,
      286,
      288
    ],
    "dataset": "ds002813",
    "modality": "bold",
    "run_id": 4,
    "subject_id": "215",
    "task_id": "train"
  },
  "dummy_trs": 0,
  "dvars_nstd": 47.708811706458356,
  "dvars_std": 1.1522800138194447,
  "dvars_vstd": 0.9941330327083328,
  "efc": 0.512271343281026,
  "fber": 2637.2958984375,
  "fd_mean": 0.18984263837466056,
  "fd_num": 49,
  "fd_perc": 33.793103448275865,
  "fwhm_avg": 1.9653150376692439,
  "fwhm_x": 1.907195,
  "fwhm_y": 2.092795,
  "fwhm_z": 1.895955113007731,
  "gcor": 0.00615522,
  "gsr_x": -0.01153524313122034,
  "gsr_y": 0.031237982213497162,
  "provenance": {
    "md5sum": "588a937acdb200291ab8e7b2ebb9a58a",
    "settings": {
      "fd_thres": 0.2,
      "testing": false
    },
    "software": "mriqc",
    "version": "22.0.6",
    "webapi_port": null,
    "webapi_url": "https://mriqc.nimh.nih.gov/api/v1"
  },
  "size_t": 145,
  "size_x": 104,
  "size_y": 104,
  "size_z": 72,
  "snr": 7.535440605315863,
  "spacing_tr": 2.0,
  "spacing_x": 2.0,
  "spacing_y": 2.0,
  "spacing_z": 1.9999998807907104,
  "summary_bg_k": 20.380589673531848,
  "summary_bg_mad": 98.36299714671165,
  "summary_bg_mean": 366.9278564453125,
  "summary_bg_median": 129.83448791503906,
  "summary_bg_n": 535685.0,
  "summary_bg_p05": 46.28275680541992,
  "summary_bg_p95": 1491.3986328125,
  "summary_bg_stdv": 669.7907104492188,
  "summary_fg_k": 3.7391315613446707,
  "summary_fg_mad": 761.8736628882953,
  "summary_fg_mean": 6717.73046875,
  "summary_fg_median": 6703.4619140625,
  "summary_fg_n": 146355.0,
  "summary_fg_p05": 5379.75576171875,
  "summary_fg_p95": 8086.018749999998,
  "summary_fg_stdv": 889.5881958007812,
  "tsnr": 31.351958441664465
}