{
  "aor": 0.000799793103448276,
  "aqi": 0.021641546896551726,
  "bids_meta": {
    "AcquisitionDuration": [],
    "DelayTime": [],
    "EchoTime": 0.025,
    "FlipAngle": 90,
    "MagneticFieldStrength": 3,
    "Manufacturer": "Siemens",
    "ManufacturerModelName": "MAGNETOM Skyra",
    "MultibandAccelerationFactor": 3,
    "RepetitionTime": 2,
    "SliceTiming": [
      0,
      0.9075,
      1.815,
      0.7425,
      1.65,
      0.5775,
      1.485,
      0.4125,
      1.32,
      0.2475,
      1.155,
      0.0825,
      0.99,
      1.8975,
      0.825,
      1.7325,
      0.66,
      1.5675,
      0.495,
      1.4025,
      0.33,
      1.2375,
      0.165,
      1.0725,
      0,
      0.9075,
      1.815,
      0.7425,
      1.65,
      0.5775,
      1.485,
      0.4125,
      1.32,
      0.2475,
      1.155,
      0.0825,
      0.99,
      1.8975,
      0.825,
      1.7325,
      0.66,
      1.5675,
      0.495,
      1.4025,
      0.33,
      1.2375,
      0.165,
      1.0725,
      0,
      0.9075,
      1.815,
      0.7425,
      1.65,
      0.5775,
      1.485,
      0.4125,
      1.32,
      0.2475,
      1.155,
      0.0825,
      0.99,
      1.8975,
      0.825,
      1.7325,
      0.66,
      1.5675,
      0.495,
      1.4025,
      0.33,
      1.2375,
      0.165,
      1.0725
    ],
    "TaskName": "train",
    "VolumeTiming": [
      0,
      2,
      4,
      6,
      8,
      10,
      12,
      14,
      16,
      18,
      20,
      22,
      24,
      26,
      28,
      30,
      32,
      34,
      36,
      38,
      40,
      42,
      44,
      46,
      48,
      50,
      52,
      54,
      56,
      58,
      60,
      62,
      64,
      66,
      68,
      70,
      72,
      74,
      76,
      78,
      80,
      82,
      84,
      86,
      88,
      90,
      92,
      94,
      96,
      98,
      100,
      102,
      104,
      106,
      108,
      110,
      112,
      114,
      116,
      118,
      120,
      122,
      124,
      126,
      128,
      130,
      132,
      134,
      136,
      138,
      140,
      142,
      144,
      146,
      148,
      150,
      152,
      154,
      156,
      158,
      160,
      162,
      164,
      166,
      168,
      170,
      172,
      174,
      176,
      178,
      180,
      182,
      184,
      186,
      188,
      190,
      192,
      194,
      196,
      198,
      200,
      202,
      204,
      206,
      208,
      210,
      212,
      214,
      216,
      218,
      220,
      222,
      224,
      226,
      228,
      230,
      232,
      234,
      236,
      238,
      240,
      242,
      244,
      246,
      248,
      250,
      252,
      254,
      256,
      258,
      260,
      262,
      264,
      266,
      268,
      270,
      272,
      274,
      276,
      278,
      280,
      282,
      284,
      286,
      288
    ],
    "dataset": "ds002813",
    "modality": "bold",
    "run_id": 2,
    "subject_id": "201",
    "task_id": "train"
  },
  "dummy_trs": 0,
  "dvars_nstd": 49.67536263999998,
  "dvars_std": 1.3498950028472227,
  "dvars_vstd": 1.013853210208334,
  "efc": 0.5487594338391533,
  "fber": 2685.50732421875,
  "fd_mean": 0.04722897824148252,
  "fd_num": 1,
  "fd_perc": 0.6896551724137931,
  "fwhm_avg": 1.8746516666666668,
  "fwhm_x": 1.787935,
  "fwhm_y": 2.030005,
  "fwhm_z": 1.806015,
  "gcor": 0.0028152,
  "gsr_x": -0.017868351191282272,
  "gsr_y": 0.0321400947868824,
  "provenance": {
    "md5sum": "2d912db4932bcf4588d2b39fe06f3a67",
    "settings": {
      "fd_thres": 0.2,
      "testing": false
    },
    "software": "mriqc",
    "version": "22.0.6",
    "webapi_port": null,
    "webapi_url": "https://mriqc.nimh.nih.gov/api/v1"
  },
  "size_t": 145,
  "size_x": 104,
  "size_y": 104,
  "size_z": 72,
  "snr": 6.909085614548103,
  "spacing_tr": 2.0,
  "spacing_x": 2.0,
  "spacing_y": 2.0,
  "spacing_z": 2.0,
  "summary_bg_k": 12.789631287366324,
  "summary_bg_mad": 133.52622886815433,
  "summary_bg_mean": 571.1947021484375,
  "summary_bg_median": 160.03448486328125,
  "summary_bg_n": 510981.0,
  "summary_bg_p05": 57.482757568359375,
  "summary_bg_p95": 2826.48974609375,
  "summary_bg_stdv": 1023.3404541015625,
  "summary_fg_k": 5.179621230485328,
  "summary_fg_mad": 1006.1968078780341,
  "summary_fg_mean": 8382.162109375,
  "summary_fg_median": 8377.73828125,
  "summary_fg_n": 167725.0,
  "summary_fg_p05": 6704.1212890625,
  "summary_fg_p95": 10176.3919921875,
  "summary_fg_stdv": 1212.564697265625,
  "tsnr": 43.691163033945486
}