{
  "aor": 0.0008338194444444445,
  "aqi": 0.0224256625,
  "bids_meta": {
    "AcquisitionDuration": [],
    "DelayTime": [],
    "EchoTime": 0.025,
    "FlipAngle": 90,
    "MagneticFieldStrength": 3,
    "Manufacturer": "Siemens",
    "ManufacturerModelName": "MAGNETOM Skyra",
    "MultibandAccelerationFactor": 3,
    "RepetitionTime": 2,
    "SliceTiming": [
      0,
      0.9075,
      1.815,
      0.7425,
      1.65,
      0.5775,
      1.485,
      0.4125,
      1.32,
      0.2475,
      1.155,
      0.0825,
      0.99,
      1.8975,
      0.825,
      1.7325,
      0.66,
      1.5675,
      0.495,
      1.4025,
      0.33,
      1.2375,
      0.165,
      1.0725,
      0,
      0.9075,
      1.815,
      0.7425,
      1.65,
      0.5775,
      1.485,
      0.4125,
      1.32,
      0.2475,
      1.155,
      0.0825,
      0.99,
      1.8975,
      0.825,
      1.7325,
      0.66,
      1.5675,
      0.495,
      1.4025,
      0.33,
      1.2375,
      0.165,
      1.0725,
      0,
      0.9075,
      1.815,
      0.7425,
      1.65,
      0.5775,
      1.485,
      0.4125,
      1.32,
      0.2475,
      1.155,
      0.0825,
      0.99,
      1.8975,
      0.825,
      1.7325,
      0.66,
      1.5675,
      0.495,
      1.4025,
      0.33,
      1.2375,
      0.165,
      1.0725
    ],
    "TaskName": "train",
    "VolumeTiming": [
      0,
      2,
      4,
      6,
      8,
      10,
      12,
      14,
      16,
      18,
      20,
      22,
      24,
      26,
      28,
      30,
      32,
      34,
      36,
      38,
      40,
      42,
      44,
      46,
      48,
      50,
      52,
      54,
      56,
      58,
      60,
      62,
      64,
      66,
      68,
      70,
      72,
      74,
      76,
      78,
      80,
      82,
      84,
      86,
      88,
      90,
      92,
      94,
      96,
      98,
      100,
      102,
      104,
      106,
      108,
      110,
      112,
      114,
      116,
      118,
      120,
      122,
      124,
      126,
      128,
      130,
      132,
      134,
      136,
      138,
      140,
      142,
      144,
      146,
      148,
      150,
      152,
      154,
      156,
      158,
      160,
      162,
      164,
      166,
      168,
      170,
      172,
      174,
      176,
      178,
      180,
      182,
      184,
      186,
      188,
      190,
      192,
      194,
      196,
      198,
      200,
      202,
      204,
      206,
      208,
      210,
      212,
      214,
      216,
      218,
      220,
      222,
      224,
      226,
      228,
      230,
      232,
      234,
      236,
      238,
      240,
      242,
      244,
      246,
      248,
      250,
      252,
      254,
      256,
      258,
      260,
      262,
      264,
      266,
      268,
      270,
      272,
      274,
      276,
      278,
      280,
      282,
      284,
      286,
      288
    ],
    "dataset": "ds002813",
    "modality": "bold",
    "run_id": 1,
    "subject_id": "201",
    "task_id": "train"
  },
  "dummy_trs": 1,
  "dvars_nstd": 49.85805951622377,
  "dvars_std": 1.3364445938461538,
  "dvars_vstd": 1.0012021204195802,
  "efc": 0.5485955053908209,
  "fber": 2682.2939453125,
  "fd_mean": 0.05112945070209294,
  "fd_num": 1,
  "fd_perc": 0.6944444444444444,
  "fwhm_avg": 1.8735950000000001,
  "fwhm_x": 1.78758,
  "fwhm_y": 2.031855,
  "fwhm_z": 1.80135,
  "gcor": 0.00292318,
  "gsr_x": -0.017751488834619522,
  "gsr_y": 0.03179416432976723,
  "provenance": {
    "md5sum": "4832a16b8633082f23b02b7b08cbece1",
    "settings": {
      "fd_thres": 0.2,
      "testing": false
    },
    "software": "mriqc",
    "version": "22.0.6",
    "webapi_port": null,
    "webapi_url": "https://mriqc.nimh.nih.gov/api/v1"
  },
  "size_t": 144,
  "size_x": 104,
  "size_y": 104,
  "size_z": 72,
  "snr": 6.963885991913019,
  "spacing_tr": 2.0,
  "spacing_x": 2.0,
  "spacing_y": 2.0,
  "spacing_z": 2.0,
  "summary_bg_k": 12.660824906350243,
  "summary_bg_mad": 134.15232380373556,
  "summary_bg_mean": 567.7908935546875,
  "summary_bg_median": 160.12477111816406,
  "summary_bg_n": 510939.0,
  "summary_bg_p05": 57.16514892578125,
  "summary_bg_p95": 2803.0013671874985,
  "summary_bg_stdv": 1013.8953857421875,
  "summary_fg_k": 5.001627458241655,
  "summary_fg_mad": 1008.4518400609661,
  "summary_fg_mean": 8383.3251953125,
  "summary_fg_median": 8379.744140625,
  "summary_fg_n": 167735.0,
  "summary_fg_p05": 6706.011572265625,
  "summary_fg_p95": 10172.179492187499,
  "summary_fg_stdv": 1203.310791015625,
  "tsnr": 42.747230529785156
}