{
  "aor": 0.0007427272727272728,
  "aqi": 0.025298179545454547,
  "bids_meta": {
    "AcquisitionDuration": [],
    "DelayTime": [],
    "EchoTime": 0.025,
    "FlipAngle": 90,
    "MagneticFieldStrength": 3,
    "Manufacturer": "Siemens",
    "ManufacturerModelName": "MAGNETOM Skyra",
    "MultibandAccelerationFactor": 3,
    "RepetitionTime": 2,
    "SliceTiming": [
      0,
      0.9075,
      1.815,
      0.7425,
      1.65,
      0.5775,
      1.485,
      0.4125,
      1.32,
      0.2475,
      1.155,
      0.0825,
      0.99,
      1.8975,
      0.825,
      1.7325,
      0.66,
      1.5675,
      0.495,
      1.4025,
      0.33,
      1.2375,
      0.165,
      1.0725,
      0,
      0.9075,
      1.815,
      0.7425,
      1.65,
      0.5775,
      1.485,
      0.4125,
      1.32,
      0.2475,
      1.155,
      0.0825,
      0.99,
      1.8975,
      0.825,
      1.7325,
      0.66,
      1.5675,
      0.495,
      1.4025,
      0.33,
      1.2375,
      0.165,
      1.0725,
      0,
      0.9075,
      1.815,
      0.7425,
      1.65,
      0.5775,
      1.485,
      0.4125,
      1.32,
      0.2475,
      1.155,
      0.0825,
      0.99,
      1.8975,
      0.825,
      1.7325,
      0.66,
      1.5675,
      0.495,
      1.4025,
      0.33,
      1.2375,
      0.165,
      1.0725
    ],
    "TaskName": "imtest",
    "VolumeTiming": [
      0,
      2,
      4,
      6,
      8,
      10,
      12,
      14,
      16,
      18,
      20,
      22,
      24,
      26,
      28,
      30,
      32,
      34,
      36,
      38,
      40,
      42,
      44,
      46,
      48,
      50,
      52,
      54,
      56,
      58,
      60,
      62,
      64,
      66,
      68,
      70,
      72,
      74,
      76,
      78,
      80,
      82,
      84,
      86,
      88,
      90,
      92,
      94,
      96,
      98,
      100,
      102,
      104,
      106,
      108,
      110,
      112,
      114,
      116,
      118,
      120,
      122,
      124,
      126,
      128,
      130,
      132,
      134,
      136,
      138,
      140,
      142,
      144,
      146,
      148,
      150,
      152,
      154,
      156,
      158,
      160,
      162,
      164,
      166,
      168,
      170,
      172,
      174,
      176,
      178,
      180,
      182,
      184,
      186,
      188,
      190,
      192,
      194,
      196,
      198,
      200,
      202,
      204,
      206,
      208,
      210,
      212,
      214,
      216,
      218,
      220,
      222,
      224,
      226,
      228,
      230,
      232,
      234,
      236,
      238,
      240,
      242,
      244,
      246,
      248,
      250,
      252,
      254,
      256,
      258,
      260,
      262,
      264
    ],
    "dataset": "ds002813",
    "modality": "bold",
    "run_id": 2,
    "subject_id": "201",
    "task_id": "imtest"
  },
  "dummy_trs": 1,
  "dvars_nstd": 49.8635643529771,
  "dvars_std": 1.3106887030534347,
  "dvars_vstd": 0.9902198560305344,
  "efc": 0.5499219838850274,
  "fber": 2672.788818359375,
  "fd_mean": 0.055940178943544666,
  "fd_num": 2,
  "fd_perc": 1.5151515151515151,
  "fwhm_avg": 1.9172133333333334,
  "fwhm_x": 1.832305,
  "fwhm_y": 2.07618,
  "fwhm_z": 1.843155,
  "gcor": 0.00416298,
  "gsr_x": -0.017609361559152603,
  "gsr_y": 0.03370930999517441,
  "provenance": {
    "md5sum": "ee0db965056ad1df0d98e06a1e52d1e2",
    "settings": {
      "fd_thres": 0.2,
      "testing": false
    },
    "software": "mriqc",
    "version": "22.0.6",
    "webapi_port": null,
    "webapi_url": "https://mriqc.nimh.nih.gov/api/v1"
  },
  "size_t": 132,
  "size_x": 104,
  "size_y": 104,
  "size_z": 72,
  "snr": 6.856479423592865,
  "spacing_tr": 2.0,
  "spacing_x": 2.0,
  "spacing_y": 2.0,
  "spacing_z": 2.0,
  "summary_bg_k": 12.846320130946232,
  "summary_bg_mad": 134.2819802363041,
  "summary_bg_mean": 570.8631591796875,
  "summary_bg_median": 160.4625701904297,
  "summary_bg_n": 509498.0,
  "summary_bg_p05": 57.33122673034668,
  "summary_bg_p95": 2781.174230957031,
  "summary_bg_stdv": 1017.95751953125,
  "summary_fg_k": 5.232723462299788,
  "summary_fg_mad": 1002.2810874679283,
  "summary_fg_mean": 8360.3662109375,
  "summary_fg_median": 8356.474609375,
  "summary_fg_n": 168412.0,
  "summary_fg_p05": 6680.557592773437,
  "summary_fg_p95": 10154.4056640625,
  "summary_fg_stdv": 1218.766845703125,
  "tsnr": 39.871612548828125
}