{
  "aor": 0.0008644827586206898,
  "aqi": 0.02243480344827586,
  "bids_meta": {
    "AcquisitionDuration": [],
    "DelayTime": [],
    "EchoTime": 0.025,
    "FlipAngle": 90,
    "MagneticFieldStrength": 3,
    "Manufacturer": "Siemens",
    "ManufacturerModelName": "MAGNETOM Skyra",
    "MultibandAccelerationFactor": 3,
    "RepetitionTime": 2,
    "SliceTiming": [
      0,
      0.9075,
      1.815,
      0.7425,
      1.65,
      0.5775,
      1.485,
      0.4125,
      1.32,
      0.2475,
      1.155,
      0.0825,
      0.99,
      1.8975,
      0.825,
      1.7325,
      0.66,
      1.5675,
      0.495,
      1.4025,
      0.33,
      1.2375,
      0.165,
      1.0725,
      0,
      0.9075,
      1.815,
      0.7425,
      1.65,
      0.5775,
      1.485,
      0.4125,
      1.32,
      0.2475,
      1.155,
      0.0825,
      0.99,
      1.8975,
      0.825,
      1.7325,
      0.66,
      1.5675,
      0.495,
      1.4025,
      0.33,
      1.2375,
      0.165,
      1.0725,
      0,
      0.9075,
      1.815,
      0.7425,
      1.65,
      0.5775,
      1.485,
      0.4125,
      1.32,
      0.2475,
      1.155,
      0.0825,
      0.99,
      1.8975,
      0.825,
      1.7325,
      0.66,
      1.5675,
      0.495,
      1.4025,
      0.33,
      1.2375,
      0.165,
      1.0725
    ],
    "TaskName": "train",
    "VolumeTiming": [
      0,
      2,
      4,
      6,
      8,
      10,
      12,
      14,
      16,
      18,
      20,
      22,
      24,
      26,
      28,
      30,
      32,
      34,
      36,
      38,
      40,
      42,
      44,
      46,
      48,
      50,
      52,
      54,
      56,
      58,
      60,
      62,
      64,
      66,
      68,
      70,
      72,
      74,
      76,
      78,
      80,
      82,
      84,
      86,
      88,
      90,
      92,
      94,
      96,
      98,
      100,
      102,
      104,
      106,
      108,
      110,
      112,
      114,
      116,
      118,
      120,
      122,
      124,
      126,
      128,
      130,
      132,
      134,
      136,
      138,
      140,
      142,
      144,
      146,
      148,
      150,
      152,
      154,
      156,
      158,
      160,
      162,
      164,
      166,
      168,
      170,
      172,
      174,
      176,
      178,
      180,
      182,
      184,
      186,
      188,
      190,
      192,
      194,
      196,
      198,
      200,
      202,
      204,
      206,
      208,
      210,
      212,
      214,
      216,
      218,
      220,
      222,
      224,
      226,
      228,
      230,
      232,
      234,
      236,
      238,
      240,
      242,
      244,
      246,
      248,
      250,
      252,
      254,
      256,
      258,
      260,
      262,
      264,
      266,
      268,
      270,
      272,
      274,
      276,
      278,
      280,
      282,
      284,
      286,
      288
    ],
    "dataset": "ds002813",
    "modality": "bold",
    "run_id": 3,
    "subject_id": "201",
    "task_id": "train"
  },
  "dummy_trs": 0,
  "dvars_nstd": 49.687670204097245,
  "dvars_std": 1.3399336331250007,
  "dvars_vstd": 1.0121296472222223,
  "efc": 0.5496011833759123,
  "fber": 2631.818359375,
  "fd_mean": 0.060372742284021154,
  "fd_num": 6,
  "fd_perc": 4.137931034482759,
  "fwhm_avg": 1.9082466666666669,
  "fwhm_x": 1.822755,
  "fwhm_y": 2.06639,
  "fwhm_z": 1.835595,
  "gcor": 0.00890316,
  "gsr_x": -0.017524925991892815,
  "gsr_y": 0.03296637907624245,
  "provenance": {
    "md5sum": "9a401d99b943ccfea96a26bf0aac64ab",
    "settings": {
      "fd_thres": 0.2,
      "testing": false
    },
    "software": "mriqc",
    "version": "22.0.6",
    "webapi_port": null,
    "webapi_url": "https://mriqc.nimh.nih.gov/api/v1"
  },
  "size_t": 145,
  "size_x": 104,
  "size_y": 104,
  "size_z": 72,
  "snr": 6.840367982461173,
  "spacing_tr": 2.0,
  "spacing_x": 2.0,
  "spacing_y": 2.0,
  "spacing_z": 2.0,
  "summary_bg_k": 13.104381244520564,
  "summary_bg_mad": 135.0470069174053,
  "summary_bg_mean": 567.0736083984375,
  "summary_bg_median": 160.77171325683594,
  "summary_bg_n": 509466.0,
  "summary_bg_p05": 57.05089282989502,
  "summary_bg_p95": 2771.5272216796875,
  "summary_bg_stdv": 1016.0189208984375,
  "summary_fg_k": 5.146148673758079,
  "summary_fg_mad": 1003.481358209277,
  "summary_fg_mean": 8358.4921875,
  "summary_fg_median": 8355.07421875,
  "summary_fg_n": 168338.0,
  "summary_fg_p05": 6666.390551757812,
  "summary_fg_p95": 10164.015869140625,
  "summary_fg_stdv": 1221.4327392578125,
  "tsnr": 42.36033630371094
}