{
  "aor": 0.0006849655172413792,
  "aqi": 0.020150241379310343,
  "bids_meta": {
    "AcquisitionDuration": [],
    "DelayTime": [],
    "EchoTime": 0.025,
    "FlipAngle": 90,
    "MagneticFieldStrength": 3,
    "Manufacturer": "Siemens",
    "ManufacturerModelName": "MAGNETOM Skyra",
    "MultibandAccelerationFactor": 3,
    "RepetitionTime": 2,
    "SliceTiming": [
      0,
      0.9075,
      1.815,
      0.7425,
      1.65,
      0.5775,
      1.485,
      0.4125,
      1.32,
      0.2475,
      1.155,
      0.0825,
      0.99,
      1.8975,
      0.825,
      1.7325,
      0.66,
      1.5675,
      0.495,
      1.4025,
      0.33,
      1.2375,
      0.165,
      1.0725,
      0,
      0.9075,
      1.815,
      0.7425,
      1.65,
      0.5775,
      1.485,
      0.4125,
      1.32,
      0.2475,
      1.155,
      0.0825,
      0.99,
      1.8975,
      0.825,
      1.7325,
      0.66,
      1.5675,
      0.495,
      1.4025,
      0.33,
      1.2375,
      0.165,
      1.0725,
      0,
      0.9075,
      1.815,
      0.7425,
      1.65,
      0.5775,
      1.485,
      0.4125,
      1.32,
      0.2475,
      1.155,
      0.0825,
      0.99,
      1.8975,
      0.825,
      1.7325,
      0.66,
      1.5675,
      0.495,
      1.4025,
      0.33,
      1.2375,
      0.165,
      1.0725
    ],
    "TaskName": "train",
    "VolumeTiming": [
      0,
      2,
      4,
      6,
      8,
      10,
      12,
      14,
      16,
      18,
      20,
      22,
      24,
      26,
      28,
      30,
      32,
      34,
      36,
      38,
      40,
      42,
      44,
      46,
      48,
      50,
      52,
      54,
      56,
      58,
      60,
      62,
      64,
      66,
      68,
      70,
      72,
      74,
      76,
      78,
      80,
      82,
      84,
      86,
      88,
      90,
      92,
      94,
      96,
      98,
      100,
      102,
      104,
      106,
      108,
      110,
      112,
      114,
      116,
      118,
      120,
      122,
      124,
      126,
      128,
      130,
      132,
      134,
      136,
      138,
      140,
      142,
      144,
      146,
      148,
      150,
      152,
      154,
      156,
      158,
      160,
      162,
      164,
      166,
      168,
      170,
      172,
      174,
      176,
      178,
      180,
      182,
      184,
      186,
      188,
      190,
      192,
      194,
      196,
      198,
      200,
      202,
      204,
      206,
      208,
      210,
      212,
      214,
      216,
      218,
      220,
      222,
      224,
      226,
      228,
      230,
      232,
      234,
      236,
      238,
      240,
      242,
      244,
      246,
      248,
      250,
      252,
      254,
      256,
      258,
      260,
      262,
      264,
      266,
      268,
      270,
      272,
      274,
      276,
      278,
      280,
      282,
      284,
      286,
      288
    ],
    "dataset": "ds002813",
    "modality": "bold",
    "run_id": 3,
    "subject_id": "235",
    "task_id": "train"
  },
  "dummy_trs": 0,
  "dvars_nstd": 58.88250976152777,
  "dvars_std": 1.4943702147916669,
  "dvars_vstd": 1.0107123324999998,
  "efc": 0.5595264207421604,
  "fber": 1792.97021484375,
  "fd_mean": 0.03287148520610596,
  "fd_num": 0,
  "fd_perc": 0.0,
  "fwhm_avg": 2.0713616666666668,
  "fwhm_x": 2.037225,
  "fwhm_y": 2.15087,
  "fwhm_z": 2.02599,
  "gcor": 0.00346164,
  "gsr_x": 0.011989041231572628,
  "gsr_y": 0.012407162226736546,
  "provenance": {
    "md5sum": "b4bd309e71f99becfd6679e2fde88540",
    "settings": {
      "fd_thres": 0.2,
      "testing": false
    },
    "software": "mriqc",
    "version": "22.0.6",
    "webapi_port": null,
    "webapi_url": "https://mriqc.nimh.nih.gov/api/v1"
  },
  "size_t": 145,
  "size_x": 104,
  "size_y": 104,
  "size_z": 72,
  "snr": 6.464812458634384,
  "spacing_tr": 2.0,
  "spacing_x": 2.0,
  "spacing_y": 2.0,
  "spacing_z": 2.0,
  "summary_bg_k": 9.030589466654936,
  "summary_bg_mad": 195.61170117859172,
  "summary_bg_mean": 726.6116943359375,
  "summary_bg_median": 206.09207153320312,
  "summary_bg_n": 515893.0,
  "summary_bg_p05": 60.46215286254883,
  "summary_bg_p95": 3710.237402343749,
  "summary_bg_stdv": 1231.9761962890625,
  "summary_fg_k": 3.758053384754774,
  "summary_fg_mad": 1159.2841740611116,
  "summary_fg_mean": 8835.955078125,
  "summary_fg_median": 8831.9443359375,
  "summary_fg_n": 162221.0,
  "summary_fg_p05": 6812.72021484375,
  "summary_fg_p95": 10906.435546875,
  "summary_fg_stdv": 1366.152099609375,
  "tsnr": 44.11953353881836
}