{
  "aor": 0.0008211111111111111,
  "aqi": 0.019466830555555554,
  "bids_meta": {
    "AcquisitionDuration": [],
    "DelayTime": [],
    "EchoTime": 0.025,
    "FlipAngle": 90,
    "MagneticFieldStrength": 3,
    "Manufacturer": "Siemens",
    "ManufacturerModelName": "MAGNETOM Skyra",
    "MultibandAccelerationFactor": 3,
    "RepetitionTime": 2,
    "SliceTiming": [
      0,
      0.9075,
      1.815,
      0.7425,
      1.65,
      0.5775,
      1.485,
      0.4125,
      1.32,
      0.2475,
      1.155,
      0.0825,
      0.99,
      1.8975,
      0.825,
      1.7325,
      0.66,
      1.5675,
      0.495,
      1.4025,
      0.33,
      1.2375,
      0.165,
      1.0725,
      0,
      0.9075,
      1.815,
      0.7425,
      1.65,
      0.5775,
      1.485,
      0.4125,
      1.32,
      0.2475,
      1.155,
      0.0825,
      0.99,
      1.8975,
      0.825,
      1.7325,
      0.66,
      1.5675,
      0.495,
      1.4025,
      0.33,
      1.2375,
      0.165,
      1.0725,
      0,
      0.9075,
      1.815,
      0.7425,
      1.65,
      0.5775,
      1.485,
      0.4125,
      1.32,
      0.2475,
      1.155,
      0.0825,
      0.99,
      1.8975,
      0.825,
      1.7325,
      0.66,
      1.5675,
      0.495,
      1.4025,
      0.33,
      1.2375,
      0.165,
      1.0725
    ],
    "TaskName": "train",
    "VolumeTiming": [
      0,
      2,
      4,
      6,
      8,
      10,
      12,
      14,
      16,
      18,
      20,
      22,
      24,
      26,
      28,
      30,
      32,
      34,
      36,
      38,
      40,
      42,
      44,
      46,
      48,
      50,
      52,
      54,
      56,
      58,
      60,
      62,
      64,
      66,
      68,
      70,
      72,
      74,
      76,
      78,
      80,
      82,
      84,
      86,
      88,
      90,
      92,
      94,
      96,
      98,
      100,
      102,
      104,
      106,
      108,
      110,
      112,
      114,
      116,
      118,
      120,
      122,
      124,
      126,
      128,
      130,
      132,
      134,
      136,
      138,
      140,
      142,
      144,
      146,
      148,
      150,
      152,
      154,
      156,
      158,
      160,
      162,
      164,
      166,
      168,
      170,
      172,
      174,
      176,
      178,
      180,
      182,
      184,
      186,
      188,
      190,
      192,
      194,
      196,
      198,
      200,
      202,
      204,
      206,
      208,
      210,
      212,
      214,
      216,
      218,
      220,
      222,
      224,
      226,
      228,
      230,
      232,
      234,
      236,
      238,
      240,
      242,
      244,
      246,
      248,
      250,
      252,
      254,
      256,
      258,
      260,
      262,
      264,
      266,
      268,
      270,
      272,
      274,
      276,
      278,
      280,
      282,
      284,
      286,
      288
    ],
    "dataset": "ds002813",
    "modality": "bold",
    "run_id": 2,
    "subject_id": "235",
    "task_id": "train"
  },
  "dummy_trs": 1,
  "dvars_nstd": 57.90230498916087,
  "dvars_std": 1.4812483888811194,
  "dvars_vstd": 1.0039246355244753,
  "efc": 0.558784357975176,
  "fber": 1839.779296875,
  "fd_mean": 0.033632565852120086,
  "fd_num": 1,
  "fd_perc": 0.6944444444444444,
  "fwhm_avg": 2.19304,
  "fwhm_x": 2.15867,
  "fwhm_y": 2.26258,
  "fwhm_z": 2.15787,
  "gcor": 0.00330596,
  "gsr_x": 0.012461449950933456,
  "gsr_y": 0.016719600185751915,
  "provenance": {
    "md5sum": "68ff1cd7ff2bea85e434ad8c3a5be2eb",
    "settings": {
      "fd_thres": 0.2,
      "testing": false
    },
    "software": "mriqc",
    "version": "22.0.6",
    "webapi_port": null,
    "webapi_url": "https://mriqc.nimh.nih.gov/api/v1"
  },
  "size_t": 144,
  "size_x": 104,
  "size_y": 104,
  "size_z": 72,
  "snr": 6.148804632352259,
  "spacing_tr": 2.0,
  "spacing_x": 2.0,
  "spacing_y": 2.0,
  "spacing_z": 2.0,
  "summary_bg_k": 10.211646621440474,
  "summary_bg_mad": 189.65419029257941,
  "summary_bg_mean": 697.3654174804688,
  "summary_bg_median": 202.09286499023438,
  "summary_bg_n": 511761.0,
  "summary_bg_p05": 60.24121856689453,
  "summary_bg_p95": 3450.92529296875,
  "summary_bg_stdv": 1195.20703125,
  "summary_fg_k": 3.711914303526905,
  "summary_fg_mad": 1172.53565531587,
  "summary_fg_mean": 8811.765625,
  "summary_fg_median": 8828.271484375,
  "summary_fg_n": 164054.0,
  "summary_fg_p05": 6597.132250976562,
  "summary_fg_p95": 10949.27236328125,
  "summary_fg_stdv": 1435.7659912109375,
  "tsnr": 44.34099578857422
}