{
  "aor": 0.0006433793103448275,
  "aqi": 0.021593937931034483,
  "bids_meta": {
    "AcquisitionDuration": [],
    "DelayTime": [],
    "EchoTime": 0.025,
    "FlipAngle": 90,
    "MagneticFieldStrength": 3,
    "Manufacturer": "Siemens",
    "ManufacturerModelName": "MAGNETOM Skyra",
    "MultibandAccelerationFactor": 3,
    "RepetitionTime": 2,
    "SliceTiming": [
      0,
      0.9075,
      1.815,
      0.7425,
      1.65,
      0.5775,
      1.485,
      0.4125,
      1.32,
      0.2475,
      1.155,
      0.0825,
      0.99,
      1.8975,
      0.825,
      1.7325,
      0.66,
      1.5675,
      0.495,
      1.4025,
      0.33,
      1.2375,
      0.165,
      1.0725,
      0,
      0.9075,
      1.815,
      0.7425,
      1.65,
      0.5775,
      1.485,
      0.4125,
      1.32,
      0.2475,
      1.155,
      0.0825,
      0.99,
      1.8975,
      0.825,
      1.7325,
      0.66,
      1.5675,
      0.495,
      1.4025,
      0.33,
      1.2375,
      0.165,
      1.0725,
      0,
      0.9075,
      1.815,
      0.7425,
      1.65,
      0.5775,
      1.485,
      0.4125,
      1.32,
      0.2475,
      1.155,
      0.0825,
      0.99,
      1.8975,
      0.825,
      1.7325,
      0.66,
      1.5675,
      0.495,
      1.4025,
      0.33,
      1.2375,
      0.165,
      1.0725
    ],
    "TaskName": "train",
    "VolumeTiming": [
      0,
      2,
      4,
      6,
      8,
      10,
      12,
      14,
      16,
      18,
      20,
      22,
      24,
      26,
      28,
      30,
      32,
      34,
      36,
      38,
      40,
      42,
      44,
      46,
      48,
      50,
      52,
      54,
      56,
      58,
      60,
      62,
      64,
      66,
      68,
      70,
      72,
      74,
      76,
      78,
      80,
      82,
      84,
      86,
      88,
      90,
      92,
      94,
      96,
      98,
      100,
      102,
      104,
      106,
      108,
      110,
      112,
      114,
      116,
      118,
      120,
      122,
      124,
      126,
      128,
      130,
      132,
      134,
      136,
      138,
      140,
      142,
      144,
      146,
      148,
      150,
      152,
      154,
      156,
      158,
      160,
      162,
      164,
      166,
      168,
      170,
      172,
      174,
      176,
      178,
      180,
      182,
      184,
      186,
      188,
      190,
      192,
      194,
      196,
      198,
      200,
      202,
      204,
      206,
      208,
      210,
      212,
      214,
      216,
      218,
      220,
      222,
      224,
      226,
      228,
      230,
      232,
      234,
      236,
      238,
      240,
      242,
      244,
      246,
      248,
      250,
      252,
      254,
      256,
      258,
      260,
      262,
      264,
      266,
      268,
      270,
      272,
      274,
      276,
      278,
      280,
      282,
      284,
      286,
      288
    ],
    "dataset": "ds002813",
    "modality": "bold",
    "run_id": 1,
    "subject_id": "237",
    "task_id": "train"
  },
  "dummy_trs": 0,
  "dvars_nstd": 47.28544704118056,
  "dvars_std": 1.361250522777778,
  "dvars_vstd": 1.0035881300694443,
  "efc": 0.502015801716073,
  "fber": 3752.597900390625,
  "fd_mean": 0.12136214870111983,
  "fd_num": 11,
  "fd_perc": 7.586206896551724,
  "fwhm_avg": 1.8958199999999998,
  "fwhm_x": 1.766015,
  "fwhm_y": 2.06622,
  "fwhm_z": 1.855225,
  "gcor": 0.00670356,
  "gsr_x": -0.014545980840921402,
  "gsr_y": 0.022624317556619644,
  "provenance": {
    "md5sum": "0c32a15ac1f4fd1cd3497d09040d1a78",
    "settings": {
      "fd_thres": 0.2,
      "testing": false
    },
    "software": "mriqc",
    "version": "22.0.6",
    "webapi_port": null,
    "webapi_url": "https://mriqc.nimh.nih.gov/api/v1"
  },
  "size_t": 145,
  "size_x": 104,
  "size_y": 104,
  "size_z": 72,
  "snr": 7.211105005889468,
  "spacing_tr": 2.0,
  "spacing_x": 2.0,
  "spacing_y": 2.0,
  "spacing_z": 2.0,
  "summary_bg_k": 15.409377298755363,
  "summary_bg_mad": 84.75372635052915,
  "summary_bg_mean": 443.86407470703125,
  "summary_bg_median": 127.27586364746094,
  "summary_bg_n": 545768.0,
  "summary_bg_p05": 53.089656829833984,
  "summary_bg_p95": 2251.7531494140608,
  "summary_bg_stdv": 857.8106689453125,
  "summary_fg_k": 5.1351732688819585,
  "summary_fg_mad": 872.8849518526312,
  "summary_fg_mean": 7796.21533203125,
  "summary_fg_median": 7784.2001953125,
  "summary_fg_n": 138976.0,
  "summary_fg_p05": 6239.8929443359375,
  "summary_fg_p95": 9391.029052734375,
  "summary_fg_stdv": 1079.4700927734375,
  "tsnr": 44.46726279333234
}