{
  "aor": 0.0008295104895104895,
  "aqi": 0.023022552447552448,
  "bids_meta": {
    "AcquisitionDuration": [],
    "DelayTime": [],
    "EchoTime": 0.025,
    "FlipAngle": 90,
    "MagneticFieldStrength": 3,
    "Manufacturer": "Siemens",
    "ManufacturerModelName": "MAGNETOM Skyra",
    "MultibandAccelerationFactor": 3,
    "RepetitionTime": 2,
    "SliceTiming": [
      0,
      0.9075,
      1.815,
      0.7425,
      1.65,
      0.5775,
      1.485,
      0.4125,
      1.32,
      0.2475,
      1.155,
      0.0825,
      0.99,
      1.8975,
      0.825,
      1.7325,
      0.66,
      1.5675,
      0.495,
      1.4025,
      0.33,
      1.2375,
      0.165,
      1.0725,
      0,
      0.9075,
      1.815,
      0.7425,
      1.65,
      0.5775,
      1.485,
      0.4125,
      1.32,
      0.2475,
      1.155,
      0.0825,
      0.99,
      1.8975,
      0.825,
      1.7325,
      0.66,
      1.5675,
      0.495,
      1.4025,
      0.33,
      1.2375,
      0.165,
      1.0725,
      0,
      0.9075,
      1.815,
      0.7425,
      1.65,
      0.5775,
      1.485,
      0.4125,
      1.32,
      0.2475,
      1.155,
      0.0825,
      0.99,
      1.8975,
      0.825,
      1.7325,
      0.66,
      1.5675,
      0.495,
      1.4025,
      0.33,
      1.2375,
      0.165,
      1.0725
    ],
    "TaskName": "train",
    "VolumeTiming": [
      0,
      2,
      4,
      6,
      8,
      10,
      12,
      14,
      16,
      18,
      20,
      22,
      24,
      26,
      28,
      30,
      32,
      34,
      36,
      38,
      40,
      42,
      44,
      46,
      48,
      50,
      52,
      54,
      56,
      58,
      60,
      62,
      64,
      66,
      68,
      70,
      72,
      74,
      76,
      78,
      80,
      82,
      84,
      86,
      88,
      90,
      92,
      94,
      96,
      98,
      100,
      102,
      104,
      106,
      108,
      110,
      112,
      114,
      116,
      118,
      120,
      122,
      124,
      126,
      128,
      130,
      132,
      134,
      136,
      138,
      140,
      142,
      144,
      146,
      148,
      150,
      152,
      154,
      156,
      158,
      160,
      162,
      164,
      166,
      168,
      170,
      172,
      174,
      176,
      178,
      180,
      182,
      184,
      186,
      188,
      190,
      192,
      194,
      196,
      198,
      200,
      202,
      204,
      206,
      208,
      210,
      212,
      214,
      216,
      218,
      220,
      222,
      224,
      226,
      228,
      230,
      232,
      234,
      236,
      238,
      240,
      242,
      244,
      246,
      248,
      250,
      252,
      254,
      256,
      258,
      260,
      262,
      264,
      266,
      268,
      270,
      272,
      274,
      276,
      278,
      280,
      282,
      284,
      286,
      288
    ],
    "dataset": "ds002813",
    "modality": "bold",
    "run_id": 8,
    "subject_id": "222",
    "task_id": "train"
  },
  "dummy_trs": 2,
  "dvars_nstd": 44.826796975070444,
  "dvars_std": 1.2092328666901413,
  "dvars_vstd": 1.004773660070422,
  "efc": 0.5664573432737416,
  "fber": 2814.514892578125,
  "fd_mean": 0.13467100301826584,
  "fd_num": 21,
  "fd_perc": 14.685314685314685,
  "fwhm_avg": 1.9895033333333332,
  "fwhm_x": 1.88321,
  "fwhm_y": 2.14838,
  "fwhm_z": 1.93692,
  "gcor": 0.00766486,
  "gsr_x": -0.0034659430384635925,
  "gsr_y": 0.043376948684453964,
  "provenance": {
    "md5sum": "08880cac9f8d59b05a0e5c664744b0e2",
    "settings": {
      "fd_thres": 0.2,
      "testing": false
    },
    "software": "mriqc",
    "version": "22.0.6",
    "webapi_port": null,
    "webapi_url": "https://mriqc.nimh.nih.gov/api/v1"
  },
  "size_t": 143,
  "size_x": 104,
  "size_y": 104,
  "size_z": 72,
  "snr": 6.8455022414319675,
  "spacing_tr": 2.0,
  "spacing_x": 2.0,
  "spacing_y": 2.0,
  "spacing_z": 2.0,
  "summary_bg_k": 12.030611458839072,
  "summary_bg_mad": 142.08232047973524,
  "summary_bg_mean": 647.9322509765625,
  "summary_bg_median": 162.94422912597656,
  "summary_bg_n": 497057.0,
  "summary_bg_p05": 55.95190277099609,
  "summary_bg_p95": 3121.2629394531155,
  "summary_bg_stdv": 1128.139404296875,
  "summary_fg_k": 4.991467915370846,
  "summary_fg_mad": 1062.6688947243156,
  "summary_fg_mean": 8760.6884765625,
  "summary_fg_median": 8788.869140625,
  "summary_fg_n": 177600.0,
  "summary_fg_p05": 6797.21806640625,
  "summary_fg_p95": 10576.290087890624,
  "summary_fg_stdv": 1283.885986328125,
  "tsnr": 39.72974395751953
}