{
  "aor": 0.000746206896551724,
  "aqi": 0.023890990344827584,
  "bids_meta": {
    "AcquisitionDuration": [],
    "DelayTime": [],
    "EchoTime": 0.025,
    "FlipAngle": 90,
    "MagneticFieldStrength": 3,
    "Manufacturer": "Siemens",
    "ManufacturerModelName": "MAGNETOM Skyra",
    "MultibandAccelerationFactor": 3,
    "RepetitionTime": 2,
    "SliceTiming": [
      0,
      0.9075,
      1.815,
      0.7425,
      1.65,
      0.5775,
      1.485,
      0.4125,
      1.32,
      0.2475,
      1.155,
      0.0825,
      0.99,
      1.8975,
      0.825,
      1.7325,
      0.66,
      1.5675,
      0.495,
      1.4025,
      0.33,
      1.2375,
      0.165,
      1.0725,
      0,
      0.9075,
      1.815,
      0.7425,
      1.65,
      0.5775,
      1.485,
      0.4125,
      1.32,
      0.2475,
      1.155,
      0.0825,
      0.99,
      1.8975,
      0.825,
      1.7325,
      0.66,
      1.5675,
      0.495,
      1.4025,
      0.33,
      1.2375,
      0.165,
      1.0725,
      0,
      0.9075,
      1.815,
      0.7425,
      1.65,
      0.5775,
      1.485,
      0.4125,
      1.32,
      0.2475,
      1.155,
      0.0825,
      0.99,
      1.8975,
      0.825,
      1.7325,
      0.66,
      1.5675,
      0.495,
      1.4025,
      0.33,
      1.2375,
      0.165,
      1.0725
    ],
    "TaskName": "train",
    "VolumeTiming": [
      0,
      2,
      4,
      6,
      8,
      10,
      12,
      14,
      16,
      18,
      20,
      22,
      24,
      26,
      28,
      30,
      32,
      34,
      36,
      38,
      40,
      42,
      44,
      46,
      48,
      50,
      52,
      54,
      56,
      58,
      60,
      62,
      64,
      66,
      68,
      70,
      72,
      74,
      76,
      78,
      80,
      82,
      84,
      86,
      88,
      90,
      92,
      94,
      96,
      98,
      100,
      102,
      104,
      106,
      108,
      110,
      112,
      114,
      116,
      118,
      120,
      122,
      124,
      126,
      128,
      130,
      132,
      134,
      136,
      138,
      140,
      142,
      144,
      146,
      148,
      150,
      152,
      154,
      156,
      158,
      160,
      162,
      164,
      166,
      168,
      170,
      172,
      174,
      176,
      178,
      180,
      182,
      184,
      186,
      188,
      190,
      192,
      194,
      196,
      198,
      200,
      202,
      204,
      206,
      208,
      210,
      212,
      214,
      216,
      218,
      220,
      222,
      224,
      226,
      228,
      230,
      232,
      234,
      236,
      238,
      240,
      242,
      244,
      246,
      248,
      250,
      252,
      254,
      256,
      258,
      260,
      262,
      264,
      266,
      268,
      270,
      272,
      274,
      276,
      278,
      280,
      282,
      284,
      286,
      288
    ],
    "dataset": "ds002813",
    "modality": "bold",
    "run_id": 3,
    "subject_id": "222",
    "task_id": "train"
  },
  "dummy_trs": 0,
  "dvars_nstd": 44.2630626890278,
  "dvars_std": 1.2031312653472226,
  "dvars_vstd": 0.9968645047222225,
  "efc": 0.5668625757032469,
  "fber": 2630.051513671875,
  "fd_mean": 0.13225529191900368,
  "fd_num": 14,
  "fd_perc": 9.655172413793103,
  "fwhm_avg": 2.01382,
  "fwhm_x": 1.90054,
  "fwhm_y": 2.18942,
  "fwhm_z": 1.9515,
  "gcor": 0.00386879,
  "gsr_x": -0.006654287688434124,
  "gsr_y": 0.04379124194383621,
  "provenance": {
    "md5sum": "a42cbdadf89007e95314a7016e730be9",
    "settings": {
      "fd_thres": 0.2,
      "testing": false
    },
    "software": "mriqc",
    "version": "22.0.6",
    "webapi_port": null,
    "webapi_url": "https://mriqc.nimh.nih.gov/api/v1"
  },
  "size_t": 145,
  "size_x": 104,
  "size_y": 104,
  "size_z": 72,
  "snr": 6.770418886209659,
  "spacing_tr": 2.0,
  "spacing_x": 2.0,
  "spacing_y": 2.0,
  "spacing_z": 2.0,
  "summary_bg_k": 11.560841541395149,
  "summary_bg_mad": 151.7891617105899,
  "summary_bg_mean": 664.589599609375,
  "summary_bg_median": 170.87425231933594,
  "summary_bg_n": 497510.0,
  "summary_bg_p05": 57.35284233093262,
  "summary_bg_p95": 3200.004418945312,
  "summary_bg_stdv": 1144.605224609375,
  "summary_fg_k": 4.686848499044842,
  "summary_fg_mad": 1104.321474727322,
  "summary_fg_mean": 8887.7392578125,
  "summary_fg_median": 8907.2880859375,
  "summary_fg_n": 176999.0,
  "summary_fg_p05": 6915.58779296875,
  "summary_fg_p95": 10787.32431640625,
  "summary_fg_stdv": 1315.61474609375,
  "tsnr": 38.8145751953125
}