{
  "aor": 0.0007549655172413794,
  "aqi": 0.022990700689655176,
  "bids_meta": {
    "AcquisitionDuration": [],
    "DelayTime": [],
    "EchoTime": 0.025,
    "FlipAngle": 90,
    "MagneticFieldStrength": 3,
    "Manufacturer": "Siemens",
    "ManufacturerModelName": "MAGNETOM Skyra",
    "MultibandAccelerationFactor": 3,
    "RepetitionTime": 2,
    "SliceTiming": [
      0,
      0.9075,
      1.815,
      0.7425,
      1.65,
      0.5775,
      1.485,
      0.4125,
      1.32,
      0.2475,
      1.155,
      0.0825,
      0.99,
      1.8975,
      0.825,
      1.7325,
      0.66,
      1.5675,
      0.495,
      1.4025,
      0.33,
      1.2375,
      0.165,
      1.0725,
      0,
      0.9075,
      1.815,
      0.7425,
      1.65,
      0.5775,
      1.485,
      0.4125,
      1.32,
      0.2475,
      1.155,
      0.0825,
      0.99,
      1.8975,
      0.825,
      1.7325,
      0.66,
      1.5675,
      0.495,
      1.4025,
      0.33,
      1.2375,
      0.165,
      1.0725,
      0,
      0.9075,
      1.815,
      0.7425,
      1.65,
      0.5775,
      1.485,
      0.4125,
      1.32,
      0.2475,
      1.155,
      0.0825,
      0.99,
      1.8975,
      0.825,
      1.7325,
      0.66,
      1.5675,
      0.495,
      1.4025,
      0.33,
      1.2375,
      0.165,
      1.0725
    ],
    "TaskName": "train",
    "VolumeTiming": [
      0,
      2,
      4,
      6,
      8,
      10,
      12,
      14,
      16,
      18,
      20,
      22,
      24,
      26,
      28,
      30,
      32,
      34,
      36,
      38,
      40,
      42,
      44,
      46,
      48,
      50,
      52,
      54,
      56,
      58,
      60,
      62,
      64,
      66,
      68,
      70,
      72,
      74,
      76,
      78,
      80,
      82,
      84,
      86,
      88,
      90,
      92,
      94,
      96,
      98,
      100,
      102,
      104,
      106,
      108,
      110,
      112,
      114,
      116,
      118,
      120,
      122,
      124,
      126,
      128,
      130,
      132,
      134,
      136,
      138,
      140,
      142,
      144,
      146,
      148,
      150,
      152,
      154,
      156,
      158,
      160,
      162,
      164,
      166,
      168,
      170,
      172,
      174,
      176,
      178,
      180,
      182,
      184,
      186,
      188,
      190,
      192,
      194,
      196,
      198,
      200,
      202,
      204,
      206,
      208,
      210,
      212,
      214,
      216,
      218,
      220,
      222,
      224,
      226,
      228,
      230,
      232,
      234,
      236,
      238,
      240,
      242,
      244,
      246,
      248,
      250,
      252,
      254,
      256,
      258,
      260,
      262,
      264,
      266,
      268,
      270,
      272,
      274,
      276,
      278,
      280,
      282,
      284,
      286,
      288
    ],
    "dataset": "ds002813",
    "modality": "bold",
    "run_id": 6,
    "subject_id": "222",
    "task_id": "train"
  },
  "dummy_trs": 0,
  "dvars_nstd": 44.598440885555554,
  "dvars_std": 1.2102134425694444,
  "dvars_vstd": 1.0059724555555551,
  "efc": 0.5672304867766378,
  "fber": 2693.065185546875,
  "fd_mean": 0.16837600483486512,
  "fd_num": 51,
  "fd_perc": 35.172413793103445,
  "fwhm_avg": 2.0090516666666667,
  "fwhm_x": 1.896365,
  "fwhm_y": 2.17808,
  "fwhm_z": 1.95271,
  "gcor": 0.00698606,
  "gsr_x": -0.005314556881785393,
  "gsr_y": 0.043539464473724365,
  "provenance": {
    "md5sum": "fc5e11ed711ea360e9da836c4b0f384a",
    "settings": {
      "fd_thres": 0.2,
      "testing": false
    },
    "software": "mriqc",
    "version": "22.0.6",
    "webapi_port": null,
    "webapi_url": "https://mriqc.nimh.nih.gov/api/v1"
  },
  "size_t": 145,
  "size_x": 104,
  "size_y": 104,
  "size_z": 72,
  "snr": 6.828193291216386,
  "spacing_tr": 2.0,
  "spacing_x": 2.0,
  "spacing_y": 2.0,
  "spacing_z": 2.0,
  "summary_bg_k": 11.63617892581702,
  "summary_bg_mad": 148.30502613665868,
  "summary_bg_mean": 656.208251953125,
  "summary_bg_median": 167.27415466308594,
  "summary_bg_n": 496999.0,
  "summary_bg_p05": 56.01895599365234,
  "summary_bg_p95": 3159.814550781247,
  "summary_bg_stdv": 1132.3040771484375,
  "summary_fg_k": 4.9379009309799455,
  "summary_fg_mad": 1077.0728675473656,
  "summary_fg_mean": 8796.0078125,
  "summary_fg_median": 8827.2392578125,
  "summary_fg_n": 177500.0,
  "summary_fg_p05": 6822.278393554688,
  "summary_fg_p95": 10617.628466796874,
  "summary_fg_stdv": 1292.7598876953125,
  "tsnr": 39.30784606933594
}