{
  "aor": 0.0015784137931034484,
  "aqi": 0.01943810620689655,
  "bids_meta": {
    "AcquisitionDuration": [],
    "DelayTime": [],
    "EchoTime": 0.025,
    "FlipAngle": 90,
    "MagneticFieldStrength": 3,
    "Manufacturer": "Siemens",
    "ManufacturerModelName": "MAGNETOM Skyra",
    "MultibandAccelerationFactor": 3,
    "RepetitionTime": 2,
    "SliceTiming": [
      0,
      0.9075,
      1.815,
      0.7425,
      1.65,
      0.5775,
      1.485,
      0.4125,
      1.32,
      0.2475,
      1.155,
      0.0825,
      0.99,
      1.8975,
      0.825,
      1.7325,
      0.66,
      1.5675,
      0.495,
      1.4025,
      0.33,
      1.2375,
      0.165,
      1.0725,
      0,
      0.9075,
      1.815,
      0.7425,
      1.65,
      0.5775,
      1.485,
      0.4125,
      1.32,
      0.2475,
      1.155,
      0.0825,
      0.99,
      1.8975,
      0.825,
      1.7325,
      0.66,
      1.5675,
      0.495,
      1.4025,
      0.33,
      1.2375,
      0.165,
      1.0725,
      0,
      0.9075,
      1.815,
      0.7425,
      1.65,
      0.5775,
      1.485,
      0.4125,
      1.32,
      0.2475,
      1.155,
      0.0825,
      0.99,
      1.8975,
      0.825,
      1.7325,
      0.66,
      1.5675,
      0.495,
      1.4025,
      0.33,
      1.2375,
      0.165,
      1.0725
    ],
    "TaskName": "train",
    "VolumeTiming": [
      0,
      2,
      4,
      6,
      8,
      10,
      12,
      14,
      16,
      18,
      20,
      22,
      24,
      26,
      28,
      30,
      32,
      34,
      36,
      38,
      40,
      42,
      44,
      46,
      48,
      50,
      52,
      54,
      56,
      58,
      60,
      62,
      64,
      66,
      68,
      70,
      72,
      74,
      76,
      78,
      80,
      82,
      84,
      86,
      88,
      90,
      92,
      94,
      96,
      98,
      100,
      102,
      104,
      106,
      108,
      110,
      112,
      114,
      116,
      118,
      120,
      122,
      124,
      126,
      128,
      130,
      132,
      134,
      136,
      138,
      140,
      142,
      144,
      146,
      148,
      150,
      152,
      154,
      156,
      158,
      160,
      162,
      164,
      166,
      168,
      170,
      172,
      174,
      176,
      178,
      180,
      182,
      184,
      186,
      188,
      190,
      192,
      194,
      196,
      198,
      200,
      202,
      204,
      206,
      208,
      210,
      212,
      214,
      216,
      218,
      220,
      222,
      224,
      226,
      228,
      230,
      232,
      234,
      236,
      238,
      240,
      242,
      244,
      246,
      248,
      250,
      252,
      254,
      256,
      258,
      260,
      262,
      264,
      266,
      268,
      270,
      272,
      274,
      276,
      278,
      280,
      282,
      284,
      286,
      288
    ],
    "dataset": "ds002813",
    "modality": "bold",
    "run_id": 2,
    "subject_id": "222",
    "task_id": "train"
  },
  "dummy_trs": 0,
  "dvars_nstd": 43.51201174013889,
  "dvars_std": 1.2345198449305563,
  "dvars_vstd": 1.024179212986111,
  "efc": 0.5665783623596342,
  "fber": 2699.87109375,
  "fd_mean": 0.1206112490282927,
  "fd_num": 16,
  "fd_perc": 11.03448275862069,
  "fwhm_avg": 1.9999366666666667,
  "fwhm_x": 1.895985,
  "fwhm_y": 2.17111,
  "fwhm_z": 1.932715,
  "gcor": 0.00495435,
  "gsr_x": -0.006942886859178543,
  "gsr_y": 0.0423673577606678,
  "provenance": {
    "md5sum": "e502d4557623596f4a98d5dc9174ad83",
    "settings": {
      "fd_thres": 0.2,
      "testing": false
    },
    "software": "mriqc",
    "version": "22.0.6",
    "webapi_port": null,
    "webapi_url": "https://mriqc.nimh.nih.gov/api/v1"
  },
  "size_t": 145,
  "size_x": 104,
  "size_y": 104,
  "size_z": 72,
  "snr": 6.724739002035752,
  "spacing_tr": 2.0,
  "spacing_x": 2.0,
  "spacing_y": 2.0,
  "spacing_z": 2.0,
  "summary_bg_k": 11.805630023170778,
  "summary_bg_mad": 147.82839947588315,
  "summary_bg_mean": 659.9312744140625,
  "summary_bg_median": 167.65228271484375,
  "summary_bg_n": 497282.0,
  "summary_bg_p05": 56.86012573242188,
  "summary_bg_p95": 3195.4649414062487,
  "summary_bg_stdv": 1145.4278564453125,
  "summary_fg_k": 4.4208265170811005,
  "summary_fg_mad": 1119.4768836357277,
  "summary_fg_mean": 8854.7392578125,
  "summary_fg_median": 8875.958984375,
  "summary_fg_n": 177060.0,
  "summary_fg_p05": 6864.099072265625,
  "summary_fg_p95": 10755.957421875,
  "summary_fg_stdv": 1319.8927001953125,
  "tsnr": 42.84518814086914
}