{
  "aor": 0.0010052631578947367,
  "aqi": 0.02283968120300752,
  "bids_meta": {
    "AcquisitionDuration": [],
    "DelayTime": [],
    "EchoTime": 0.025,
    "FlipAngle": 90,
    "MagneticFieldStrength": 3,
    "Manufacturer": "Siemens",
    "ManufacturerModelName": "MAGNETOM Skyra",
    "MultibandAccelerationFactor": 3,
    "RepetitionTime": 2,
    "SliceTiming": [
      0,
      0.9075,
      1.815,
      0.7425,
      1.65,
      0.5775,
      1.485,
      0.4125,
      1.32,
      0.2475,
      1.155,
      0.0825,
      0.99,
      1.8975,
      0.825,
      1.7325,
      0.66,
      1.5675,
      0.495,
      1.4025,
      0.33,
      1.2375,
      0.165,
      1.0725,
      0,
      0.9075,
      1.815,
      0.7425,
      1.65,
      0.5775,
      1.485,
      0.4125,
      1.32,
      0.2475,
      1.155,
      0.0825,
      0.99,
      1.8975,
      0.825,
      1.7325,
      0.66,
      1.5675,
      0.495,
      1.4025,
      0.33,
      1.2375,
      0.165,
      1.0725,
      0,
      0.9075,
      1.815,
      0.7425,
      1.65,
      0.5775,
      1.485,
      0.4125,
      1.32,
      0.2475,
      1.155,
      0.0825,
      0.99,
      1.8975,
      0.825,
      1.7325,
      0.66,
      1.5675,
      0.495,
      1.4025,
      0.33,
      1.2375,
      0.165,
      1.0725
    ],
    "TaskName": "imtest",
    "VolumeTiming": [
      0,
      2,
      4,
      6,
      8,
      10,
      12,
      14,
      16,
      18,
      20,
      22,
      24,
      26,
      28,
      30,
      32,
      34,
      36,
      38,
      40,
      42,
      44,
      46,
      48,
      50,
      52,
      54,
      56,
      58,
      60,
      62,
      64,
      66,
      68,
      70,
      72,
      74,
      76,
      78,
      80,
      82,
      84,
      86,
      88,
      90,
      92,
      94,
      96,
      98,
      100,
      102,
      104,
      106,
      108,
      110,
      112,
      114,
      116,
      118,
      120,
      122,
      124,
      126,
      128,
      130,
      132,
      134,
      136,
      138,
      140,
      142,
      144,
      146,
      148,
      150,
      152,
      154,
      156,
      158,
      160,
      162,
      164,
      166,
      168,
      170,
      172,
      174,
      176,
      178,
      180,
      182,
      184,
      186,
      188,
      190,
      192,
      194,
      196,
      198,
      200,
      202,
      204,
      206,
      208,
      210,
      212,
      214,
      216,
      218,
      220,
      222,
      224,
      226,
      228,
      230,
      232,
      234,
      236,
      238,
      240,
      242,
      244,
      246,
      248,
      250,
      252,
      254,
      256,
      258,
      260,
      262,
      264
    ],
    "dataset": "ds002813",
    "modality": "bold",
    "run_id": 2,
    "subject_id": "205",
    "task_id": "imtest"
  },
  "dummy_trs": 0,
  "dvars_nstd": 50.30506512659095,
  "dvars_std": 1.3911935525757573,
  "dvars_vstd": 1.0167725219696973,
  "efc": 0.5208140181479775,
  "fber": 3644.8017578125,
  "fd_mean": 0.07662736668143572,
  "fd_num": 1,
  "fd_perc": 0.7518796992481203,
  "fwhm_avg": 1.8519666666666668,
  "fwhm_x": 1.735415,
  "fwhm_y": 2.03614,
  "fwhm_z": 1.784345,
  "gcor": 0.0021629,
  "gsr_x": -0.021373918280005455,
  "gsr_y": 0.03228583186864853,
  "provenance": {
    "md5sum": "0f7db561a1874fa5a77e136a319dab5f",
    "settings": {
      "fd_thres": 0.2,
      "testing": false
    },
    "software": "mriqc",
    "version": "22.0.6",
    "webapi_port": null,
    "webapi_url": "https://mriqc.nimh.nih.gov/api/v1"
  },
  "size_t": 133,
  "size_x": 104,
  "size_y": 104,
  "size_z": 72,
  "snr": 7.364233285822736,
  "spacing_tr": 2.0,
  "spacing_x": 2.0,
  "spacing_y": 2.0,
  "spacing_z": 2.0,
  "summary_bg_k": 17.50800525747376,
  "summary_bg_mad": 94.19540674454444,
  "summary_bg_mean": 435.5826721191406,
  "summary_bg_median": 129.61654663085938,
  "summary_bg_n": 525192.0,
  "summary_bg_p05": 52.436092376708984,
  "summary_bg_p95": 1997.0421447753808,
  "summary_bg_stdv": 835.7027587890625,
  "summary_fg_k": 4.811540391714726,
  "summary_fg_mad": 925.8908768716644,
  "summary_fg_mean": 7892.64111328125,
  "summary_fg_median": 7870.353515625,
  "summary_fg_n": 156385.0,
  "summary_fg_p05": 6431.01669921875,
  "summary_fg_p95": 9515.099609375,
  "summary_fg_stdv": 1068.723388671875,
  "tsnr": 44.99032311257906
}