{
  "aor": 0.0007658620689655172,
  "aqi": 0.022120935862068966,
  "bids_meta": {
    "AcquisitionDuration": [],
    "DelayTime": [],
    "EchoTime": 0.025,
    "FlipAngle": 90,
    "MagneticFieldStrength": 3,
    "Manufacturer": "Siemens",
    "ManufacturerModelName": "MAGNETOM Skyra",
    "MultibandAccelerationFactor": 3,
    "RepetitionTime": 2,
    "SliceTiming": [
      0,
      0.9075,
      1.815,
      0.7425,
      1.65,
      0.5775,
      1.485,
      0.4125,
      1.32,
      0.2475,
      1.155,
      0.0825,
      0.99,
      1.8975,
      0.825,
      1.7325,
      0.66,
      1.5675,
      0.495,
      1.4025,
      0.33,
      1.2375,
      0.165,
      1.0725,
      0,
      0.9075,
      1.815,
      0.7425,
      1.65,
      0.5775,
      1.485,
      0.4125,
      1.32,
      0.2475,
      1.155,
      0.0825,
      0.99,
      1.8975,
      0.825,
      1.7325,
      0.66,
      1.5675,
      0.495,
      1.4025,
      0.33,
      1.2375,
      0.165,
      1.0725,
      0,
      0.9075,
      1.815,
      0.7425,
      1.65,
      0.5775,
      1.485,
      0.4125,
      1.32,
      0.2475,
      1.155,
      0.0825,
      0.99,
      1.8975,
      0.825,
      1.7325,
      0.66,
      1.5675,
      0.495,
      1.4025,
      0.33,
      1.2375,
      0.165,
      1.0725
    ],
    "TaskName": "train",
    "VolumeTiming": [
      0,
      2,
      4,
      6,
      8,
      10,
      12,
      14,
      16,
      18,
      20,
      22,
      24,
      26,
      28,
      30,
      32,
      34,
      36,
      38,
      40,
      42,
      44,
      46,
      48,
      50,
      52,
      54,
      56,
      58,
      60,
      62,
      64,
      66,
      68,
      70,
      72,
      74,
      76,
      78,
      80,
      82,
      84,
      86,
      88,
      90,
      92,
      94,
      96,
      98,
      100,
      102,
      104,
      106,
      108,
      110,
      112,
      114,
      116,
      118,
      120,
      122,
      124,
      126,
      128,
      130,
      132,
      134,
      136,
      138,
      140,
      142,
      144,
      146,
      148,
      150,
      152,
      154,
      156,
      158,
      160,
      162,
      164,
      166,
      168,
      170,
      172,
      174,
      176,
      178,
      180,
      182,
      184,
      186,
      188,
      190,
      192,
      194,
      196,
      198,
      200,
      202,
      204,
      206,
      208,
      210,
      212,
      214,
      216,
      218,
      220,
      222,
      224,
      226,
      228,
      230,
      232,
      234,
      236,
      238,
      240,
      242,
      244,
      246,
      248,
      250,
      252,
      254,
      256,
      258,
      260,
      262,
      264,
      266,
      268,
      270,
      272,
      274,
      276,
      278,
      280,
      282,
      284,
      286,
      288
    ],
    "dataset": "ds002813",
    "modality": "bold",
    "run_id": 5,
    "subject_id": "205",
    "task_id": "train"
  },
  "dummy_trs": 0,
  "dvars_nstd": 49.146319309791664,
  "dvars_std": 1.3671376135416664,
  "dvars_vstd": 1.012074072361111,
  "efc": 0.5206427885818915,
  "fber": 3647.578125,
  "fd_mean": 0.07881221333094462,
  "fd_num": 0,
  "fd_perc": 0.0,
  "fwhm_avg": 1.8497016666666666,
  "fwhm_x": 1.73339,
  "fwhm_y": 2.03183,
  "fwhm_z": 1.783885,
  "gcor": 0.00225557,
  "gsr_x": -0.02128400094807148,
  "gsr_y": 0.03247027471661568,
  "provenance": {
    "md5sum": "f060b6169e2f89cb37cc4f8139b05e85",
    "settings": {
      "fd_thres": 0.2,
      "testing": false
    },
    "software": "mriqc",
    "version": "22.0.6",
    "webapi_port": null,
    "webapi_url": "https://mriqc.nimh.nih.gov/api/v1"
  },
  "size_t": 145,
  "size_x": 104,
  "size_y": 104,
  "size_z": 72,
  "snr": 7.354861505358381,
  "spacing_tr": 2.0,
  "spacing_x": 2.0,
  "spacing_y": 2.0,
  "spacing_z": 2.0,
  "summary_bg_k": 17.487843108462123,
  "summary_bg_mad": 94.01743384944888,
  "summary_bg_mean": 436.2450256347656,
  "summary_bg_median": 129.48965454101562,
  "summary_bg_n": 525545.0,
  "summary_bg_p05": 52.40689468383789,
  "summary_bg_p95": 2002.5821044921868,
  "summary_bg_stdv": 836.7930908203125,
  "summary_fg_k": 4.896124836132674,
  "summary_fg_mad": 926.6263865660012,
  "summary_fg_mean": 7889.6083984375,
  "summary_fg_median": 7869.130859375,
  "summary_fg_n": 156167.0,
  "summary_fg_p05": 6422.139892578125,
  "summary_fg_p95": 9508.26923828125,
  "summary_fg_stdv": 1069.9189453125,
  "tsnr": 46.1890981644392
}