{
  "aor": 0.0008244827586206896,
  "aqi": 0.01757453517241379,
  "bids_meta": {
    "AcquisitionDuration": [],
    "DelayTime": [],
    "EchoTime": 0.025,
    "FlipAngle": 90,
    "MagneticFieldStrength": 3,
    "Manufacturer": "Siemens",
    "ManufacturerModelName": "MAGNETOM Skyra",
    "MultibandAccelerationFactor": 3,
    "RepetitionTime": 2,
    "SliceTiming": [
      0,
      0.9075,
      1.815,
      0.7425,
      1.65,
      0.5775,
      1.485,
      0.4125,
      1.32,
      0.2475,
      1.155,
      0.0825,
      0.99,
      1.8975,
      0.825,
      1.7325,
      0.66,
      1.5675,
      0.495,
      1.4025,
      0.33,
      1.2375,
      0.165,
      1.0725,
      0,
      0.9075,
      1.815,
      0.7425,
      1.65,
      0.5775,
      1.485,
      0.4125,
      1.32,
      0.2475,
      1.155,
      0.0825,
      0.99,
      1.8975,
      0.825,
      1.7325,
      0.66,
      1.5675,
      0.495,
      1.4025,
      0.33,
      1.2375,
      0.165,
      1.0725,
      0,
      0.9075,
      1.815,
      0.7425,
      1.65,
      0.5775,
      1.485,
      0.4125,
      1.32,
      0.2475,
      1.155,
      0.0825,
      0.99,
      1.8975,
      0.825,
      1.7325,
      0.66,
      1.5675,
      0.495,
      1.4025,
      0.33,
      1.2375,
      0.165,
      1.0725
    ],
    "TaskName": "train",
    "VolumeTiming": [
      0,
      2,
      4,
      6,
      8,
      10,
      12,
      14,
      16,
      18,
      20,
      22,
      24,
      26,
      28,
      30,
      32,
      34,
      36,
      38,
      40,
      42,
      44,
      46,
      48,
      50,
      52,
      54,
      56,
      58,
      60,
      62,
      64,
      66,
      68,
      70,
      72,
      74,
      76,
      78,
      80,
      82,
      84,
      86,
      88,
      90,
      92,
      94,
      96,
      98,
      100,
      102,
      104,
      106,
      108,
      110,
      112,
      114,
      116,
      118,
      120,
      122,
      124,
      126,
      128,
      130,
      132,
      134,
      136,
      138,
      140,
      142,
      144,
      146,
      148,
      150,
      152,
      154,
      156,
      158,
      160,
      162,
      164,
      166,
      168,
      170,
      172,
      174,
      176,
      178,
      180,
      182,
      184,
      186,
      188,
      190,
      192,
      194,
      196,
      198,
      200,
      202,
      204,
      206,
      208,
      210,
      212,
      214,
      216,
      218,
      220,
      222,
      224,
      226,
      228,
      230,
      232,
      234,
      236,
      238,
      240,
      242,
      244,
      246,
      248,
      250,
      252,
      254,
      256,
      258,
      260,
      262,
      264,
      266,
      268,
      270,
      272,
      274,
      276,
      278,
      280,
      282,
      284,
      286,
      288
    ],
    "dataset": "ds002813",
    "modality": "bold",
    "run_id": 6,
    "subject_id": "202",
    "task_id": "train"
  },
  "dummy_trs": 0,
  "dvars_nstd": 37.821402444097245,
  "dvars_std": 1.2311222828472217,
  "dvars_vstd": 1.0132235721527778,
  "efc": 0.5417018226386194,
  "fber": 4270.81787109375,
  "fd_mean": 0.0738736904292169,
  "fd_num": 7,
  "fd_perc": 4.827586206896552,
  "fwhm_avg": 1.8314116666666667,
  "fwhm_x": 1.72694,
  "fwhm_y": 1.98024,
  "fwhm_z": 1.787055,
  "gcor": 0.00418784,
  "gsr_x": -0.006152911577373743,
  "gsr_y": 0.029444336891174316,
  "provenance": {
    "md5sum": "186e9284c287f3d04f971f2d8e85577b",
    "settings": {
      "fd_thres": 0.2,
      "testing": false
    },
    "software": "mriqc",
    "version": "22.0.6",
    "webapi_port": null,
    "webapi_url": "https://mriqc.nimh.nih.gov/api/v1"
  },
  "size_t": 145,
  "size_x": 104,
  "size_y": 104,
  "size_z": 72,
  "snr": 7.236438847461877,
  "spacing_tr": 2.0,
  "spacing_x": 2.0,
  "spacing_y": 2.0,
  "spacing_z": 2.0,
  "summary_bg_k": 15.22874996532283,
  "summary_bg_mad": 95.90273169769246,
  "summary_bg_mean": 529.938232421875,
  "summary_bg_median": 130.62933349609375,
  "summary_bg_n": 507271.0,
  "summary_bg_p05": 54.35131645202637,
  "summary_bg_p95": 2640.193115234375,
  "summary_bg_stdv": 1039.339599609375,
  "summary_fg_k": 4.500386308332619,
  "summary_fg_mad": 1050.8196598061031,
  "summary_fg_mean": 8643.294921875,
  "summary_fg_median": 8634.99609375,
  "summary_fg_n": 170404.0,
  "summary_fg_p05": 6956.08759765625,
  "summary_fg_p95": 10404.349755859375,
  "summary_fg_stdv": 1193.262451171875,
  "tsnr": 49.217491149902344
}