{
  "aor": 0.0008487586206896551,
  "aqi": 0.017832173103448274,
  "bids_meta": {
    "AcquisitionDuration": [],
    "DelayTime": [],
    "EchoTime": 0.025,
    "FlipAngle": 90,
    "MagneticFieldStrength": 3,
    "Manufacturer": "Siemens",
    "ManufacturerModelName": "MAGNETOM Skyra",
    "MultibandAccelerationFactor": 3,
    "RepetitionTime": 2,
    "SliceTiming": [
      0,
      0.9075,
      1.815,
      0.7425,
      1.65,
      0.5775,
      1.485,
      0.4125,
      1.32,
      0.2475,
      1.155,
      0.0825,
      0.99,
      1.8975,
      0.825,
      1.7325,
      0.66,
      1.5675,
      0.495,
      1.4025,
      0.33,
      1.2375,
      0.165,
      1.0725,
      0,
      0.9075,
      1.815,
      0.7425,
      1.65,
      0.5775,
      1.485,
      0.4125,
      1.32,
      0.2475,
      1.155,
      0.0825,
      0.99,
      1.8975,
      0.825,
      1.7325,
      0.66,
      1.5675,
      0.495,
      1.4025,
      0.33,
      1.2375,
      0.165,
      1.0725,
      0,
      0.9075,
      1.815,
      0.7425,
      1.65,
      0.5775,
      1.485,
      0.4125,
      1.32,
      0.2475,
      1.155,
      0.0825,
      0.99,
      1.8975,
      0.825,
      1.7325,
      0.66,
      1.5675,
      0.495,
      1.4025,
      0.33,
      1.2375,
      0.165,
      1.0725
    ],
    "TaskName": "train",
    "VolumeTiming": [
      0,
      2,
      4,
      6,
      8,
      10,
      12,
      14,
      16,
      18,
      20,
      22,
      24,
      26,
      28,
      30,
      32,
      34,
      36,
      38,
      40,
      42,
      44,
      46,
      48,
      50,
      52,
      54,
      56,
      58,
      60,
      62,
      64,
      66,
      68,
      70,
      72,
      74,
      76,
      78,
      80,
      82,
      84,
      86,
      88,
      90,
      92,
      94,
      96,
      98,
      100,
      102,
      104,
      106,
      108,
      110,
      112,
      114,
      116,
      118,
      120,
      122,
      124,
      126,
      128,
      130,
      132,
      134,
      136,
      138,
      140,
      142,
      144,
      146,
      148,
      150,
      152,
      154,
      156,
      158,
      160,
      162,
      164,
      166,
      168,
      170,
      172,
      174,
      176,
      178,
      180,
      182,
      184,
      186,
      188,
      190,
      192,
      194,
      196,
      198,
      200,
      202,
      204,
      206,
      208,
      210,
      212,
      214,
      216,
      218,
      220,
      222,
      224,
      226,
      228,
      230,
      232,
      234,
      236,
      238,
      240,
      242,
      244,
      246,
      248,
      250,
      252,
      254,
      256,
      258,
      260,
      262,
      264,
      266,
      268,
      270,
      272,
      274,
      276,
      278,
      280,
      282,
      284,
      286,
      288
    ],
    "dataset": "ds002813",
    "modality": "bold",
    "run_id": 1,
    "subject_id": "202",
    "task_id": "train"
  },
  "dummy_trs": 0,
  "dvars_nstd": 39.85075741381943,
  "dvars_std": 1.257999756458333,
  "dvars_vstd": 1.0125086834722228,
  "efc": 0.539882008841457,
  "fber": 4450.0673828125,
  "fd_mean": 0.08051476289095552,
  "fd_num": 4,
  "fd_perc": 2.7586206896551726,
  "fwhm_avg": 1.8306383333333331,
  "fwhm_x": 1.72361,
  "fwhm_y": 1.9787,
  "fwhm_z": 1.789605,
  "gcor": 0.00203098,
  "gsr_x": -0.00525114219635725,
  "gsr_y": 0.027165543287992477,
  "provenance": {
    "md5sum": "7dda2f6e2b50bab539c1eda5673560fc",
    "settings": {
      "fd_thres": 0.2,
      "testing": false
    },
    "software": "mriqc",
    "version": "22.0.6",
    "webapi_port": null,
    "webapi_url": "https://mriqc.nimh.nih.gov/api/v1"
  },
  "size_t": 145,
  "size_x": 104,
  "size_y": 104,
  "size_z": 72,
  "snr": 7.291524623842996,
  "spacing_tr": 2.0,
  "spacing_x": 2.0,
  "spacing_y": 2.0,
  "spacing_z": 2.0,
  "summary_bg_k": 16.145957443716156,
  "summary_bg_mad": 93.2052048745105,
  "summary_bg_mean": 518.9395141601562,
  "summary_bg_median": 128.1767578125,
  "summary_bg_n": 507440.0,
  "summary_bg_p05": 53.46210060119629,
  "summary_bg_p95": 2565.9972412109373,
  "summary_bg_stdv": 1033.7113037109375,
  "summary_fg_k": 4.352175369709034,
  "summary_fg_mad": 1055.8444361726301,
  "summary_fg_mean": 8663.73828125,
  "summary_fg_median": 8656.0673828125,
  "summary_fg_n": 170223.0,
  "summary_fg_p05": 6989.796826171875,
  "summary_fg_p95": 10428.640234375,
  "summary_fg_stdv": 1187.137451171875,
  "tsnr": 48.62977981567383
}