{
  "aor": 0.0007979310344827586,
  "aqi": 0.023195624137931033,
  "bids_meta": {
    "AcquisitionDuration": [],
    "DelayTime": [],
    "EchoTime": 0.025,
    "FlipAngle": 90,
    "MagneticFieldStrength": 3,
    "Manufacturer": "Siemens",
    "ManufacturerModelName": "MAGNETOM Skyra",
    "MultibandAccelerationFactor": 3,
    "RepetitionTime": 2,
    "SliceTiming": [
      0,
      0.9075,
      1.815,
      0.7425,
      1.65,
      0.5775,
      1.485,
      0.4125,
      1.32,
      0.2475,
      1.155,
      0.0825,
      0.99,
      1.8975,
      0.825,
      1.7325,
      0.66,
      1.5675,
      0.495,
      1.4025,
      0.33,
      1.2375,
      0.165,
      1.0725,
      0,
      0.9075,
      1.815,
      0.7425,
      1.65,
      0.5775,
      1.485,
      0.4125,
      1.32,
      0.2475,
      1.155,
      0.0825,
      0.99,
      1.8975,
      0.825,
      1.7325,
      0.66,
      1.5675,
      0.495,
      1.4025,
      0.33,
      1.2375,
      0.165,
      1.0725,
      0,
      0.9075,
      1.815,
      0.7425,
      1.65,
      0.5775,
      1.485,
      0.4125,
      1.32,
      0.2475,
      1.155,
      0.0825,
      0.99,
      1.8975,
      0.825,
      1.7325,
      0.66,
      1.5675,
      0.495,
      1.4025,
      0.33,
      1.2375,
      0.165,
      1.0725
    ],
    "TaskName": "train",
    "VolumeTiming": [
      0,
      2,
      4,
      6,
      8,
      10,
      12,
      14,
      16,
      18,
      20,
      22,
      24,
      26,
      28,
      30,
      32,
      34,
      36,
      38,
      40,
      42,
      44,
      46,
      48,
      50,
      52,
      54,
      56,
      58,
      60,
      62,
      64,
      66,
      68,
      70,
      72,
      74,
      76,
      78,
      80,
      82,
      84,
      86,
      88,
      90,
      92,
      94,
      96,
      98,
      100,
      102,
      104,
      106,
      108,
      110,
      112,
      114,
      116,
      118,
      120,
      122,
      124,
      126,
      128,
      130,
      132,
      134,
      136,
      138,
      140,
      142,
      144,
      146,
      148,
      150,
      152,
      154,
      156,
      158,
      160,
      162,
      164,
      166,
      168,
      170,
      172,
      174,
      176,
      178,
      180,
      182,
      184,
      186,
      188,
      190,
      192,
      194,
      196,
      198,
      200,
      202,
      204,
      206,
      208,
      210,
      212,
      214,
      216,
      218,
      220,
      222,
      224,
      226,
      228,
      230,
      232,
      234,
      236,
      238,
      240,
      242,
      244,
      246,
      248,
      250,
      252,
      254,
      256,
      258,
      260,
      262,
      264,
      266,
      268,
      270,
      272,
      274,
      276,
      278,
      280,
      282,
      284,
      286,
      288
    ],
    "dataset": "ds002813",
    "modality": "bold",
    "run_id": 4,
    "subject_id": "228",
    "task_id": "train"
  },
  "dummy_trs": 0,
  "dvars_nstd": 46.88368789347223,
  "dvars_std": 1.2325764539583335,
  "dvars_vstd": 1.0072300738888889,
  "efc": 0.5385010778768539,
  "fber": 2661.14892578125,
  "fd_mean": 0.198818903666746,
  "fd_num": 65,
  "fd_perc": 44.827586206896555,
  "fwhm_avg": 1.8751533333333334,
  "fwhm_x": 1.77079,
  "fwhm_y": 2.064365,
  "fwhm_z": 1.790305,
  "gcor": 0.00977462,
  "gsr_x": -0.009569705463945866,
  "gsr_y": 0.030872635543346405,
  "provenance": {
    "md5sum": "8a206f4d1499ec3dce025992b287e0f3",
    "settings": {
      "fd_thres": 0.2,
      "testing": false
    },
    "software": "mriqc",
    "version": "22.0.6",
    "webapi_port": null,
    "webapi_url": "https://mriqc.nimh.nih.gov/api/v1"
  },
  "size_t": 145,
  "size_x": 104,
  "size_y": 104,
  "size_z": 72,
  "snr": 6.869263538684451,
  "spacing_tr": 2.0,
  "spacing_x": 2.0,
  "spacing_y": 2.0,
  "spacing_z": 2.0,
  "summary_bg_k": 15.080717423214516,
  "summary_bg_mad": 129.92709072498218,
  "summary_bg_mean": 497.1563415527344,
  "summary_bg_median": 153.3241424560547,
  "summary_bg_n": 517701.0,
  "summary_bg_p05": 55.58620834350586,
  "summary_bg_p95": 2195.648193359375,
  "summary_bg_stdv": 867.577392578125,
  "summary_fg_k": 4.104753065474754,
  "summary_fg_mad": 1039.0898728205336,
  "summary_fg_mean": 7960.9765625,
  "summary_fg_median": 7980.8759765625,
  "summary_fg_n": 163621.0,
  "summary_fg_p05": 6237.2412109375,
  "summary_fg_p95": 9669.1650390625,
  "summary_fg_stdv": 1161.820556640625,
  "tsnr": 37.9990179981105
}