{
  "aor": 0.001461241379310345,
  "aqi": 0.025129746896551723,
  "bids_meta": {
    "AcquisitionDuration": [],
    "DelayTime": [],
    "EchoTime": 0.025,
    "FlipAngle": 90,
    "MagneticFieldStrength": 3,
    "Manufacturer": "Siemens",
    "ManufacturerModelName": "MAGNETOM Skyra",
    "MultibandAccelerationFactor": 3,
    "RepetitionTime": 2,
    "SliceTiming": [
      0,
      0.9075,
      1.815,
      0.7425,
      1.65,
      0.5775,
      1.485,
      0.4125,
      1.32,
      0.2475,
      1.155,
      0.0825,
      0.99,
      1.8975,
      0.825,
      1.7325,
      0.66,
      1.5675,
      0.495,
      1.4025,
      0.33,
      1.2375,
      0.165,
      1.0725,
      0,
      0.9075,
      1.815,
      0.7425,
      1.65,
      0.5775,
      1.485,
      0.4125,
      1.32,
      0.2475,
      1.155,
      0.0825,
      0.99,
      1.8975,
      0.825,
      1.7325,
      0.66,
      1.5675,
      0.495,
      1.4025,
      0.33,
      1.2375,
      0.165,
      1.0725,
      0,
      0.9075,
      1.815,
      0.7425,
      1.65,
      0.5775,
      1.485,
      0.4125,
      1.32,
      0.2475,
      1.155,
      0.0825,
      0.99,
      1.8975,
      0.825,
      1.7325,
      0.66,
      1.5675,
      0.495,
      1.4025,
      0.33,
      1.2375,
      0.165,
      1.0725
    ],
    "TaskName": "train",
    "VolumeTiming": [
      0,
      2,
      4,
      6,
      8,
      10,
      12,
      14,
      16,
      18,
      20,
      22,
      24,
      26,
      28,
      30,
      32,
      34,
      36,
      38,
      40,
      42,
      44,
      46,
      48,
      50,
      52,
      54,
      56,
      58,
      60,
      62,
      64,
      66,
      68,
      70,
      72,
      74,
      76,
      78,
      80,
      82,
      84,
      86,
      88,
      90,
      92,
      94,
      96,
      98,
      100,
      102,
      104,
      106,
      108,
      110,
      112,
      114,
      116,
      118,
      120,
      122,
      124,
      126,
      128,
      130,
      132,
      134,
      136,
      138,
      140,
      142,
      144,
      146,
      148,
      150,
      152,
      154,
      156,
      158,
      160,
      162,
      164,
      166,
      168,
      170,
      172,
      174,
      176,
      178,
      180,
      182,
      184,
      186,
      188,
      190,
      192,
      194,
      196,
      198,
      200,
      202,
      204,
      206,
      208,
      210,
      212,
      214,
      216,
      218,
      220,
      222,
      224,
      226,
      228,
      230,
      232,
      234,
      236,
      238,
      240,
      242,
      244,
      246,
      248,
      250,
      252,
      254,
      256,
      258,
      260,
      262,
      264,
      266,
      268,
      270,
      272,
      274,
      276,
      278,
      280,
      282,
      284,
      286,
      288
    ],
    "dataset": "ds002813",
    "modality": "bold",
    "run_id": 3,
    "subject_id": "228",
    "task_id": "train"
  },
  "dummy_trs": 0,
  "dvars_nstd": 46.63463491840277,
  "dvars_std": 1.2300612621527776,
  "dvars_vstd": 1.0097701633333331,
  "efc": 0.5376561468474425,
  "fber": 2707.472900390625,
  "fd_mean": 0.18538535917894888,
  "fd_num": 57,
  "fd_perc": 39.310344827586206,
  "fwhm_avg": 1.8739833333333333,
  "fwhm_x": 1.768175,
  "fwhm_y": 2.05828,
  "fwhm_z": 1.795495,
  "gcor": 0.00544527,
  "gsr_x": -0.009513022378087044,
  "gsr_y": 0.03032764047384262,
  "provenance": {
    "md5sum": "a32c06f9fefffedca4536a7594fbf097",
    "settings": {
      "fd_thres": 0.2,
      "testing": false
    },
    "software": "mriqc",
    "version": "22.0.6",
    "webapi_port": null,
    "webapi_url": "https://mriqc.nimh.nih.gov/api/v1"
  },
  "size_t": 145,
  "size_x": 104,
  "size_y": 104,
  "size_z": 72,
  "snr": 6.89192889948582,
  "spacing_tr": 2.0,
  "spacing_x": 2.0,
  "spacing_y": 2.0,
  "spacing_z": 2.0,
  "summary_bg_k": 15.061101939090257,
  "summary_bg_mad": 131.00069688775716,
  "summary_bg_mean": 494.8041687011719,
  "summary_bg_median": 152.58621215820312,
  "summary_bg_n": 518181.0,
  "summary_bg_p05": 54.28275680541992,
  "summary_bg_p95": 2179.05517578125,
  "summary_bg_stdv": 861.3815307617188,
  "summary_fg_k": 4.112058059147084,
  "summary_fg_mad": 1037.15119667739,
  "summary_fg_mean": 7962.82275390625,
  "summary_fg_median": 7980.265625,
  "summary_fg_n": 163358.0,
  "summary_fg_p05": 6240.787841796875,
  "summary_fg_p95": 9675.794482421874,
  "summary_fg_stdv": 1157.9111328125,
  "tsnr": 36.70142448693514
}