{
  "aor": 0.0006628571428571428,
  "aqi": 0.01805921578947368,
  "bids_meta": {
    "AcquisitionDuration": [],
    "DelayTime": [],
    "EchoTime": 0.025,
    "FlipAngle": 90,
    "MagneticFieldStrength": 3,
    "Manufacturer": "Siemens",
    "ManufacturerModelName": "MAGNETOM Skyra",
    "MultibandAccelerationFactor": 3,
    "RepetitionTime": 2,
    "SliceTiming": [
      0,
      0.9075,
      1.815,
      0.7425,
      1.65,
      0.5775,
      1.485,
      0.4125,
      1.32,
      0.2475,
      1.155,
      0.0825,
      0.99,
      1.8975,
      0.825,
      1.7325,
      0.66,
      1.5675,
      0.495,
      1.4025,
      0.33,
      1.2375,
      0.165,
      1.0725,
      0,
      0.9075,
      1.815,
      0.7425,
      1.65,
      0.5775,
      1.485,
      0.4125,
      1.32,
      0.2475,
      1.155,
      0.0825,
      0.99,
      1.8975,
      0.825,
      1.7325,
      0.66,
      1.5675,
      0.495,
      1.4025,
      0.33,
      1.2375,
      0.165,
      1.0725,
      0,
      0.9075,
      1.815,
      0.7425,
      1.65,
      0.5775,
      1.485,
      0.4125,
      1.32,
      0.2475,
      1.155,
      0.0825,
      0.99,
      1.8975,
      0.825,
      1.7325,
      0.66,
      1.5675,
      0.495,
      1.4025,
      0.33,
      1.2375,
      0.165,
      1.0725
    ],
    "TaskName": "imtest",
    "VolumeTiming": [
      0,
      2,
      4,
      6,
      8,
      10,
      12,
      14,
      16,
      18,
      20,
      22,
      24,
      26,
      28,
      30,
      32,
      34,
      36,
      38,
      40,
      42,
      44,
      46,
      48,
      50,
      52,
      54,
      56,
      58,
      60,
      62,
      64,
      66,
      68,
      70,
      72,
      74,
      76,
      78,
      80,
      82,
      84,
      86,
      88,
      90,
      92,
      94,
      96,
      98,
      100,
      102,
      104,
      106,
      108,
      110,
      112,
      114,
      116,
      118,
      120,
      122,
      124,
      126,
      128,
      130,
      132,
      134,
      136,
      138,
      140,
      142,
      144,
      146,
      148,
      150,
      152,
      154,
      156,
      158,
      160,
      162,
      164,
      166,
      168,
      170,
      172,
      174,
      176,
      178,
      180,
      182,
      184,
      186,
      188,
      190,
      192,
      194,
      196,
      198,
      200,
      202,
      204,
      206,
      208,
      210,
      212,
      214,
      216,
      218,
      220,
      222,
      224,
      226,
      228,
      230,
      232,
      234,
      236,
      238,
      240,
      242,
      244,
      246,
      248,
      250,
      252,
      254,
      256,
      258,
      260,
      262,
      264
    ],
    "dataset": "ds002813",
    "modality": "bold",
    "run_id": 3,
    "subject_id": "214",
    "task_id": "imtest"
  },
  "dummy_trs": 0,
  "dvars_nstd": 47.13733147113637,
  "dvars_std": 1.32829702,
  "dvars_vstd": 1.009798414166666,
  "efc": 0.5154096410523967,
  "fber": 3318.559814453125,
  "fd_mean": 0.11044348494908779,
  "fd_num": 1,
  "fd_perc": 0.7518796992481203,
  "fwhm_avg": 1.9511450000000001,
  "fwhm_x": 1.873275,
  "fwhm_y": 2.05817,
  "fwhm_z": 1.92199,
  "gcor": 0.00433591,
  "gsr_x": -0.006734304130077362,
  "gsr_y": 0.016473395749926567,
  "provenance": {
    "md5sum": "3905d10e01e509dc4513ebce74e75ec0",
    "settings": {
      "fd_thres": 0.2,
      "testing": false
    },
    "software": "mriqc",
    "version": "22.0.6",
    "webapi_port": null,
    "webapi_url": "https://mriqc.nimh.nih.gov/api/v1"
  },
  "size_t": 133,
  "size_x": 104,
  "size_y": 104,
  "size_z": 72,
  "snr": 6.86226679535786,
  "spacing_tr": 2.0,
  "spacing_x": 2.0,
  "spacing_y": 2.0,
  "spacing_z": 2.0,
  "summary_bg_k": 15.818119291622764,
  "summary_bg_mad": 113.38685497020809,
  "summary_bg_mean": 531.0646362304688,
  "summary_bg_median": 147.86788940429688,
  "summary_bg_n": 539080.0,
  "summary_bg_p05": 54.69901084899902,
  "summary_bg_p95": 2604.487316894531,
  "summary_bg_stdv": 988.836181640625,
  "summary_fg_k": 3.99611428580032,
  "summary_fg_mad": 1035.7294043155027,
  "summary_fg_mean": 8541.7236328125,
  "summary_fg_median": 8538.1513671875,
  "summary_fg_n": 143625.0,
  "summary_fg_p05": 6639.251171875,
  "summary_fg_p95": 10406.476953124995,
  "summary_fg_stdv": 1244.2130126953125,
  "tsnr": 45.92594909667969
}