{
  "aor": 0.0007209027777777777,
  "aqi": 0.017895066666666667,
  "bids_meta": {
    "AcquisitionDuration": [],
    "DelayTime": [],
    "EchoTime": 0.025,
    "FlipAngle": 90,
    "MagneticFieldStrength": 3,
    "Manufacturer": "Siemens",
    "ManufacturerModelName": "MAGNETOM Skyra",
    "MultibandAccelerationFactor": 3,
    "RepetitionTime": 2,
    "SliceTiming": [
      0,
      0.9075,
      1.815,
      0.7425,
      1.65,
      0.5775,
      1.485,
      0.4125,
      1.32,
      0.2475,
      1.155,
      0.0825,
      0.99,
      1.8975,
      0.825,
      1.7325,
      0.66,
      1.5675,
      0.495,
      1.4025,
      0.33,
      1.2375,
      0.165,
      1.0725,
      0,
      0.9075,
      1.815,
      0.7425,
      1.65,
      0.5775,
      1.485,
      0.4125,
      1.32,
      0.2475,
      1.155,
      0.0825,
      0.99,
      1.8975,
      0.825,
      1.7325,
      0.66,
      1.5675,
      0.495,
      1.4025,
      0.33,
      1.2375,
      0.165,
      1.0725,
      0,
      0.9075,
      1.815,
      0.7425,
      1.65,
      0.5775,
      1.485,
      0.4125,
      1.32,
      0.2475,
      1.155,
      0.0825,
      0.99,
      1.8975,
      0.825,
      1.7325,
      0.66,
      1.5675,
      0.495,
      1.4025,
      0.33,
      1.2375,
      0.165,
      1.0725
    ],
    "TaskName": "train",
    "VolumeTiming": [
      0,
      2,
      4,
      6,
      8,
      10,
      12,
      14,
      16,
      18,
      20,
      22,
      24,
      26,
      28,
      30,
      32,
      34,
      36,
      38,
      40,
      42,
      44,
      46,
      48,
      50,
      52,
      54,
      56,
      58,
      60,
      62,
      64,
      66,
      68,
      70,
      72,
      74,
      76,
      78,
      80,
      82,
      84,
      86,
      88,
      90,
      92,
      94,
      96,
      98,
      100,
      102,
      104,
      106,
      108,
      110,
      112,
      114,
      116,
      118,
      120,
      122,
      124,
      126,
      128,
      130,
      132,
      134,
      136,
      138,
      140,
      142,
      144,
      146,
      148,
      150,
      152,
      154,
      156,
      158,
      160,
      162,
      164,
      166,
      168,
      170,
      172,
      174,
      176,
      178,
      180,
      182,
      184,
      186,
      188,
      190,
      192,
      194,
      196,
      198,
      200,
      202,
      204,
      206,
      208,
      210,
      212,
      214,
      216,
      218,
      220,
      222,
      224,
      226,
      228,
      230,
      232,
      234,
      236,
      238,
      240,
      242,
      244,
      246,
      248,
      250,
      252,
      254,
      256,
      258,
      260,
      262,
      264,
      266,
      268,
      270,
      272,
      274,
      276,
      278,
      280,
      282,
      284,
      286,
      288
    ],
    "dataset": "ds002813",
    "modality": "bold",
    "run_id": 4,
    "subject_id": "214",
    "task_id": "train"
  },
  "dummy_trs": 1,
  "dvars_nstd": 47.66874660132864,
  "dvars_std": 1.342348285314685,
  "dvars_vstd": 1.0014229108391606,
  "efc": 0.5146953551635696,
  "fber": 3386.140625,
  "fd_mean": 0.09488393491267184,
  "fd_num": 1,
  "fd_perc": 0.6944444444444444,
  "fwhm_avg": 1.9398166666666665,
  "fwhm_x": 1.86198,
  "fwhm_y": 2.05203,
  "fwhm_z": 1.90544,
  "gcor": 0.00299144,
  "gsr_x": -0.006868403870612383,
  "gsr_y": 0.018110472708940506,
  "provenance": {
    "md5sum": "1131351339fd786e5e0f02e4b3c57298",
    "settings": {
      "fd_thres": 0.2,
      "testing": false
    },
    "software": "mriqc",
    "version": "22.0.6",
    "webapi_port": null,
    "webapi_url": "https://mriqc.nimh.nih.gov/api/v1"
  },
  "size_t": 144,
  "size_x": 104,
  "size_y": 104,
  "size_z": 72,
  "snr": 6.882355969035818,
  "spacing_tr": 2.0,
  "spacing_x": 2.0,
  "spacing_y": 2.0,
  "spacing_z": 2.0,
  "summary_bg_k": 16.013618960833067,
  "summary_bg_mad": 112.46848587444035,
  "summary_bg_mean": 530.2421264648438,
  "summary_bg_median": 146.4298553466797,
  "summary_bg_n": 539469.0,
  "summary_bg_p05": 53.59472427368164,
  "summary_bg_p95": 2610.8031249999985,
  "summary_bg_stdv": 996.8998413085938,
  "summary_fg_k": 3.7720823281429467,
  "summary_fg_mad": 1034.1780290448692,
  "summary_fg_mean": 8534.2138671875,
  "summary_fg_median": 8527.419921875,
  "summary_fg_n": 143789.0,
  "summary_fg_p05": 6637.25888671875,
  "summary_fg_p95": 10407.355859375,
  "summary_fg_stdv": 1239.02197265625,
  "tsnr": 45.79949188232422
}