{
  "aor": 0.0008436551724137931,
  "aqi": 0.019360957241379307,
  "bids_meta": {
    "AcquisitionDuration": [],
    "DelayTime": [],
    "EchoTime": 0.025,
    "FlipAngle": 90,
    "MagneticFieldStrength": 3,
    "Manufacturer": "Siemens",
    "ManufacturerModelName": "MAGNETOM Skyra",
    "MultibandAccelerationFactor": 3,
    "RepetitionTime": 2,
    "SliceTiming": [
      0,
      0.9075,
      1.815,
      0.7425,
      1.65,
      0.5775,
      1.485,
      0.4125,
      1.32,
      0.2475,
      1.155,
      0.0825,
      0.99,
      1.8975,
      0.825,
      1.7325,
      0.66,
      1.5675,
      0.495,
      1.4025,
      0.33,
      1.2375,
      0.165,
      1.0725,
      0,
      0.9075,
      1.815,
      0.7425,
      1.65,
      0.5775,
      1.485,
      0.4125,
      1.32,
      0.2475,
      1.155,
      0.0825,
      0.99,
      1.8975,
      0.825,
      1.7325,
      0.66,
      1.5675,
      0.495,
      1.4025,
      0.33,
      1.2375,
      0.165,
      1.0725,
      0,
      0.9075,
      1.815,
      0.7425,
      1.65,
      0.5775,
      1.485,
      0.4125,
      1.32,
      0.2475,
      1.155,
      0.0825,
      0.99,
      1.8975,
      0.825,
      1.7325,
      0.66,
      1.5675,
      0.495,
      1.4025,
      0.33,
      1.2375,
      0.165,
      1.0725
    ],
    "TaskName": "train",
    "VolumeTiming": [
      0,
      2,
      4,
      6,
      8,
      10,
      12,
      14,
      16,
      18,
      20,
      22,
      24,
      26,
      28,
      30,
      32,
      34,
      36,
      38,
      40,
      42,
      44,
      46,
      48,
      50,
      52,
      54,
      56,
      58,
      60,
      62,
      64,
      66,
      68,
      70,
      72,
      74,
      76,
      78,
      80,
      82,
      84,
      86,
      88,
      90,
      92,
      94,
      96,
      98,
      100,
      102,
      104,
      106,
      108,
      110,
      112,
      114,
      116,
      118,
      120,
      122,
      124,
      126,
      128,
      130,
      132,
      134,
      136,
      138,
      140,
      142,
      144,
      146,
      148,
      150,
      152,
      154,
      156,
      158,
      160,
      162,
      164,
      166,
      168,
      170,
      172,
      174,
      176,
      178,
      180,
      182,
      184,
      186,
      188,
      190,
      192,
      194,
      196,
      198,
      200,
      202,
      204,
      206,
      208,
      210,
      212,
      214,
      216,
      218,
      220,
      222,
      224,
      226,
      228,
      230,
      232,
      234,
      236,
      238,
      240,
      242,
      244,
      246,
      248,
      250,
      252,
      254,
      256,
      258,
      260,
      262,
      264,
      266,
      268,
      270,
      272,
      274,
      276,
      278,
      280,
      282,
      284,
      286,
      288
    ],
    "dataset": "ds002813",
    "modality": "bold",
    "run_id": 3,
    "subject_id": "214",
    "task_id": "train"
  },
  "dummy_trs": 0,
  "dvars_nstd": 47.38585633708333,
  "dvars_std": 1.3485845964583336,
  "dvars_vstd": 1.0073583817361116,
  "efc": 0.5139729931780096,
  "fber": 3445.510498046875,
  "fd_mean": 0.07818368633158998,
  "fd_num": 0,
  "fd_perc": 0.0,
  "fwhm_avg": 1.9696883333333333,
  "fwhm_x": 1.895225,
  "fwhm_y": 2.07994,
  "fwhm_z": 1.9339,
  "gcor": 0.00357211,
  "gsr_x": -0.005860892590135336,
  "gsr_y": 0.01845581643283367,
  "provenance": {
    "md5sum": "45b0ca850ed8dfc62f9ca685b794d135",
    "settings": {
      "fd_thres": 0.2,
      "testing": false
    },
    "software": "mriqc",
    "version": "22.0.6",
    "webapi_port": null,
    "webapi_url": "https://mriqc.nimh.nih.gov/api/v1"
  },
  "size_t": 145,
  "size_x": 104,
  "size_y": 104,
  "size_z": 72,
  "snr": 6.82177619514834,
  "spacing_tr": 2.0,
  "spacing_x": 2.0,
  "spacing_y": 2.0,
  "spacing_z": 2.0,
  "summary_bg_k": 16.95987511069645,
  "summary_bg_mad": 111.86871246719821,
  "summary_bg_mean": 515.3182373046875,
  "summary_bg_median": 144.64964294433594,
  "summary_bg_n": 538187.0,
  "summary_bg_p05": 52.17349395751953,
  "summary_bg_p95": 2503.2696777343745,
  "summary_bg_stdv": 968.2891845703125,
  "summary_fg_k": 3.8252039255227714,
  "summary_fg_mad": 1031.6348739698642,
  "summary_fg_mean": 8523.060546875,
  "summary_fg_median": 8514.1875,
  "summary_fg_n": 144023.0,
  "summary_fg_p05": 6622.917724609375,
  "summary_fg_p95": 10406.158496093749,
  "summary_fg_stdv": 1248.085205078125,
  "tsnr": 43.576744079589844
}