{
  "aor": 0.0010383333333333332,
  "aqi": 0.018639168055555558,
  "bids_meta": {
    "AcquisitionDuration": [],
    "DelayTime": [],
    "EchoTime": 0.025,
    "FlipAngle": 90,
    "MagneticFieldStrength": 3,
    "Manufacturer": "Siemens",
    "ManufacturerModelName": "MAGNETOM Skyra",
    "MultibandAccelerationFactor": 3,
    "RepetitionTime": 2,
    "SliceTiming": [
      0,
      0.9075,
      1.815,
      0.7425,
      1.65,
      0.5775,
      1.485,
      0.4125,
      1.32,
      0.2475,
      1.155,
      0.0825,
      0.99,
      1.8975,
      0.825,
      1.7325,
      0.66,
      1.5675,
      0.495,
      1.4025,
      0.33,
      1.2375,
      0.165,
      1.0725,
      0,
      0.9075,
      1.815,
      0.7425,
      1.65,
      0.5775,
      1.485,
      0.4125,
      1.32,
      0.2475,
      1.155,
      0.0825,
      0.99,
      1.8975,
      0.825,
      1.7325,
      0.66,
      1.5675,
      0.495,
      1.4025,
      0.33,
      1.2375,
      0.165,
      1.0725,
      0,
      0.9075,
      1.815,
      0.7425,
      1.65,
      0.5775,
      1.485,
      0.4125,
      1.32,
      0.2475,
      1.155,
      0.0825,
      0.99,
      1.8975,
      0.825,
      1.7325,
      0.66,
      1.5675,
      0.495,
      1.4025,
      0.33,
      1.2375,
      0.165,
      1.0725
    ],
    "TaskName": "train",
    "VolumeTiming": [
      0,
      2,
      4,
      6,
      8,
      10,
      12,
      14,
      16,
      18,
      20,
      22,
      24,
      26,
      28,
      30,
      32,
      34,
      36,
      38,
      40,
      42,
      44,
      46,
      48,
      50,
      52,
      54,
      56,
      58,
      60,
      62,
      64,
      66,
      68,
      70,
      72,
      74,
      76,
      78,
      80,
      82,
      84,
      86,
      88,
      90,
      92,
      94,
      96,
      98,
      100,
      102,
      104,
      106,
      108,
      110,
      112,
      114,
      116,
      118,
      120,
      122,
      124,
      126,
      128,
      130,
      132,
      134,
      136,
      138,
      140,
      142,
      144,
      146,
      148,
      150,
      152,
      154,
      156,
      158,
      160,
      162,
      164,
      166,
      168,
      170,
      172,
      174,
      176,
      178,
      180,
      182,
      184,
      186,
      188,
      190,
      192,
      194,
      196,
      198,
      200,
      202,
      204,
      206,
      208,
      210,
      212,
      214,
      216,
      218,
      220,
      222,
      224,
      226,
      228,
      230,
      232,
      234,
      236,
      238,
      240,
      242,
      244,
      246,
      248,
      250,
      252,
      254,
      256,
      258,
      260,
      262,
      264,
      266,
      268,
      270,
      272,
      274,
      276,
      278,
      280,
      282,
      284,
      286,
      288
    ],
    "dataset": "ds002813",
    "modality": "bold",
    "run_id": 7,
    "subject_id": "214",
    "task_id": "train"
  },
  "dummy_trs": 1,
  "dvars_nstd": 47.31055298363637,
  "dvars_std": 1.330005355664336,
  "dvars_vstd": 1.006890208671329,
  "efc": 0.5154283221246376,
  "fber": 3378.936767578125,
  "fd_mean": 0.10682529807962106,
  "fd_num": 3,
  "fd_perc": 2.0833333333333335,
  "fwhm_avg": 1.973915,
  "fwhm_x": 1.902105,
  "fwhm_y": 2.08116,
  "fwhm_z": 1.93848,
  "gcor": 0.0022275,
  "gsr_x": -0.006272491533309221,
  "gsr_y": 0.016962135210633278,
  "provenance": {
    "md5sum": "e28a1e71108f3225eebbc7b37d32bd97",
    "settings": {
      "fd_thres": 0.2,
      "testing": false
    },
    "software": "mriqc",
    "version": "22.0.6",
    "webapi_port": null,
    "webapi_url": "https://mriqc.nimh.nih.gov/api/v1"
  },
  "size_t": 144,
  "size_x": 104,
  "size_y": 104,
  "size_z": 72,
  "snr": 6.818143675837163,
  "spacing_tr": 2.0,
  "spacing_x": 2.0,
  "spacing_y": 2.0,
  "spacing_z": 2.0,
  "summary_bg_k": 16.772563391873597,
  "summary_bg_mad": 112.13947808155885,
  "summary_bg_mean": 525.8392333984375,
  "summary_bg_median": 146.3105010986328,
  "summary_bg_n": 538210.0,
  "summary_bg_p05": 53.9035285949707,
  "summary_bg_p95": 2549.529687499999,
  "summary_bg_stdv": 982.689208984375,
  "summary_fg_k": 3.9570744099872153,
  "summary_fg_mad": 1030.9916649507518,
  "summary_fg_mean": 8524.845703125,
  "summary_fg_median": 8524.361328125,
  "summary_fg_n": 143838.0,
  "summary_fg_p05": 6608.407177734375,
  "summary_fg_p95": 10400.091259765624,
  "summary_fg_stdv": 1250.2423095703125,
  "tsnr": 44.46660232543945
}