{
  "aor": 0.0025606766917293236,
  "aqi": 0.02233906015037594,
  "bids_meta": {
    "AcquisitionDuration": [],
    "DelayTime": [],
    "EchoTime": 0.025,
    "FlipAngle": 90,
    "MagneticFieldStrength": 3,
    "Manufacturer": "Siemens",
    "ManufacturerModelName": "MAGNETOM Skyra",
    "MultibandAccelerationFactor": 3,
    "RepetitionTime": 2,
    "SliceTiming": [
      0,
      0.9075,
      1.815,
      0.7425,
      1.65,
      0.5775,
      1.485,
      0.4125,
      1.32,
      0.2475,
      1.155,
      0.0825,
      0.99,
      1.8975,
      0.825,
      1.7325,
      0.66,
      1.5675,
      0.495,
      1.4025,
      0.33,
      1.2375,
      0.165,
      1.0725,
      0,
      0.9075,
      1.815,
      0.7425,
      1.65,
      0.5775,
      1.485,
      0.4125,
      1.32,
      0.2475,
      1.155,
      0.0825,
      0.99,
      1.8975,
      0.825,
      1.7325,
      0.66,
      1.5675,
      0.495,
      1.4025,
      0.33,
      1.2375,
      0.165,
      1.0725,
      0,
      0.9075,
      1.815,
      0.7425,
      1.65,
      0.5775,
      1.485,
      0.4125,
      1.32,
      0.2475,
      1.155,
      0.0825,
      0.99,
      1.8975,
      0.825,
      1.7325,
      0.66,
      1.5675,
      0.495,
      1.4025,
      0.33,
      1.2375,
      0.165,
      1.0725
    ],
    "TaskName": "imtest",
    "VolumeTiming": [
      0,
      2,
      4,
      6,
      8,
      10,
      12,
      14,
      16,
      18,
      20,
      22,
      24,
      26,
      28,
      30,
      32,
      34,
      36,
      38,
      40,
      42,
      44,
      46,
      48,
      50,
      52,
      54,
      56,
      58,
      60,
      62,
      64,
      66,
      68,
      70,
      72,
      74,
      76,
      78,
      80,
      82,
      84,
      86,
      88,
      90,
      92,
      94,
      96,
      98,
      100,
      102,
      104,
      106,
      108,
      110,
      112,
      114,
      116,
      118,
      120,
      122,
      124,
      126,
      128,
      130,
      132,
      134,
      136,
      138,
      140,
      142,
      144,
      146,
      148,
      150,
      152,
      154,
      156,
      158,
      160,
      162,
      164,
      166,
      168,
      170,
      172,
      174,
      176,
      178,
      180,
      182,
      184,
      186,
      188,
      190,
      192,
      194,
      196,
      198,
      200,
      202,
      204,
      206,
      208,
      210,
      212,
      214,
      216,
      218,
      220,
      222,
      224,
      226,
      228,
      230,
      232,
      234,
      236,
      238,
      240,
      242,
      244,
      246,
      248,
      250,
      252,
      254,
      256,
      258,
      260,
      262,
      264
    ],
    "dataset": "ds002813",
    "modality": "bold",
    "run_id": 4,
    "subject_id": "206",
    "task_id": "imtest"
  },
  "dummy_trs": 0,
  "dvars_nstd": 43.57196674916667,
  "dvars_std": 1.2427485971212124,
  "dvars_vstd": 1.0316948245454547,
  "efc": 0.5665308847000525,
  "fber": 2774.86279296875,
  "fd_mean": 0.11242642871675108,
  "fd_num": 14,
  "fd_perc": 10.526315789473685,
  "fwhm_avg": 1.834005,
  "fwhm_x": 1.72822,
  "fwhm_y": 1.942095,
  "fwhm_z": 1.8317,
  "gcor": 0.0197042,
  "gsr_x": -0.0266195647418499,
  "gsr_y": 0.048666395246982574,
  "provenance": {
    "md5sum": "e718a4630fde1063acadda78a13b9f57",
    "settings": {
      "fd_thres": 0.2,
      "testing": false
    },
    "software": "mriqc",
    "version": "22.0.6",
    "webapi_port": null,
    "webapi_url": "https://mriqc.nimh.nih.gov/api/v1"
  },
  "size_t": 133,
  "size_x": 104,
  "size_y": 104,
  "size_z": 72,
  "snr": 7.124573593049341,
  "spacing_tr": 2.0,
  "spacing_x": 2.0,
  "spacing_y": 2.0,
  "spacing_z": 2.0,
  "summary_bg_k": 14.483681042097501,
  "summary_bg_mad": 115.53601850488502,
  "summary_bg_mean": 538.4486083984375,
  "summary_bg_median": 151.85107421875,
  "summary_bg_n": 490282.0,
  "summary_bg_p05": 57.705387115478516,
  "summary_bg_p95": 2500.9975830078083,
  "summary_bg_stdv": 953.0602416992188,
  "summary_fg_k": 3.7984531494602845,
  "summary_fg_mad": 1040.3922172497776,
  "summary_fg_mean": 8116.7998046875,
  "summary_fg_median": 8098.51806640625,
  "summary_fg_n": 186611.0,
  "summary_fg_p05": 6551.344970703125,
  "summary_fg_p95": 9873.806640625,
  "summary_fg_stdv": 1136.6990966796875,
  "tsnr": 40.952335357666016
}