{
  "aor": 0.0017214482758620689,
  "aqi": 0.022096438620689655,
  "bids_meta": {
    "AcquisitionDuration": [],
    "DelayTime": [],
    "EchoTime": 0.025,
    "FlipAngle": 90,
    "MagneticFieldStrength": 3,
    "Manufacturer": "Siemens",
    "ManufacturerModelName": "MAGNETOM Skyra",
    "MultibandAccelerationFactor": 3,
    "RepetitionTime": 2,
    "SliceTiming": [
      0,
      0.9075,
      1.815,
      0.7425,
      1.65,
      0.5775,
      1.485,
      0.4125,
      1.32,
      0.2475,
      1.155,
      0.0825,
      0.99,
      1.8975,
      0.825,
      1.7325,
      0.66,
      1.5675,
      0.495,
      1.4025,
      0.33,
      1.2375,
      0.165,
      1.0725,
      0,
      0.9075,
      1.815,
      0.7425,
      1.65,
      0.5775,
      1.485,
      0.4125,
      1.32,
      0.2475,
      1.155,
      0.0825,
      0.99,
      1.8975,
      0.825,
      1.7325,
      0.66,
      1.5675,
      0.495,
      1.4025,
      0.33,
      1.2375,
      0.165,
      1.0725,
      0,
      0.9075,
      1.815,
      0.7425,
      1.65,
      0.5775,
      1.485,
      0.4125,
      1.32,
      0.2475,
      1.155,
      0.0825,
      0.99,
      1.8975,
      0.825,
      1.7325,
      0.66,
      1.5675,
      0.495,
      1.4025,
      0.33,
      1.2375,
      0.165,
      1.0725
    ],
    "TaskName": "train",
    "VolumeTiming": [
      0,
      2,
      4,
      6,
      8,
      10,
      12,
      14,
      16,
      18,
      20,
      22,
      24,
      26,
      28,
      30,
      32,
      34,
      36,
      38,
      40,
      42,
      44,
      46,
      48,
      50,
      52,
      54,
      56,
      58,
      60,
      62,
      64,
      66,
      68,
      70,
      72,
      74,
      76,
      78,
      80,
      82,
      84,
      86,
      88,
      90,
      92,
      94,
      96,
      98,
      100,
      102,
      104,
      106,
      108,
      110,
      112,
      114,
      116,
      118,
      120,
      122,
      124,
      126,
      128,
      130,
      132,
      134,
      136,
      138,
      140,
      142,
      144,
      146,
      148,
      150,
      152,
      154,
      156,
      158,
      160,
      162,
      164,
      166,
      168,
      170,
      172,
      174,
      176,
      178,
      180,
      182,
      184,
      186,
      188,
      190,
      192,
      194,
      196,
      198,
      200,
      202,
      204,
      206,
      208,
      210,
      212,
      214,
      216,
      218,
      220,
      222,
      224,
      226,
      228,
      230,
      232,
      234,
      236,
      238,
      240,
      242,
      244,
      246,
      248,
      250,
      252,
      254,
      256,
      258,
      260,
      262,
      264,
      266,
      268,
      270,
      272,
      274,
      276,
      278,
      280,
      282,
      284,
      286,
      288
    ],
    "dataset": "ds002813",
    "modality": "bold",
    "run_id": 8,
    "subject_id": "206",
    "task_id": "train"
  },
  "dummy_trs": 0,
  "dvars_nstd": 42.592888752430575,
  "dvars_std": 1.2362386662500002,
  "dvars_vstd": 1.024654689375,
  "efc": 0.5663008790966322,
  "fber": 2832.5703125,
  "fd_mean": 0.10014511947594815,
  "fd_num": 10,
  "fd_perc": 6.896551724137931,
  "fwhm_avg": 1.8281633333333331,
  "fwhm_x": 1.721965,
  "fwhm_y": 1.93603,
  "fwhm_z": 1.826495,
  "gcor": 0.018668,
  "gsr_x": -0.026613129302859306,
  "gsr_y": 0.04888715595006943,
  "provenance": {
    "md5sum": "d541b82dab62bd2a9e76d4f0dced5d68",
    "settings": {
      "fd_thres": 0.2,
      "testing": false
    },
    "software": "mriqc",
    "version": "22.0.6",
    "webapi_port": null,
    "webapi_url": "https://mriqc.nimh.nih.gov/api/v1"
  },
  "size_t": 145,
  "size_x": 104,
  "size_y": 104,
  "size_z": 72,
  "snr": 7.147173973885962,
  "spacing_tr": 2.0,
  "spacing_x": 2.0,
  "spacing_y": 2.0,
  "spacing_z": 2.0,
  "summary_bg_k": 14.563942783720918,
  "summary_bg_mad": 114.89505479018828,
  "summary_bg_mean": 539.3845825195312,
  "summary_bg_median": 150.83694458007812,
  "summary_bg_n": 490383.0,
  "summary_bg_p05": 57.47322235107422,
  "summary_bg_p95": 2500.0198974609334,
  "summary_bg_stdv": 954.1173095703125,
  "summary_fg_k": 3.646160933075124,
  "summary_fg_mad": 1043.568808331224,
  "summary_fg_mean": 8134.6103515625,
  "summary_fg_median": 8114.42333984375,
  "summary_fg_n": 186507.0,
  "summary_fg_p05": 6564.217333984375,
  "summary_fg_p95": 9894.18203125,
  "summary_fg_stdv": 1135.330078125,
  "tsnr": 41.20538330078125
}