{
  "aor": 0.0008271428571428571,
  "aqi": 0.02279095789473684,
  "bids_meta": {
    "AcquisitionDuration": [],
    "DelayTime": [],
    "EchoTime": 0.025,
    "FlipAngle": 90,
    "MagneticFieldStrength": 3,
    "Manufacturer": "Siemens",
    "ManufacturerModelName": "MAGNETOM Skyra",
    "MultibandAccelerationFactor": 3,
    "RepetitionTime": 2,
    "SliceTiming": [
      0,
      0.9075,
      1.815,
      0.7425,
      1.65,
      0.5775,
      1.485,
      0.4125,
      1.32,
      0.2475,
      1.155,
      0.0825,
      0.99,
      1.8975,
      0.825,
      1.7325,
      0.66,
      1.5675,
      0.495,
      1.4025,
      0.33,
      1.2375,
      0.165,
      1.0725,
      0,
      0.9075,
      1.815,
      0.7425,
      1.65,
      0.5775,
      1.485,
      0.4125,
      1.32,
      0.2475,
      1.155,
      0.0825,
      0.99,
      1.8975,
      0.825,
      1.7325,
      0.66,
      1.5675,
      0.495,
      1.4025,
      0.33,
      1.2375,
      0.165,
      1.0725,
      0,
      0.9075,
      1.815,
      0.7425,
      1.65,
      0.5775,
      1.485,
      0.4125,
      1.32,
      0.2475,
      1.155,
      0.0825,
      0.99,
      1.8975,
      0.825,
      1.7325,
      0.66,
      1.5675,
      0.495,
      1.4025,
      0.33,
      1.2375,
      0.165,
      1.0725
    ],
    "TaskName": "imtest",
    "VolumeTiming": [
      0,
      2,
      4,
      6,
      8,
      10,
      12,
      14,
      16,
      18,
      20,
      22,
      24,
      26,
      28,
      30,
      32,
      34,
      36,
      38,
      40,
      42,
      44,
      46,
      48,
      50,
      52,
      54,
      56,
      58,
      60,
      62,
      64,
      66,
      68,
      70,
      72,
      74,
      76,
      78,
      80,
      82,
      84,
      86,
      88,
      90,
      92,
      94,
      96,
      98,
      100,
      102,
      104,
      106,
      108,
      110,
      112,
      114,
      116,
      118,
      120,
      122,
      124,
      126,
      128,
      130,
      132,
      134,
      136,
      138,
      140,
      142,
      144,
      146,
      148,
      150,
      152,
      154,
      156,
      158,
      160,
      162,
      164,
      166,
      168,
      170,
      172,
      174,
      176,
      178,
      180,
      182,
      184,
      186,
      188,
      190,
      192,
      194,
      196,
      198,
      200,
      202,
      204,
      206,
      208,
      210,
      212,
      214,
      216,
      218,
      220,
      222,
      224,
      226,
      228,
      230,
      232,
      234,
      236,
      238,
      240,
      242,
      244,
      246,
      248,
      250,
      252,
      254,
      256,
      258,
      260,
      262,
      264
    ],
    "dataset": "ds002813",
    "modality": "bold",
    "run_id": 3,
    "subject_id": "206",
    "task_id": "imtest"
  },
  "dummy_trs": 0,
  "dvars_nstd": 42.98376363704547,
  "dvars_std": 1.221022568787879,
  "dvars_vstd": 1.0064443342424243,
  "efc": 0.5658960953391676,
  "fber": 2799.502685546875,
  "fd_mean": 0.10303423267110322,
  "fd_num": 9,
  "fd_perc": 6.7669172932330826,
  "fwhm_avg": 1.7815649999999998,
  "fwhm_x": 1.66863,
  "fwhm_y": 1.896415,
  "fwhm_z": 1.77965,
  "gcor": 0.011734,
  "gsr_x": -0.02728901244699955,
  "gsr_y": 0.04788367450237274,
  "provenance": {
    "md5sum": "267603ae688d31781c1763a828b625da",
    "settings": {
      "fd_thres": 0.2,
      "testing": false
    },
    "software": "mriqc",
    "version": "22.0.6",
    "webapi_port": null,
    "webapi_url": "https://mriqc.nimh.nih.gov/api/v1"
  },
  "size_t": 133,
  "size_x": 104,
  "size_y": 104,
  "size_z": 72,
  "snr": 7.2138531991403285,
  "spacing_tr": 2.0,
  "spacing_x": 2.0,
  "spacing_y": 2.0,
  "spacing_z": 2.0,
  "summary_bg_k": 13.890027004702848,
  "summary_bg_mad": 118.68861254190898,
  "summary_bg_mean": 545.2533569335938,
  "summary_bg_median": 151.6191864013672,
  "summary_bg_n": 491923.0,
  "summary_bg_p05": 55.52123870849609,
  "summary_bg_p95": 2543.539233398434,
  "summary_bg_stdv": 964.361572265625,
  "summary_fg_k": 3.4207479404867867,
  "summary_fg_mad": 1038.3923692865833,
  "summary_fg_mean": 8136.25390625,
  "summary_fg_median": 8108.02734375,
  "summary_fg_n": 186000.0,
  "summary_fg_p05": 6573.908349609375,
  "summary_fg_p95": 9896.537255859375,
  "summary_fg_stdv": 1123.9493408203125,
  "tsnr": 40.876678466796875
}