{
  "aor": 0.000978,
  "aqi": 0.018744265517241378,
  "bids_meta": {
    "AcquisitionDuration": [],
    "DelayTime": [],
    "EchoTime": 0.025,
    "FlipAngle": 90,
    "MagneticFieldStrength": 3,
    "Manufacturer": "Siemens",
    "ManufacturerModelName": "MAGNETOM Skyra",
    "MultibandAccelerationFactor": 3,
    "RepetitionTime": 2,
    "SliceTiming": [
      0,
      0.9075,
      1.815,
      0.7425,
      1.65,
      0.5775,
      1.485,
      0.4125,
      1.32,
      0.2475,
      1.155,
      0.0825,
      0.99,
      1.8975,
      0.825,
      1.7325,
      0.66,
      1.5675,
      0.495,
      1.4025,
      0.33,
      1.2375,
      0.165,
      1.0725,
      0,
      0.9075,
      1.815,
      0.7425,
      1.65,
      0.5775,
      1.485,
      0.4125,
      1.32,
      0.2475,
      1.155,
      0.0825,
      0.99,
      1.8975,
      0.825,
      1.7325,
      0.66,
      1.5675,
      0.495,
      1.4025,
      0.33,
      1.2375,
      0.165,
      1.0725,
      0,
      0.9075,
      1.815,
      0.7425,
      1.65,
      0.5775,
      1.485,
      0.4125,
      1.32,
      0.2475,
      1.155,
      0.0825,
      0.99,
      1.8975,
      0.825,
      1.7325,
      0.66,
      1.5675,
      0.495,
      1.4025,
      0.33,
      1.2375,
      0.165,
      1.0725
    ],
    "TaskName": "train",
    "VolumeTiming": [
      0,
      2,
      4,
      6,
      8,
      10,
      12,
      14,
      16,
      18,
      20,
      22,
      24,
      26,
      28,
      30,
      32,
      34,
      36,
      38,
      40,
      42,
      44,
      46,
      48,
      50,
      52,
      54,
      56,
      58,
      60,
      62,
      64,
      66,
      68,
      70,
      72,
      74,
      76,
      78,
      80,
      82,
      84,
      86,
      88,
      90,
      92,
      94,
      96,
      98,
      100,
      102,
      104,
      106,
      108,
      110,
      112,
      114,
      116,
      118,
      120,
      122,
      124,
      126,
      128,
      130,
      132,
      134,
      136,
      138,
      140,
      142,
      144,
      146,
      148,
      150,
      152,
      154,
      156,
      158,
      160,
      162,
      164,
      166,
      168,
      170,
      172,
      174,
      176,
      178,
      180,
      182,
      184,
      186,
      188,
      190,
      192,
      194,
      196,
      198,
      200,
      202,
      204,
      206,
      208,
      210,
      212,
      214,
      216,
      218,
      220,
      222,
      224,
      226,
      228,
      230,
      232,
      234,
      236,
      238,
      240,
      242,
      244,
      246,
      248,
      250,
      252,
      254,
      256,
      258,
      260,
      262,
      264,
      266,
      268,
      270,
      272,
      274,
      276,
      278,
      280,
      282,
      284,
      286,
      288
    ],
    "dataset": "ds002813",
    "modality": "bold",
    "run_id": 4,
    "subject_id": "225",
    "task_id": "train"
  },
  "dummy_trs": 0,
  "dvars_nstd": 45.74253744569444,
  "dvars_std": 1.3215232300694444,
  "dvars_vstd": 1.0139045679861112,
  "efc": 0.5135700041087079,
  "fber": 3625.020751953125,
  "fd_mean": 0.07135806117243218,
  "fd_num": 7,
  "fd_perc": 4.827586206896552,
  "fwhm_avg": 2.0548033333333335,
  "fwhm_x": 1.91888,
  "fwhm_y": 2.209205,
  "fwhm_z": 2.036325,
  "gcor": 0.0126742,
  "gsr_x": -0.01562412828207016,
  "gsr_y": 0.031541723757982254,
  "provenance": {
    "md5sum": "ed35366c7a5b6bd9fefff4374f09b997",
    "settings": {
      "fd_thres": 0.2,
      "testing": false
    },
    "software": "mriqc",
    "version": "22.0.6",
    "webapi_port": null,
    "webapi_url": "https://mriqc.nimh.nih.gov/api/v1"
  },
  "size_t": 145,
  "size_x": 104,
  "size_y": 104,
  "size_z": 72,
  "snr": 6.370807890235067,
  "spacing_tr": 2.0,
  "spacing_x": 2.0,
  "spacing_y": 2.0,
  "spacing_z": 2.0,
  "summary_bg_k": 16.750960663862926,
  "summary_bg_mad": 87.39172715614149,
  "summary_bg_mean": 425.1748352050781,
  "summary_bg_median": 127.24137878417969,
  "summary_bg_n": 530818.0,
  "summary_bg_p05": 51.32413864135742,
  "summary_bg_p95": 2068.449035644528,
  "summary_bg_stdv": 807.4346923828125,
  "summary_fg_k": 5.8785101515024,
  "summary_fg_mad": 1018.9205464485684,
  "summary_fg_mean": 7719.51171875,
  "summary_fg_median": 7730.34814453125,
  "summary_fg_n": 148510.0,
  "summary_fg_p05": 6045.651513671875,
  "summary_fg_p95": 9406.058642578124,
  "summary_fg_stdv": 1213.3974609375,
  "tsnr": 44.75030666217208
}