{
  "aor": 0.0013949655172413792,
  "aqi": 0.020094022068965517,
  "bids_meta": {
    "AcquisitionDuration": [],
    "DelayTime": [],
    "EchoTime": 0.025,
    "FlipAngle": 90,
    "MagneticFieldStrength": 3,
    "Manufacturer": "Siemens",
    "ManufacturerModelName": "MAGNETOM Skyra",
    "MultibandAccelerationFactor": 3,
    "RepetitionTime": 2,
    "SliceTiming": [
      0,
      0.9075,
      1.815,
      0.7425,
      1.65,
      0.5775,
      1.485,
      0.4125,
      1.32,
      0.2475,
      1.155,
      0.0825,
      0.99,
      1.8975,
      0.825,
      1.7325,
      0.66,
      1.5675,
      0.495,
      1.4025,
      0.33,
      1.2375,
      0.165,
      1.0725,
      0,
      0.9075,
      1.815,
      0.7425,
      1.65,
      0.5775,
      1.485,
      0.4125,
      1.32,
      0.2475,
      1.155,
      0.0825,
      0.99,
      1.8975,
      0.825,
      1.7325,
      0.66,
      1.5675,
      0.495,
      1.4025,
      0.33,
      1.2375,
      0.165,
      1.0725,
      0,
      0.9075,
      1.815,
      0.7425,
      1.65,
      0.5775,
      1.485,
      0.4125,
      1.32,
      0.2475,
      1.155,
      0.0825,
      0.99,
      1.8975,
      0.825,
      1.7325,
      0.66,
      1.5675,
      0.495,
      1.4025,
      0.33,
      1.2375,
      0.165,
      1.0725
    ],
    "TaskName": "train",
    "VolumeTiming": [
      0,
      2,
      4,
      6,
      8,
      10,
      12,
      14,
      16,
      18,
      20,
      22,
      24,
      26,
      28,
      30,
      32,
      34,
      36,
      38,
      40,
      42,
      44,
      46,
      48,
      50,
      52,
      54,
      56,
      58,
      60,
      62,
      64,
      66,
      68,
      70,
      72,
      74,
      76,
      78,
      80,
      82,
      84,
      86,
      88,
      90,
      92,
      94,
      96,
      98,
      100,
      102,
      104,
      106,
      108,
      110,
      112,
      114,
      116,
      118,
      120,
      122,
      124,
      126,
      128,
      130,
      132,
      134,
      136,
      138,
      140,
      142,
      144,
      146,
      148,
      150,
      152,
      154,
      156,
      158,
      160,
      162,
      164,
      166,
      168,
      170,
      172,
      174,
      176,
      178,
      180,
      182,
      184,
      186,
      188,
      190,
      192,
      194,
      196,
      198,
      200,
      202,
      204,
      206,
      208,
      210,
      212,
      214,
      216,
      218,
      220,
      222,
      224,
      226,
      228,
      230,
      232,
      234,
      236,
      238,
      240,
      242,
      244,
      246,
      248,
      250,
      252,
      254,
      256,
      258,
      260,
      262,
      264,
      266,
      268,
      270,
      272,
      274,
      276,
      278,
      280,
      282,
      284,
      286,
      288
    ],
    "dataset": "ds002813",
    "modality": "bold",
    "run_id": 3,
    "subject_id": "225",
    "task_id": "train"
  },
  "dummy_trs": 0,
  "dvars_nstd": 48.597884469861114,
  "dvars_std": 1.3473404101388893,
  "dvars_vstd": 1.0143686226388893,
  "efc": 0.5132417801167372,
  "fber": 3666.505859375,
  "fd_mean": 0.09488997233839352,
  "fd_num": 17,
  "fd_perc": 11.724137931034482,
  "fwhm_avg": 2.0694566666666665,
  "fwhm_x": 1.9277,
  "fwhm_y": 2.22978,
  "fwhm_z": 2.05089,
  "gcor": 0.0143666,
  "gsr_x": -0.014885067008435726,
  "gsr_y": 0.031090885400772095,
  "provenance": {
    "md5sum": "ec99643aa922279ac21ceec82ee4fc2d",
    "settings": {
      "fd_thres": 0.2,
      "testing": false
    },
    "software": "mriqc",
    "version": "22.0.6",
    "webapi_port": null,
    "webapi_url": "https://mriqc.nimh.nih.gov/api/v1"
  },
  "size_t": 145,
  "size_x": 104,
  "size_y": 104,
  "size_z": 72,
  "snr": 6.306139237444685,
  "spacing_tr": 2.0,
  "spacing_x": 2.0,
  "spacing_y": 2.0,
  "spacing_z": 2.0,
  "summary_bg_k": 17.367293027417556,
  "summary_bg_mad": 86.57373504468022,
  "summary_bg_mean": 416.76171875,
  "summary_bg_median": 126.06206512451172,
  "summary_bg_n": 529987.0,
  "summary_bg_p05": 50.958621978759766,
  "summary_bg_p95": 2007.1033935546875,
  "summary_bg_stdv": 790.7098999023438,
  "summary_fg_k": 6.076233085481126,
  "summary_fg_mad": 1017.00358811136,
  "summary_fg_mean": 7699.9951171875,
  "summary_fg_median": 7713.83447265625,
  "summary_fg_n": 148727.0,
  "summary_fg_p05": 6008.1318359375,
  "summary_fg_p95": 9382.771484374998,
  "summary_fg_stdv": 1223.2220458984375,
  "tsnr": 42.71957501186989
}