{
  "aor": 0.001599448275862069,
  "aqi": 0.01862641793103448,
  "bids_meta": {
    "AcquisitionDuration": [],
    "DelayTime": [],
    "EchoTime": 0.025,
    "FlipAngle": 90,
    "MagneticFieldStrength": 3,
    "Manufacturer": "Siemens",
    "ManufacturerModelName": "MAGNETOM Skyra",
    "MultibandAccelerationFactor": 3,
    "RepetitionTime": 2,
    "SliceTiming": [
      0,
      0.9075,
      1.815,
      0.7425,
      1.65,
      0.5775,
      1.485,
      0.4125,
      1.32,
      0.2475,
      1.155,
      0.0825,
      0.99,
      1.8975,
      0.825,
      1.7325,
      0.66,
      1.5675,
      0.495,
      1.4025,
      0.33,
      1.2375,
      0.165,
      1.0725,
      0,
      0.9075,
      1.815,
      0.7425,
      1.65,
      0.5775,
      1.485,
      0.4125,
      1.32,
      0.2475,
      1.155,
      0.0825,
      0.99,
      1.8975,
      0.825,
      1.7325,
      0.66,
      1.5675,
      0.495,
      1.4025,
      0.33,
      1.2375,
      0.165,
      1.0725,
      0,
      0.9075,
      1.815,
      0.7425,
      1.65,
      0.5775,
      1.485,
      0.4125,
      1.32,
      0.2475,
      1.155,
      0.0825,
      0.99,
      1.8975,
      0.825,
      1.7325,
      0.66,
      1.5675,
      0.495,
      1.4025,
      0.33,
      1.2375,
      0.165,
      1.0725
    ],
    "TaskName": "train",
    "VolumeTiming": [
      0,
      2,
      4,
      6,
      8,
      10,
      12,
      14,
      16,
      18,
      20,
      22,
      24,
      26,
      28,
      30,
      32,
      34,
      36,
      38,
      40,
      42,
      44,
      46,
      48,
      50,
      52,
      54,
      56,
      58,
      60,
      62,
      64,
      66,
      68,
      70,
      72,
      74,
      76,
      78,
      80,
      82,
      84,
      86,
      88,
      90,
      92,
      94,
      96,
      98,
      100,
      102,
      104,
      106,
      108,
      110,
      112,
      114,
      116,
      118,
      120,
      122,
      124,
      126,
      128,
      130,
      132,
      134,
      136,
      138,
      140,
      142,
      144,
      146,
      148,
      150,
      152,
      154,
      156,
      158,
      160,
      162,
      164,
      166,
      168,
      170,
      172,
      174,
      176,
      178,
      180,
      182,
      184,
      186,
      188,
      190,
      192,
      194,
      196,
      198,
      200,
      202,
      204,
      206,
      208,
      210,
      212,
      214,
      216,
      218,
      220,
      222,
      224,
      226,
      228,
      230,
      232,
      234,
      236,
      238,
      240,
      242,
      244,
      246,
      248,
      250,
      252,
      254,
      256,
      258,
      260,
      262,
      264,
      266,
      268,
      270,
      272,
      274,
      276,
      278,
      280,
      282,
      284,
      286,
      288
    ],
    "dataset": "ds002813",
    "modality": "bold",
    "run_id": 6,
    "subject_id": "225",
    "task_id": "train"
  },
  "dummy_trs": 0,
  "dvars_nstd": 45.87684928013888,
  "dvars_std": 1.3291454661805548,
  "dvars_vstd": 1.020752912013888,
  "efc": 0.514829141008439,
  "fber": 3648.696044921875,
  "fd_mean": 0.06846031322938957,
  "fd_num": 6,
  "fd_perc": 4.137931034482759,
  "fwhm_avg": 2.0591566666666665,
  "fwhm_x": 1.92641,
  "fwhm_y": 2.211405,
  "fwhm_z": 2.039655,
  "gcor": 0.0122963,
  "gsr_x": -0.01568499766290188,
  "gsr_y": 0.0317947082221508,
  "provenance": {
    "md5sum": "078c2f71940af3776902bffbcfbf35d3",
    "settings": {
      "fd_thres": 0.2,
      "testing": false
    },
    "software": "mriqc",
    "version": "22.0.6",
    "webapi_port": null,
    "webapi_url": "https://mriqc.nimh.nih.gov/api/v1"
  },
  "size_t": 145,
  "size_x": 104,
  "size_y": 104,
  "size_z": 72,
  "snr": 6.35585492449425,
  "spacing_tr": 2.0,
  "spacing_x": 2.0,
  "spacing_y": 2.0,
  "spacing_z": 2.0,
  "summary_bg_k": 16.269926698283044,
  "summary_bg_mad": 88.63916625725564,
  "summary_bg_mean": 433.8642883300781,
  "summary_bg_median": 127.4137954711914,
  "summary_bg_n": 530596.0,
  "summary_bg_p05": 50.400001525878906,
  "summary_bg_p95": 2110.2481689453125,
  "summary_bg_stdv": 818.4898681640625,
  "summary_fg_k": 5.735001217061834,
  "summary_fg_mad": 1030.7864316846649,
  "summary_fg_mean": 7744.25537109375,
  "summary_fg_median": 7748.9033203125,
  "summary_fg_n": 148547.0,
  "summary_fg_p05": 6055.300634765625,
  "summary_fg_p95": 9440.52236328125,
  "summary_fg_stdv": 1219.1715087890625,
  "tsnr": 44.46328002377413
}