{
  "aor": 0.0017744137931034484,
  "aqi": 0.026592297241379313,
  "bids_meta": {
    "AcquisitionDuration": [],
    "DelayTime": [],
    "EchoTime": 0.025,
    "FlipAngle": 90,
    "MagneticFieldStrength": 3,
    "Manufacturer": "Siemens",
    "ManufacturerModelName": "MAGNETOM Skyra",
    "MultibandAccelerationFactor": 3,
    "RepetitionTime": 2,
    "SliceTiming": [
      0,
      0.9075,
      1.815,
      0.7425,
      1.65,
      0.5775,
      1.485,
      0.4125,
      1.32,
      0.2475,
      1.155,
      0.0825,
      0.99,
      1.8975,
      0.825,
      1.7325,
      0.66,
      1.5675,
      0.495,
      1.4025,
      0.33,
      1.2375,
      0.165,
      1.0725,
      0,
      0.9075,
      1.815,
      0.7425,
      1.65,
      0.5775,
      1.485,
      0.4125,
      1.32,
      0.2475,
      1.155,
      0.0825,
      0.99,
      1.8975,
      0.825,
      1.7325,
      0.66,
      1.5675,
      0.495,
      1.4025,
      0.33,
      1.2375,
      0.165,
      1.0725,
      0,
      0.9075,
      1.815,
      0.7425,
      1.65,
      0.5775,
      1.485,
      0.4125,
      1.32,
      0.2475,
      1.155,
      0.0825,
      0.99,
      1.8975,
      0.825,
      1.7325,
      0.66,
      1.5675,
      0.495,
      1.4025,
      0.33,
      1.2375,
      0.165,
      1.0725
    ],
    "TaskName": "train",
    "VolumeTiming": [
      0,
      2,
      4,
      6,
      8,
      10,
      12,
      14,
      16,
      18,
      20,
      22,
      24,
      26,
      28,
      30,
      32,
      34,
      36,
      38,
      40,
      42,
      44,
      46,
      48,
      50,
      52,
      54,
      56,
      58,
      60,
      62,
      64,
      66,
      68,
      70,
      72,
      74,
      76,
      78,
      80,
      82,
      84,
      86,
      88,
      90,
      92,
      94,
      96,
      98,
      100,
      102,
      104,
      106,
      108,
      110,
      112,
      114,
      116,
      118,
      120,
      122,
      124,
      126,
      128,
      130,
      132,
      134,
      136,
      138,
      140,
      142,
      144,
      146,
      148,
      150,
      152,
      154,
      156,
      158,
      160,
      162,
      164,
      166,
      168,
      170,
      172,
      174,
      176,
      178,
      180,
      182,
      184,
      186,
      188,
      190,
      192,
      194,
      196,
      198,
      200,
      202,
      204,
      206,
      208,
      210,
      212,
      214,
      216,
      218,
      220,
      222,
      224,
      226,
      228,
      230,
      232,
      234,
      236,
      238,
      240,
      242,
      244,
      246,
      248,
      250,
      252,
      254,
      256,
      258,
      260,
      262,
      264,
      266,
      268,
      270,
      272,
      274,
      276,
      278,
      280,
      282,
      284,
      286,
      288
    ],
    "dataset": "ds002813",
    "modality": "bold",
    "run_id": 7,
    "subject_id": "226",
    "task_id": "train"
  },
  "dummy_trs": 0,
  "dvars_nstd": 41.453225030000006,
  "dvars_std": 1.1576434161111115,
  "dvars_vstd": 1.0071206448611114,
  "efc": 0.5740988399527223,
  "fber": 2870.55419921875,
  "fd_mean": 0.1714419416744665,
  "fd_num": 34,
  "fd_perc": 23.448275862068964,
  "fwhm_avg": 1.8569616666666668,
  "fwhm_x": 1.72858,
  "fwhm_y": 2.02857,
  "fwhm_z": 1.813735,
  "gcor": 0.0035011,
  "gsr_x": -0.012513171881437302,
  "gsr_y": 0.042908407747745514,
  "provenance": {
    "md5sum": "8b2939493d9620ed04bbebdc833d4c52",
    "settings": {
      "fd_thres": 0.2,
      "testing": false
    },
    "software": "mriqc",
    "version": "22.0.6",
    "webapi_port": null,
    "webapi_url": "https://mriqc.nimh.nih.gov/api/v1"
  },
  "size_t": 145,
  "size_x": 104,
  "size_y": 104,
  "size_z": 72,
  "snr": 7.078444650368691,
  "spacing_tr": 2.0,
  "spacing_x": 2.0,
  "spacing_y": 2.0,
  "spacing_z": 2.0,
  "summary_bg_k": 10.32513306717589,
  "summary_bg_mad": 131.94137198003745,
  "summary_bg_mean": 631.890625,
  "summary_bg_median": 156.9310302734375,
  "summary_bg_n": 490107.0,
  "summary_bg_p05": 56.089656829833984,
  "summary_bg_p95": 2983.8406738281037,
  "summary_bg_stdv": 1094.725830078125,
  "summary_fg_k": 3.9193509636743915,
  "summary_fg_mad": 1057.667645980885,
  "summary_fg_mean": 8477.306640625,
  "summary_fg_median": 8468.11328125,
  "summary_fg_n": 186450.0,
  "summary_fg_p05": 6781.87529296875,
  "summary_fg_p95": 10271.99384765625,
  "summary_fg_stdv": 1196.32080078125,
  "tsnr": 37.02581440214999
}