{
  "aor": 0.0042590344827586205,
  "aqi": 0.020323581379310344,
  "bids_meta": {
    "AcquisitionDuration": [],
    "DelayTime": [],
    "EchoTime": 0.025,
    "FlipAngle": 90,
    "MagneticFieldStrength": 3,
    "Manufacturer": "Siemens",
    "ManufacturerModelName": "MAGNETOM Skyra",
    "MultibandAccelerationFactor": 3,
    "RepetitionTime": 2,
    "SliceTiming": [
      0,
      0.9075,
      1.815,
      0.7425,
      1.65,
      0.5775,
      1.485,
      0.4125,
      1.32,
      0.2475,
      1.155,
      0.0825,
      0.99,
      1.8975,
      0.825,
      1.7325,
      0.66,
      1.5675,
      0.495,
      1.4025,
      0.33,
      1.2375,
      0.165,
      1.0725,
      0,
      0.9075,
      1.815,
      0.7425,
      1.65,
      0.5775,
      1.485,
      0.4125,
      1.32,
      0.2475,
      1.155,
      0.0825,
      0.99,
      1.8975,
      0.825,
      1.7325,
      0.66,
      1.5675,
      0.495,
      1.4025,
      0.33,
      1.2375,
      0.165,
      1.0725,
      0,
      0.9075,
      1.815,
      0.7425,
      1.65,
      0.5775,
      1.485,
      0.4125,
      1.32,
      0.2475,
      1.155,
      0.0825,
      0.99,
      1.8975,
      0.825,
      1.7325,
      0.66,
      1.5675,
      0.495,
      1.4025,
      0.33,
      1.2375,
      0.165,
      1.0725
    ],
    "TaskName": "train",
    "VolumeTiming": [
      0,
      2,
      4,
      6,
      8,
      10,
      12,
      14,
      16,
      18,
      20,
      22,
      24,
      26,
      28,
      30,
      32,
      34,
      36,
      38,
      40,
      42,
      44,
      46,
      48,
      50,
      52,
      54,
      56,
      58,
      60,
      62,
      64,
      66,
      68,
      70,
      72,
      74,
      76,
      78,
      80,
      82,
      84,
      86,
      88,
      90,
      92,
      94,
      96,
      98,
      100,
      102,
      104,
      106,
      108,
      110,
      112,
      114,
      116,
      118,
      120,
      122,
      124,
      126,
      128,
      130,
      132,
      134,
      136,
      138,
      140,
      142,
      144,
      146,
      148,
      150,
      152,
      154,
      156,
      158,
      160,
      162,
      164,
      166,
      168,
      170,
      172,
      174,
      176,
      178,
      180,
      182,
      184,
      186,
      188,
      190,
      192,
      194,
      196,
      198,
      200,
      202,
      204,
      206,
      208,
      210,
      212,
      214,
      216,
      218,
      220,
      222,
      224,
      226,
      228,
      230,
      232,
      234,
      236,
      238,
      240,
      242,
      244,
      246,
      248,
      250,
      252,
      254,
      256,
      258,
      260,
      262,
      264,
      266,
      268,
      270,
      272,
      274,
      276,
      278,
      280,
      282,
      284,
      286,
      288
    ],
    "dataset": "ds002813",
    "modality": "bold",
    "run_id": 1,
    "subject_id": "233",
    "task_id": "train"
  },
  "dummy_trs": 0,
  "dvars_nstd": 50.15448096069446,
  "dvars_std": 1.343720625416666,
  "dvars_vstd": 1.0470035703472222,
  "efc": 0.5655925890978039,
  "fber": 2619.864501953125,
  "fd_mean": 0.06500406009317744,
  "fd_num": 5,
  "fd_perc": 3.4482758620689653,
  "fwhm_avg": 2.1498016666666664,
  "fwhm_x": 2.012345,
  "fwhm_y": 2.27879,
  "fwhm_z": 2.15827,
  "gcor": 0.0161568,
  "gsr_x": -0.011223146691918373,
  "gsr_y": 0.05069684237241745,
  "provenance": {
    "md5sum": "7b9df81c7b1db6daebacb529e88553dc",
    "settings": {
      "fd_thres": 0.2,
      "testing": false
    },
    "software": "mriqc",
    "version": "22.0.6",
    "webapi_port": null,
    "webapi_url": "https://mriqc.nimh.nih.gov/api/v1"
  },
  "size_t": 145,
  "size_x": 104,
  "size_y": 104,
  "size_z": 72,
  "snr": 6.047582560222763,
  "spacing_tr": 2.0,
  "spacing_x": 2.0,
  "spacing_y": 2.0,
  "spacing_z": 2.0,
  "summary_bg_k": 7.734801145374432,
  "summary_bg_mad": 132.66408287363691,
  "summary_bg_mean": 713.27587890625,
  "summary_bg_median": 163.9408721923828,
  "summary_bg_n": 506104.0,
  "summary_bg_p05": 60.798871994018555,
  "summary_bg_p95": 3727.656274414061,
  "summary_bg_stdv": 1244.7222900390625,
  "summary_fg_k": 4.939033836698234,
  "summary_fg_mad": 1101.0276074938256,
  "summary_fg_mean": 8529.728515625,
  "summary_fg_median": 8573.4033203125,
  "summary_fg_n": 167389.0,
  "summary_fg_p05": 6310.8017578125,
  "summary_fg_p95": 10548.968945312501,
  "summary_fg_stdv": 1417.6536865234375,
  "tsnr": 39.94096374511719
}