{
  "aor": 0.0011219310344827587,
  "aqi": 0.019113116551724138,
  "bids_meta": {
    "AcquisitionDuration": [],
    "DelayTime": [],
    "EchoTime": 0.025,
    "FlipAngle": 90,
    "MagneticFieldStrength": 3,
    "Manufacturer": "Siemens",
    "ManufacturerModelName": "MAGNETOM Skyra",
    "MultibandAccelerationFactor": 3,
    "RepetitionTime": 2,
    "SliceTiming": [
      0,
      0.9075,
      1.815,
      0.7425,
      1.65,
      0.5775,
      1.485,
      0.4125,
      1.32,
      0.2475,
      1.155,
      0.0825,
      0.99,
      1.8975,
      0.825,
      1.7325,
      0.66,
      1.5675,
      0.495,
      1.4025,
      0.33,
      1.2375,
      0.165,
      1.0725,
      0,
      0.9075,
      1.815,
      0.7425,
      1.65,
      0.5775,
      1.485,
      0.4125,
      1.32,
      0.2475,
      1.155,
      0.0825,
      0.99,
      1.8975,
      0.825,
      1.7325,
      0.66,
      1.5675,
      0.495,
      1.4025,
      0.33,
      1.2375,
      0.165,
      1.0725,
      0,
      0.9075,
      1.815,
      0.7425,
      1.65,
      0.5775,
      1.485,
      0.4125,
      1.32,
      0.2475,
      1.155,
      0.0825,
      0.99,
      1.8975,
      0.825,
      1.7325,
      0.66,
      1.5675,
      0.495,
      1.4025,
      0.33,
      1.2375,
      0.165,
      1.0725
    ],
    "TaskName": "train",
    "VolumeTiming": [
      0,
      2,
      4,
      6,
      8,
      10,
      12,
      14,
      16,
      18,
      20,
      22,
      24,
      26,
      28,
      30,
      32,
      34,
      36,
      38,
      40,
      42,
      44,
      46,
      48,
      50,
      52,
      54,
      56,
      58,
      60,
      62,
      64,
      66,
      68,
      70,
      72,
      74,
      76,
      78,
      80,
      82,
      84,
      86,
      88,
      90,
      92,
      94,
      96,
      98,
      100,
      102,
      104,
      106,
      108,
      110,
      112,
      114,
      116,
      118,
      120,
      122,
      124,
      126,
      128,
      130,
      132,
      134,
      136,
      138,
      140,
      142,
      144,
      146,
      148,
      150,
      152,
      154,
      156,
      158,
      160,
      162,
      164,
      166,
      168,
      170,
      172,
      174,
      176,
      178,
      180,
      182,
      184,
      186,
      188,
      190,
      192,
      194,
      196,
      198,
      200,
      202,
      204,
      206,
      208,
      210,
      212,
      214,
      216,
      218,
      220,
      222,
      224,
      226,
      228,
      230,
      232,
      234,
      236,
      238,
      240,
      242,
      244,
      246,
      248,
      250,
      252,
      254,
      256,
      258,
      260,
      262,
      264,
      266,
      268,
      270,
      272,
      274,
      276,
      278,
      280,
      282,
      284,
      286,
      288
    ],
    "dataset": "ds002813",
    "modality": "bold",
    "run_id": 4,
    "subject_id": "233",
    "task_id": "train"
  },
  "dummy_trs": 0,
  "dvars_nstd": 47.32376321083335,
  "dvars_std": 1.3089312413194443,
  "dvars_vstd": 1.014988568402778,
  "efc": 0.5684814252145339,
  "fber": 2538.240966796875,
  "fd_mean": 0.06028330694067738,
  "fd_num": 0,
  "fd_perc": 0.0,
  "fwhm_avg": 2.172988333333333,
  "fwhm_x": 2.033225,
  "fwhm_y": 2.29296,
  "fwhm_z": 2.19278,
  "gcor": 0.00757197,
  "gsr_x": -0.010988028720021248,
  "gsr_y": 0.052060794085264206,
  "provenance": {
    "md5sum": "407e7142f0cbaec567f2fc3db3a4eb99",
    "settings": {
      "fd_thres": 0.2,
      "testing": false
    },
    "software": "mriqc",
    "version": "22.0.6",
    "webapi_port": null,
    "webapi_url": "https://mriqc.nimh.nih.gov/api/v1"
  },
  "size_t": 145,
  "size_x": 104,
  "size_y": 104,
  "size_z": 72,
  "snr": 5.983340057869486,
  "spacing_tr": 2.0,
  "spacing_x": 2.0,
  "spacing_y": 2.0,
  "spacing_z": 2.0,
  "summary_bg_k": 7.263461093816003,
  "summary_bg_mad": 141.86803247216324,
  "summary_bg_mean": 744.201416015625,
  "summary_bg_median": 167.698974609375,
  "summary_bg_n": 505872.0,
  "summary_bg_p05": 57.580013847351076,
  "summary_bg_p95": 3876.5685424804688,
  "summary_bg_stdv": 1287.2802734375,
  "summary_fg_k": 4.979599248511274,
  "summary_fg_mad": 1110.661626206654,
  "summary_fg_mean": 8571.0517578125,
  "summary_fg_median": 8613.40234375,
  "summary_fg_n": 167512.0,
  "summary_fg_p05": 6317.185009765625,
  "summary_fg_p95": 10633.852832031249,
  "summary_fg_stdv": 1439.5599365234375,
  "tsnr": 41.98856735229492
}