{
  "aor": 0.0011272413793103448,
  "aqi": 0.02313658,
  "bids_meta": {
    "AcquisitionDuration": [],
    "DelayTime": [],
    "EchoTime": 0.025,
    "FlipAngle": 90,
    "MagneticFieldStrength": 3,
    "Manufacturer": "Siemens",
    "ManufacturerModelName": "MAGNETOM Skyra",
    "MultibandAccelerationFactor": 3,
    "RepetitionTime": 2,
    "SliceTiming": [
      0,
      0.9075,
      1.815,
      0.7425,
      1.65,
      0.5775,
      1.485,
      0.4125,
      1.32,
      0.2475,
      1.155,
      0.0825,
      0.99,
      1.8975,
      0.825,
      1.7325,
      0.66,
      1.5675,
      0.495,
      1.4025,
      0.33,
      1.2375,
      0.165,
      1.0725,
      0,
      0.9075,
      1.815,
      0.7425,
      1.65,
      0.5775,
      1.485,
      0.4125,
      1.32,
      0.2475,
      1.155,
      0.0825,
      0.99,
      1.8975,
      0.825,
      1.7325,
      0.66,
      1.5675,
      0.495,
      1.4025,
      0.33,
      1.2375,
      0.165,
      1.0725,
      0,
      0.9075,
      1.815,
      0.7425,
      1.65,
      0.5775,
      1.485,
      0.4125,
      1.32,
      0.2475,
      1.155,
      0.0825,
      0.99,
      1.8975,
      0.825,
      1.7325,
      0.66,
      1.5675,
      0.495,
      1.4025,
      0.33,
      1.2375,
      0.165,
      1.0725
    ],
    "TaskName": "train",
    "VolumeTiming": [
      0,
      2,
      4,
      6,
      8,
      10,
      12,
      14,
      16,
      18,
      20,
      22,
      24,
      26,
      28,
      30,
      32,
      34,
      36,
      38,
      40,
      42,
      44,
      46,
      48,
      50,
      52,
      54,
      56,
      58,
      60,
      62,
      64,
      66,
      68,
      70,
      72,
      74,
      76,
      78,
      80,
      82,
      84,
      86,
      88,
      90,
      92,
      94,
      96,
      98,
      100,
      102,
      104,
      106,
      108,
      110,
      112,
      114,
      116,
      118,
      120,
      122,
      124,
      126,
      128,
      130,
      132,
      134,
      136,
      138,
      140,
      142,
      144,
      146,
      148,
      150,
      152,
      154,
      156,
      158,
      160,
      162,
      164,
      166,
      168,
      170,
      172,
      174,
      176,
      178,
      180,
      182,
      184,
      186,
      188,
      190,
      192,
      194,
      196,
      198,
      200,
      202,
      204,
      206,
      208,
      210,
      212,
      214,
      216,
      218,
      220,
      222,
      224,
      226,
      228,
      230,
      232,
      234,
      236,
      238,
      240,
      242,
      244,
      246,
      248,
      250,
      252,
      254,
      256,
      258,
      260,
      262,
      264,
      266,
      268,
      270,
      272,
      274,
      276,
      278,
      280,
      282,
      284,
      286,
      288
    ],
    "dataset": "ds002813",
    "modality": "bold",
    "run_id": 8,
    "subject_id": "233",
    "task_id": "train"
  },
  "dummy_trs": 0,
  "dvars_nstd": 51.075248691944445,
  "dvars_std": 1.2897704852777783,
  "dvars_vstd": 0.9981614074305559,
  "efc": 0.5680208429705507,
  "fber": 2675.031982421875,
  "fd_mean": 0.1447236204328147,
  "fd_num": 35,
  "fd_perc": 24.137931034482758,
  "fwhm_avg": 2.3061366666666667,
  "fwhm_x": 2.10975,
  "fwhm_y": 2.459585,
  "fwhm_z": 2.349075,
  "gcor": 0.0108059,
  "gsr_x": -0.007355889771133661,
  "gsr_y": 0.05662790313363075,
  "provenance": {
    "md5sum": "c3d1f8d737898f51a82ce0d17cb6ece4",
    "settings": {
      "fd_thres": 0.2,
      "testing": false
    },
    "software": "mriqc",
    "version": "22.0.6",
    "webapi_port": null,
    "webapi_url": "https://mriqc.nimh.nih.gov/api/v1"
  },
  "size_t": 145,
  "size_x": 104,
  "size_y": 104,
  "size_z": 72,
  "snr": 5.548568427635669,
  "spacing_tr": 2.0,
  "spacing_x": 2.0,
  "spacing_y": 2.0,
  "spacing_z": 2.0,
  "summary_bg_k": 8.432567123252813,
  "summary_bg_mad": 129.22156743873606,
  "summary_bg_mean": 686.8796997070312,
  "summary_bg_median": 161.0,
  "summary_bg_n": 498490.0,
  "summary_bg_p05": 59.372413635253906,
  "summary_bg_p95": 3506.7185424804684,
  "summary_bg_stdv": 1204.4744873046875,
  "summary_fg_k": 5.323330137889567,
  "summary_fg_mad": 1113.731076112154,
  "summary_fg_mean": 8459.427734375,
  "summary_fg_median": 8558.9931640625,
  "summary_fg_n": 171461.0,
  "summary_fg_p05": 5709.37939453125,
  "summary_fg_p95": 10519.61328125,
  "summary_fg_stdv": 1542.5543212890625,
  "tsnr": 35.62520904187113
}