{
  "aor": 0.0007606818181818182,
  "aqi": 0.022601399242424245,
  "bids_meta": {
    "AcquisitionDuration": [],
    "DelayTime": [],
    "EchoTime": 0.025,
    "FlipAngle": 90,
    "MagneticFieldStrength": 3,
    "Manufacturer": "Siemens",
    "ManufacturerModelName": "MAGNETOM Skyra",
    "MultibandAccelerationFactor": 3,
    "RepetitionTime": 2,
    "SliceTiming": [
      0,
      0.9075,
      1.815,
      0.7425,
      1.65,
      0.5775,
      1.485,
      0.4125,
      1.32,
      0.2475,
      1.155,
      0.0825,
      0.99,
      1.8975,
      0.825,
      1.7325,
      0.66,
      1.5675,
      0.495,
      1.4025,
      0.33,
      1.2375,
      0.165,
      1.0725,
      0,
      0.9075,
      1.815,
      0.7425,
      1.65,
      0.5775,
      1.485,
      0.4125,
      1.32,
      0.2475,
      1.155,
      0.0825,
      0.99,
      1.8975,
      0.825,
      1.7325,
      0.66,
      1.5675,
      0.495,
      1.4025,
      0.33,
      1.2375,
      0.165,
      1.0725,
      0,
      0.9075,
      1.815,
      0.7425,
      1.65,
      0.5775,
      1.485,
      0.4125,
      1.32,
      0.2475,
      1.155,
      0.0825,
      0.99,
      1.8975,
      0.825,
      1.7325,
      0.66,
      1.5675,
      0.495,
      1.4025,
      0.33,
      1.2375,
      0.165,
      1.0725
    ],
    "TaskName": "imtest",
    "VolumeTiming": [
      0,
      2,
      4,
      6,
      8,
      10,
      12,
      14,
      16,
      18,
      20,
      22,
      24,
      26,
      28,
      30,
      32,
      34,
      36,
      38,
      40,
      42,
      44,
      46,
      48,
      50,
      52,
      54,
      56,
      58,
      60,
      62,
      64,
      66,
      68,
      70,
      72,
      74,
      76,
      78,
      80,
      82,
      84,
      86,
      88,
      90,
      92,
      94,
      96,
      98,
      100,
      102,
      104,
      106,
      108,
      110,
      112,
      114,
      116,
      118,
      120,
      122,
      124,
      126,
      128,
      130,
      132,
      134,
      136,
      138,
      140,
      142,
      144,
      146,
      148,
      150,
      152,
      154,
      156,
      158,
      160,
      162,
      164,
      166,
      168,
      170,
      172,
      174,
      176,
      178,
      180,
      182,
      184,
      186,
      188,
      190,
      192,
      194,
      196,
      198,
      200,
      202,
      204,
      206,
      208,
      210,
      212,
      214,
      216,
      218,
      220,
      222,
      224,
      226,
      228,
      230,
      232,
      234,
      236,
      238,
      240,
      242,
      244,
      246,
      248,
      250,
      252,
      254,
      256,
      258,
      260,
      262,
      264
    ],
    "dataset": "ds002813",
    "modality": "bold",
    "run_id": 4,
    "subject_id": "201",
    "task_id": "imtest"
  },
  "dummy_trs": 1,
  "dvars_nstd": 49.42385715755726,
  "dvars_std": 1.3211782586259546,
  "dvars_vstd": 1.0040997970229009,
  "efc": 0.5503812201128886,
  "fber": 2588.263427734375,
  "fd_mean": 0.04310192051840943,
  "fd_num": 0,
  "fd_perc": 0.0,
  "fwhm_avg": 1.89815,
  "fwhm_x": 1.81441,
  "fwhm_y": 2.055185,
  "fwhm_z": 1.824855,
  "gcor": 0.0024863,
  "gsr_x": -0.01821519061923027,
  "gsr_y": 0.033368103206157684,
  "provenance": {
    "md5sum": "da73d0a15197617792ca12d4b5eb3d52",
    "settings": {
      "fd_thres": 0.2,
      "testing": false
    },
    "software": "mriqc",
    "version": "22.0.6",
    "webapi_port": null,
    "webapi_url": "https://mriqc.nimh.nih.gov/api/v1"
  },
  "size_t": 132,
  "size_x": 104,
  "size_y": 104,
  "size_z": 72,
  "snr": 6.899056070023956,
  "spacing_tr": 2.0,
  "spacing_x": 2.0,
  "spacing_y": 2.0,
  "spacing_z": 2.0,
  "summary_bg_k": 12.573033108265914,
  "summary_bg_mad": 136.72513725747072,
  "summary_bg_mean": 573.1919555664062,
  "summary_bg_median": 162.50758361816406,
  "summary_bg_n": 509812.0,
  "summary_bg_p05": 57.75757598876953,
  "summary_bg_p95": 2799.911071777342,
  "summary_bg_stdv": 1015.1610107421875,
  "summary_fg_k": 5.2243263308171475,
  "summary_fg_mad": 999.0386190418117,
  "summary_fg_mean": 8355.4609375,
  "summary_fg_median": 8353.3037109375,
  "summary_fg_n": 168289.0,
  "summary_fg_p05": 6675.0380859375,
  "summary_fg_p95": 10140.3642578125,
  "summary_fg_stdv": 1210.7857666015625,
  "tsnr": 42.55361068760976
}