{
  "aor": 0.000784,
  "aqi": 0.022432123448275863,
  "bids_meta": {
    "AcquisitionDuration": [],
    "DelayTime": [],
    "EchoTime": 0.025,
    "FlipAngle": 90,
    "MagneticFieldStrength": 3,
    "Manufacturer": "Siemens",
    "ManufacturerModelName": "MAGNETOM Skyra",
    "MultibandAccelerationFactor": 3,
    "RepetitionTime": 2,
    "SliceTiming": [
      0,
      0.9075,
      1.815,
      0.7425,
      1.65,
      0.5775,
      1.485,
      0.4125,
      1.32,
      0.2475,
      1.155,
      0.0825,
      0.99,
      1.8975,
      0.825,
      1.7325,
      0.66,
      1.5675,
      0.495,
      1.4025,
      0.33,
      1.2375,
      0.165,
      1.0725,
      0,
      0.9075,
      1.815,
      0.7425,
      1.65,
      0.5775,
      1.485,
      0.4125,
      1.32,
      0.2475,
      1.155,
      0.0825,
      0.99,
      1.8975,
      0.825,
      1.7325,
      0.66,
      1.5675,
      0.495,
      1.4025,
      0.33,
      1.2375,
      0.165,
      1.0725,
      0,
      0.9075,
      1.815,
      0.7425,
      1.65,
      0.5775,
      1.485,
      0.4125,
      1.32,
      0.2475,
      1.155,
      0.0825,
      0.99,
      1.8975,
      0.825,
      1.7325,
      0.66,
      1.5675,
      0.495,
      1.4025,
      0.33,
      1.2375,
      0.165,
      1.0725
    ],
    "TaskName": "train",
    "VolumeTiming": [
      0,
      2,
      4,
      6,
      8,
      10,
      12,
      14,
      16,
      18,
      20,
      22,
      24,
      26,
      28,
      30,
      32,
      34,
      36,
      38,
      40,
      42,
      44,
      46,
      48,
      50,
      52,
      54,
      56,
      58,
      60,
      62,
      64,
      66,
      68,
      70,
      72,
      74,
      76,
      78,
      80,
      82,
      84,
      86,
      88,
      90,
      92,
      94,
      96,
      98,
      100,
      102,
      104,
      106,
      108,
      110,
      112,
      114,
      116,
      118,
      120,
      122,
      124,
      126,
      128,
      130,
      132,
      134,
      136,
      138,
      140,
      142,
      144,
      146,
      148,
      150,
      152,
      154,
      156,
      158,
      160,
      162,
      164,
      166,
      168,
      170,
      172,
      174,
      176,
      178,
      180,
      182,
      184,
      186,
      188,
      190,
      192,
      194,
      196,
      198,
      200,
      202,
      204,
      206,
      208,
      210,
      212,
      214,
      216,
      218,
      220,
      222,
      224,
      226,
      228,
      230,
      232,
      234,
      236,
      238,
      240,
      242,
      244,
      246,
      248,
      250,
      252,
      254,
      256,
      258,
      260,
      262,
      264,
      266,
      268,
      270,
      272,
      274,
      276,
      278,
      280,
      282,
      284,
      286,
      288
    ],
    "dataset": "ds002813",
    "modality": "bold",
    "run_id": 7,
    "subject_id": "201",
    "task_id": "train"
  },
  "dummy_trs": 0,
  "dvars_nstd": 50.32432201208336,
  "dvars_std": 1.3501307162500007,
  "dvars_vstd": 1.0148260293055555,
  "efc": 0.5504927355091913,
  "fber": 2557.998779296875,
  "fd_mean": 0.04913668301238624,
  "fd_num": 3,
  "fd_perc": 2.0689655172413794,
  "fwhm_avg": 1.8929500000000001,
  "fwhm_x": 1.80495,
  "fwhm_y": 2.0482,
  "fwhm_z": 1.8257,
  "gcor": 0.00892,
  "gsr_x": -0.017860107123851776,
  "gsr_y": 0.033294595777988434,
  "provenance": {
    "md5sum": "c5cde2cde77fd5a0c211f0a2de185e55",
    "settings": {
      "fd_thres": 0.2,
      "testing": false
    },
    "software": "mriqc",
    "version": "22.0.6",
    "webapi_port": null,
    "webapi_url": "https://mriqc.nimh.nih.gov/api/v1"
  },
  "size_t": 145,
  "size_x": 104,
  "size_y": 104,
  "size_z": 72,
  "snr": 6.8817607513377785,
  "spacing_tr": 2.0,
  "spacing_x": 2.0,
  "spacing_y": 2.0,
  "spacing_z": 2.0,
  "summary_bg_k": 12.678407572257026,
  "summary_bg_mad": 136.91829564968498,
  "summary_bg_mean": 573.968994140625,
  "summary_bg_median": 163.0426025390625,
  "summary_bg_n": 509816.0,
  "summary_bg_p05": 58.06285762786865,
  "summary_bg_p95": 2816.6151123046875,
  "summary_bg_stdv": 1020.1784057617188,
  "summary_fg_k": 5.139730621884199,
  "summary_fg_mad": 1001.8308049582063,
  "summary_fg_mean": 8349.365234375,
  "summary_fg_median": 8344.3193359375,
  "summary_fg_n": 168139.0,
  "summary_fg_p05": 6670.059716796875,
  "summary_fg_p95": 10142.103515625,
  "summary_fg_stdv": 1212.523193359375,
  "tsnr": 42.43408966064453
}