{
  "aor": 0.0005350375939849624,
  "aqi": 0.03723874285714285,
  "bids_meta": {
    "AcquisitionDuration": [],
    "DelayTime": [],
    "EchoTime": 0.025,
    "FlipAngle": 90,
    "MagneticFieldStrength": 3,
    "Manufacturer": "Siemens",
    "ManufacturerModelName": "MAGNETOM Skyra",
    "MultibandAccelerationFactor": 3,
    "RepetitionTime": 2,
    "SliceTiming": [
      0,
      0.9075,
      1.815,
      0.7425,
      1.65,
      0.5775,
      1.485,
      0.4125,
      1.32,
      0.2475,
      1.155,
      0.0825,
      0.99,
      1.8975,
      0.825,
      1.7325,
      0.66,
      1.5675,
      0.495,
      1.4025,
      0.33,
      1.2375,
      0.165,
      1.0725,
      0,
      0.9075,
      1.815,
      0.7425,
      1.65,
      0.5775,
      1.485,
      0.4125,
      1.32,
      0.2475,
      1.155,
      0.0825,
      0.99,
      1.8975,
      0.825,
      1.7325,
      0.66,
      1.5675,
      0.495,
      1.4025,
      0.33,
      1.2375,
      0.165,
      1.0725,
      0,
      0.9075,
      1.815,
      0.7425,
      1.65,
      0.5775,
      1.485,
      0.4125,
      1.32,
      0.2475,
      1.155,
      0.0825,
      0.99,
      1.8975,
      0.825,
      1.7325,
      0.66,
      1.5675,
      0.495,
      1.4025,
      0.33,
      1.2375,
      0.165,
      1.0725
    ],
    "TaskName": "imtest",
    "VolumeTiming": [
      0,
      2,
      4,
      6,
      8,
      10,
      12,
      14,
      16,
      18,
      20,
      22,
      24,
      26,
      28,
      30,
      32,
      34,
      36,
      38,
      40,
      42,
      44,
      46,
      48,
      50,
      52,
      54,
      56,
      58,
      60,
      62,
      64,
      66,
      68,
      70,
      72,
      74,
      76,
      78,
      80,
      82,
      84,
      86,
      88,
      90,
      92,
      94,
      96,
      98,
      100,
      102,
      104,
      106,
      108,
      110,
      112,
      114,
      116,
      118,
      120,
      122,
      124,
      126,
      128,
      130,
      132,
      134,
      136,
      138,
      140,
      142,
      144,
      146,
      148,
      150,
      152,
      154,
      156,
      158,
      160,
      162,
      164,
      166,
      168,
      170,
      172,
      174,
      176,
      178,
      180,
      182,
      184,
      186,
      188,
      190,
      192,
      194,
      196,
      198,
      200,
      202,
      204,
      206,
      208,
      210,
      212,
      214,
      216,
      218,
      220,
      222,
      224,
      226,
      228,
      230,
      232,
      234,
      236,
      238,
      240,
      242,
      244,
      246,
      248,
      250,
      252,
      254,
      256,
      258,
      260,
      262,
      264
    ],
    "dataset": "ds002813",
    "modality": "bold",
    "run_id": 2,
    "subject_id": "215",
    "task_id": "imtest"
  },
  "dummy_trs": 0,
  "dvars_nstd": 48.26062242916665,
  "dvars_std": 1.1707402890909087,
  "dvars_vstd": 0.9825707709090912,
  "efc": 0.5136448099744062,
  "fber": 2594.176513671875,
  "fd_mean": 0.14736640673683193,
  "fd_num": 20,
  "fd_perc": 15.037593984962406,
  "fwhm_avg": 1.9588250375303649,
  "fwhm_x": 1.903815,
  "fwhm_y": 2.083695,
  "fwhm_z": 1.8889651125910945,
  "gcor": 0.00275286,
  "gsr_x": -0.011756857857108116,
  "gsr_y": 0.03188515827059746,
  "provenance": {
    "md5sum": "25632b9755c7c9c398563a1bb7433f52",
    "settings": {
      "fd_thres": 0.2,
      "testing": false
    },
    "software": "mriqc",
    "version": "22.0.6",
    "webapi_port": null,
    "webapi_url": "https://mriqc.nimh.nih.gov/api/v1"
  },
  "size_t": 133,
  "size_x": 104,
  "size_y": 104,
  "size_z": 72,
  "snr": 7.52421426982858,
  "spacing_tr": 2.0,
  "spacing_x": 2.0,
  "spacing_y": 2.0,
  "spacing_z": 1.9999998807907104,
  "summary_bg_k": 20.18831340955941,
  "summary_bg_mad": 99.85827374102472,
  "summary_bg_mean": 369.2687072753906,
  "summary_bg_median": 130.2706756591797,
  "summary_bg_n": 534923.0,
  "summary_bg_p05": 45.90977478027344,
  "summary_bg_p95": 1504.3624023437478,
  "summary_bg_stdv": 669.43798828125,
  "summary_fg_k": 3.956946701653094,
  "summary_fg_mad": 753.1398472314784,
  "summary_fg_mean": 6660.2255859375,
  "summary_fg_median": 6657.0,
  "summary_fg_n": 147232.0,
  "summary_fg_p05": 5332.9775390625,
  "summary_fg_p95": 7999.332324218749,
  "summary_fg_stdv": 884.7405395507812,
  "tsnr": 32.20614106860012
}