{
  "aor": 0.0007612413793103448,
  "aqi": 0.030380999310344825,
  "bids_meta": {
    "AcquisitionDuration": [],
    "DelayTime": [],
    "EchoTime": 0.025,
    "FlipAngle": 90,
    "MagneticFieldStrength": 3,
    "Manufacturer": "Siemens",
    "ManufacturerModelName": "MAGNETOM Skyra",
    "MultibandAccelerationFactor": 3,
    "RepetitionTime": 2,
    "SliceTiming": [
      0,
      0.9075,
      1.815,
      0.7425,
      1.65,
      0.5775,
      1.485,
      0.4125,
      1.32,
      0.2475,
      1.155,
      0.0825,
      0.99,
      1.8975,
      0.825,
      1.7325,
      0.66,
      1.5675,
      0.495,
      1.4025,
      0.33,
      1.2375,
      0.165,
      1.0725,
      0,
      0.9075,
      1.815,
      0.7425,
      1.65,
      0.5775,
      1.485,
      0.4125,
      1.32,
      0.2475,
      1.155,
      0.0825,
      0.99,
      1.8975,
      0.825,
      1.7325,
      0.66,
      1.5675,
      0.495,
      1.4025,
      0.33,
      1.2375,
      0.165,
      1.0725,
      0,
      0.9075,
      1.815,
      0.7425,
      1.65,
      0.5775,
      1.485,
      0.4125,
      1.32,
      0.2475,
      1.155,
      0.0825,
      0.99,
      1.8975,
      0.825,
      1.7325,
      0.66,
      1.5675,
      0.495,
      1.4025,
      0.33,
      1.2375,
      0.165,
      1.0725
    ],
    "TaskName": "train",
    "VolumeTiming": [
      0,
      2,
      4,
      6,
      8,
      10,
      12,
      14,
      16,
      18,
      20,
      22,
      24,
      26,
      28,
      30,
      32,
      34,
      36,
      38,
      40,
      42,
      44,
      46,
      48,
      50,
      52,
      54,
      56,
      58,
      60,
      62,
      64,
      66,
      68,
      70,
      72,
      74,
      76,
      78,
      80,
      82,
      84,
      86,
      88,
      90,
      92,
      94,
      96,
      98,
      100,
      102,
      104,
      106,
      108,
      110,
      112,
      114,
      116,
      118,
      120,
      122,
      124,
      126,
      128,
      130,
      132,
      134,
      136,
      138,
      140,
      142,
      144,
      146,
      148,
      150,
      152,
      154,
      156,
      158,
      160,
      162,
      164,
      166,
      168,
      170,
      172,
      174,
      176,
      178,
      180,
      182,
      184,
      186,
      188,
      190,
      192,
      194,
      196,
      198,
      200,
      202,
      204,
      206,
      208,
      210,
      212,
      214,
      216,
      218,
      220,
      222,
      224,
      226,
      228,
      230,
      232,
      234,
      236,
      238,
      240,
      242,
      244,
      246,
      248,
      250,
      252,
      254,
      256,
      258,
      260,
      262,
      264,
      266,
      268,
      270,
      272,
      274,
      276,
      278,
      280,
      282,
      284,
      286,
      288
    ],
    "dataset": "ds002813",
    "modality": "bold",
    "run_id": 6,
    "subject_id": "215",
    "task_id": "train"
  },
  "dummy_trs": 0,
  "dvars_nstd": 47.66034568673612,
  "dvars_std": 1.1915050056944443,
  "dvars_vstd": 1.000526445208333,
  "efc": 0.5112479631445098,
  "fber": 2709.1025390625,
  "fd_mean": 0.14672649948600794,
  "fd_num": 25,
  "fd_perc": 17.24137931034483,
  "fwhm_avg": 1.9568683709852916,
  "fwhm_x": 1.899145,
  "fwhm_y": 2.076375,
  "fwhm_z": 1.8950851129558748,
  "gcor": 0.00221201,
  "gsr_x": -0.009905477985739708,
  "gsr_y": 0.03365224972367287,
  "provenance": {
    "md5sum": "fdfa0d522a6c7ae4f73da1280c9cbfdf",
    "settings": {
      "fd_thres": 0.2,
      "testing": false
    },
    "software": "mriqc",
    "version": "22.0.6",
    "webapi_port": null,
    "webapi_url": "https://mriqc.nimh.nih.gov/api/v1"
  },
  "size_t": 145,
  "size_x": 104,
  "size_y": 104,
  "size_z": 72,
  "snr": 7.470187895964129,
  "spacing_tr": 2.0,
  "spacing_x": 2.0,
  "spacing_y": 2.0,
  "spacing_z": 1.9999998807907104,
  "summary_bg_k": 21.594350798331746,
  "summary_bg_mad": 94.64115340000595,
  "summary_bg_mean": 354.8154296875,
  "summary_bg_median": 127.4275894165039,
  "summary_bg_n": 535011.0,
  "summary_bg_p05": 45.70344924926758,
  "summary_bg_p95": 1401.1517333984375,
  "summary_bg_stdv": 648.1993408203125,
  "summary_fg_k": 4.079445074033978,
  "summary_fg_mad": 759.5527533606931,
  "summary_fg_mean": 6700.26416015625,
  "summary_fg_median": 6694.6484375,
  "summary_fg_n": 146821.0,
  "summary_fg_p05": 5344.18603515625,
  "summary_fg_p95": 8060.17236328125,
  "summary_fg_stdv": 896.1790161132812,
  "tsnr": 34.99837711255532
}