{
  "aor": 0.000539513888888889,
  "aqi": 0.036818293055555555,
  "bids_meta": {
    "AcquisitionDuration": [],
    "DelayTime": [],
    "EchoTime": 0.025,
    "FlipAngle": 90,
    "MagneticFieldStrength": 3,
    "Manufacturer": "Siemens",
    "ManufacturerModelName": "MAGNETOM Skyra",
    "MultibandAccelerationFactor": 3,
    "RepetitionTime": 2,
    "SliceTiming": [
      0,
      0.9075,
      1.815,
      0.7425,
      1.65,
      0.5775,
      1.485,
      0.4125,
      1.32,
      0.2475,
      1.155,
      0.0825,
      0.99,
      1.8975,
      0.825,
      1.7325,
      0.66,
      1.5675,
      0.495,
      1.4025,
      0.33,
      1.2375,
      0.165,
      1.0725,
      0,
      0.9075,
      1.815,
      0.7425,
      1.65,
      0.5775,
      1.485,
      0.4125,
      1.32,
      0.2475,
      1.155,
      0.0825,
      0.99,
      1.8975,
      0.825,
      1.7325,
      0.66,
      1.5675,
      0.495,
      1.4025,
      0.33,
      1.2375,
      0.165,
      1.0725,
      0,
      0.9075,
      1.815,
      0.7425,
      1.65,
      0.5775,
      1.485,
      0.4125,
      1.32,
      0.2475,
      1.155,
      0.0825,
      0.99,
      1.8975,
      0.825,
      1.7325,
      0.66,
      1.5675,
      0.495,
      1.4025,
      0.33,
      1.2375,
      0.165,
      1.0725
    ],
    "TaskName": "train",
    "VolumeTiming": [
      0,
      2,
      4,
      6,
      8,
      10,
      12,
      14,
      16,
      18,
      20,
      22,
      24,
      26,
      28,
      30,
      32,
      34,
      36,
      38,
      40,
      42,
      44,
      46,
      48,
      50,
      52,
      54,
      56,
      58,
      60,
      62,
      64,
      66,
      68,
      70,
      72,
      74,
      76,
      78,
      80,
      82,
      84,
      86,
      88,
      90,
      92,
      94,
      96,
      98,
      100,
      102,
      104,
      106,
      108,
      110,
      112,
      114,
      116,
      118,
      120,
      122,
      124,
      126,
      128,
      130,
      132,
      134,
      136,
      138,
      140,
      142,
      144,
      146,
      148,
      150,
      152,
      154,
      156,
      158,
      160,
      162,
      164,
      166,
      168,
      170,
      172,
      174,
      176,
      178,
      180,
      182,
      184,
      186,
      188,
      190,
      192,
      194,
      196,
      198,
      200,
      202,
      204,
      206,
      208,
      210,
      212,
      214,
      216,
      218,
      220,
      222,
      224,
      226,
      228,
      230,
      232,
      234,
      236,
      238,
      240,
      242,
      244,
      246,
      248,
      250,
      252,
      254,
      256,
      258,
      260,
      262,
      264,
      266,
      268,
      270,
      272,
      274,
      276,
      278,
      280,
      282,
      284,
      286,
      288
    ],
    "dataset": "ds002813",
    "modality": "bold",
    "run_id": 7,
    "subject_id": "215",
    "task_id": "train"
  },
  "dummy_trs": 1,
  "dvars_nstd": 47.93419660573427,
  "dvars_std": 1.160292767202797,
  "dvars_vstd": 0.977503585454546,
  "efc": 0.5121919283298184,
  "fber": 2612.23779296875,
  "fd_mean": 0.1554827889550667,
  "fd_num": 28,
  "fd_perc": 19.444444444444443,
  "fwhm_avg": 1.965068371329707,
  "fwhm_x": 1.903665,
  "fwhm_y": 2.07912,
  "fwhm_z": 1.9124201139891215,
  "gcor": 0.00223707,
  "gsr_x": -0.009211140684783459,
  "gsr_y": 0.03604106232523918,
  "provenance": {
    "md5sum": "393572ba7015a7980a697126979e116e",
    "settings": {
      "fd_thres": 0.2,
      "testing": false
    },
    "software": "mriqc",
    "version": "22.0.6",
    "webapi_port": null,
    "webapi_url": "https://mriqc.nimh.nih.gov/api/v1"
  },
  "size_t": 144,
  "size_x": 104,
  "size_y": 104,
  "size_z": 72,
  "snr": 7.569052690625598,
  "spacing_tr": 2.0,
  "spacing_x": 2.0,
  "spacing_y": 2.0,
  "spacing_z": 1.9999998807907104,
  "summary_bg_k": 20.913448773364042,
  "summary_bg_mad": 99.47848926541256,
  "summary_bg_mean": 365.1023864746094,
  "summary_bg_median": 130.63194274902344,
  "summary_bg_n": 534842.0,
  "summary_bg_p05": 46.194793701171896,
  "summary_bg_p95": 1466.7968505859358,
  "summary_bg_stdv": 666.8132934570312,
  "summary_fg_k": 3.9929378686582817,
  "summary_fg_mad": 750.2329189070598,
  "summary_fg_mean": 6675.62451171875,
  "summary_fg_median": 6672.24658203125,
  "summary_fg_n": 147030.0,
  "summary_fg_p05": 5346.545361328125,
  "summary_fg_p95": 8013.551611328125,
  "summary_fg_stdv": 881.5137329101562,
  "tsnr": 31.975824343739077
}