{
  "aor": 0.0007529323308270678,
  "aqi": 0.029509735338345864,
  "bids_meta": {
    "AcquisitionDuration": [],
    "DelayTime": [],
    "EchoTime": 0.025,
    "FlipAngle": 90,
    "MagneticFieldStrength": 3,
    "Manufacturer": "Siemens",
    "ManufacturerModelName": "MAGNETOM Skyra",
    "MultibandAccelerationFactor": 3,
    "RepetitionTime": 2,
    "SliceTiming": [
      0,
      0.9075,
      1.815,
      0.7425,
      1.65,
      0.5775,
      1.485,
      0.4125,
      1.32,
      0.2475,
      1.155,
      0.0825,
      0.99,
      1.8975,
      0.825,
      1.7325,
      0.66,
      1.5675,
      0.495,
      1.4025,
      0.33,
      1.2375,
      0.165,
      1.0725,
      0,
      0.9075,
      1.815,
      0.7425,
      1.65,
      0.5775,
      1.485,
      0.4125,
      1.32,
      0.2475,
      1.155,
      0.0825,
      0.99,
      1.8975,
      0.825,
      1.7325,
      0.66,
      1.5675,
      0.495,
      1.4025,
      0.33,
      1.2375,
      0.165,
      1.0725,
      0,
      0.9075,
      1.815,
      0.7425,
      1.65,
      0.5775,
      1.485,
      0.4125,
      1.32,
      0.2475,
      1.155,
      0.0825,
      0.99,
      1.8975,
      0.825,
      1.7325,
      0.66,
      1.5675,
      0.495,
      1.4025,
      0.33,
      1.2375,
      0.165,
      1.0725
    ],
    "TaskName": "imtest",
    "VolumeTiming": [
      0,
      2,
      4,
      6,
      8,
      10,
      12,
      14,
      16,
      18,
      20,
      22,
      24,
      26,
      28,
      30,
      32,
      34,
      36,
      38,
      40,
      42,
      44,
      46,
      48,
      50,
      52,
      54,
      56,
      58,
      60,
      62,
      64,
      66,
      68,
      70,
      72,
      74,
      76,
      78,
      80,
      82,
      84,
      86,
      88,
      90,
      92,
      94,
      96,
      98,
      100,
      102,
      104,
      106,
      108,
      110,
      112,
      114,
      116,
      118,
      120,
      122,
      124,
      126,
      128,
      130,
      132,
      134,
      136,
      138,
      140,
      142,
      144,
      146,
      148,
      150,
      152,
      154,
      156,
      158,
      160,
      162,
      164,
      166,
      168,
      170,
      172,
      174,
      176,
      178,
      180,
      182,
      184,
      186,
      188,
      190,
      192,
      194,
      196,
      198,
      200,
      202,
      204,
      206,
      208,
      210,
      212,
      214,
      216,
      218,
      220,
      222,
      224,
      226,
      228,
      230,
      232,
      234,
      236,
      238,
      240,
      242,
      244,
      246,
      248,
      250,
      252,
      254,
      256,
      258,
      260,
      262,
      264
    ],
    "dataset": "ds002813",
    "modality": "bold",
    "run_id": 3,
    "subject_id": "215",
    "task_id": "imtest"
  },
  "dummy_trs": 0,
  "dvars_nstd": 48.56935099363636,
  "dvars_std": 1.202321732954545,
  "dvars_vstd": 1.0025707691666668,
  "efc": 0.5107257496774784,
  "fber": 2729.473388671875,
  "fd_mean": 0.1567152042362917,
  "fd_num": 34,
  "fd_perc": 25.56390977443609,
  "fwhm_avg": 1.9596250376888138,
  "fwhm_x": 1.902155,
  "fwhm_y": 2.07978,
  "fwhm_z": 1.8969401130664416,
  "gcor": 0.00282916,
  "gsr_x": -0.008209454827010632,
  "gsr_y": 0.037006963044404984,
  "provenance": {
    "md5sum": "cff5ce13a0200f8a11976cf1ea141008",
    "settings": {
      "fd_thres": 0.2,
      "testing": false
    },
    "software": "mriqc",
    "version": "22.0.6",
    "webapi_port": null,
    "webapi_url": "https://mriqc.nimh.nih.gov/api/v1"
  },
  "size_t": 133,
  "size_x": 104,
  "size_y": 104,
  "size_z": 72,
  "snr": 7.475843583869363,
  "spacing_tr": 2.0,
  "spacing_x": 2.0,
  "spacing_y": 2.0,
  "spacing_z": 1.9999998807907104,
  "summary_bg_k": 22.720093703813422,
  "summary_bg_mad": 92.60133110026239,
  "summary_bg_mean": 346.1805114746094,
  "summary_bg_median": 126.18797302246094,
  "summary_bg_n": 534371.0,
  "summary_bg_p05": 46.015037536621094,
  "summary_bg_p95": 1360.30078125,
  "summary_bg_stdv": 634.1068725585938,
  "summary_fg_k": 4.330175201674344,
  "summary_fg_mad": 753.8757188892474,
  "summary_fg_mean": 6677.63330078125,
  "summary_fg_median": 6675.955078125,
  "summary_fg_n": 147365.0,
  "summary_fg_p05": 5338.8708984375,
  "summary_fg_p95": 8028.99423828125,
  "summary_fg_stdv": 893.0005493164062,
  "tsnr": 35.731525602866895
}