{
  "aor": 0.0007169655172413794,
  "aqi": 0.029038692413793105,
  "bids_meta": {
    "AcquisitionDuration": [],
    "DelayTime": [],
    "EchoTime": 0.025,
    "FlipAngle": 90,
    "MagneticFieldStrength": 3,
    "Manufacturer": "Siemens",
    "ManufacturerModelName": "MAGNETOM Skyra",
    "MultibandAccelerationFactor": 3,
    "RepetitionTime": 2,
    "SliceTiming": [
      0,
      0.9075,
      1.815,
      0.7425,
      1.65,
      0.5775,
      1.485,
      0.4125,
      1.32,
      0.2475,
      1.155,
      0.0825,
      0.99,
      1.8975,
      0.825,
      1.7325,
      0.66,
      1.5675,
      0.495,
      1.4025,
      0.33,
      1.2375,
      0.165,
      1.0725,
      0,
      0.9075,
      1.815,
      0.7425,
      1.65,
      0.5775,
      1.485,
      0.4125,
      1.32,
      0.2475,
      1.155,
      0.0825,
      0.99,
      1.8975,
      0.825,
      1.7325,
      0.66,
      1.5675,
      0.495,
      1.4025,
      0.33,
      1.2375,
      0.165,
      1.0725,
      0,
      0.9075,
      1.815,
      0.7425,
      1.65,
      0.5775,
      1.485,
      0.4125,
      1.32,
      0.2475,
      1.155,
      0.0825,
      0.99,
      1.8975,
      0.825,
      1.7325,
      0.66,
      1.5675,
      0.495,
      1.4025,
      0.33,
      1.2375,
      0.165,
      1.0725
    ],
    "TaskName": "train",
    "VolumeTiming": [
      0,
      2,
      4,
      6,
      8,
      10,
      12,
      14,
      16,
      18,
      20,
      22,
      24,
      26,
      28,
      30,
      32,
      34,
      36,
      38,
      40,
      42,
      44,
      46,
      48,
      50,
      52,
      54,
      56,
      58,
      60,
      62,
      64,
      66,
      68,
      70,
      72,
      74,
      76,
      78,
      80,
      82,
      84,
      86,
      88,
      90,
      92,
      94,
      96,
      98,
      100,
      102,
      104,
      106,
      108,
      110,
      112,
      114,
      116,
      118,
      120,
      122,
      124,
      126,
      128,
      130,
      132,
      134,
      136,
      138,
      140,
      142,
      144,
      146,
      148,
      150,
      152,
      154,
      156,
      158,
      160,
      162,
      164,
      166,
      168,
      170,
      172,
      174,
      176,
      178,
      180,
      182,
      184,
      186,
      188,
      190,
      192,
      194,
      196,
      198,
      200,
      202,
      204,
      206,
      208,
      210,
      212,
      214,
      216,
      218,
      220,
      222,
      224,
      226,
      228,
      230,
      232,
      234,
      236,
      238,
      240,
      242,
      244,
      246,
      248,
      250,
      252,
      254,
      256,
      258,
      260,
      262,
      264,
      266,
      268,
      270,
      272,
      274,
      276,
      278,
      280,
      282,
      284,
      286,
      288
    ],
    "dataset": "ds002813",
    "modality": "bold",
    "run_id": 1,
    "subject_id": "215",
    "task_id": "train"
  },
  "dummy_trs": 0,
  "dvars_nstd": 44.03915124486112,
  "dvars_std": 1.1393162474999998,
  "dvars_vstd": 0.9974495218749997,
  "efc": 0.5121556266828874,
  "fber": 2652.908203125,
  "fd_mean": 0.0985501243510384,
  "fd_num": 10,
  "fd_perc": 6.896551724137931,
  "fwhm_avg": 1.9151350367870947,
  "fwhm_x": 1.869205,
  "fwhm_y": 2.024645,
  "fwhm_z": 1.8515551103612846,
  "gcor": 0.00267266,
  "gsr_x": -0.012728150002658367,
  "gsr_y": 0.025520404800772667,
  "provenance": {
    "md5sum": "432b030203f6952593ff8e9982a02d82",
    "settings": {
      "fd_thres": 0.2,
      "testing": false
    },
    "software": "mriqc",
    "version": "22.0.6",
    "webapi_port": null,
    "webapi_url": "https://mriqc.nimh.nih.gov/api/v1"
  },
  "size_t": 145,
  "size_x": 104,
  "size_y": 104,
  "size_z": 72,
  "snr": 7.525180549040736,
  "spacing_tr": 2.0,
  "spacing_x": 2.0,
  "spacing_y": 2.0,
  "spacing_z": 1.9999998807907104,
  "summary_bg_k": 19.97746184946413,
  "summary_bg_mad": 98.29140756662649,
  "summary_bg_mean": 367.3076171875,
  "summary_bg_median": 129.1586151123047,
  "summary_bg_n": 535945.0,
  "summary_bg_p05": 45.45517349243164,
  "summary_bg_p95": 1517.83447265625,
  "summary_bg_stdv": 671.4834594726562,
  "summary_fg_k": 3.867399221191606,
  "summary_fg_mad": 767.4102555480271,
  "summary_fg_mean": 6734.24755859375,
  "summary_fg_median": 6721.455078125,
  "summary_fg_n": 146312.0,
  "summary_fg_p05": 5397.40849609375,
  "summary_fg_p95": 8104.061328125,
  "summary_fg_stdv": 893.192138671875,
  "tsnr": 35.959370885044336
}