{
  "aor": 0.0009886896551724138,
  "aqi": 0.02701002,
  "bids_meta": {
    "AcquisitionDuration": [],
    "DelayTime": [],
    "EchoTime": 0.025,
    "FlipAngle": 90,
    "MagneticFieldStrength": 3,
    "Manufacturer": "Siemens",
    "ManufacturerModelName": "MAGNETOM Skyra",
    "MultibandAccelerationFactor": 3,
    "RepetitionTime": 2,
    "SliceTiming": [
      0,
      0.9075,
      1.815,
      0.7425,
      1.65,
      0.5775,
      1.485,
      0.4125,
      1.32,
      0.2475,
      1.155,
      0.0825,
      0.99,
      1.8975,
      0.825,
      1.7325,
      0.66,
      1.5675,
      0.495,
      1.4025,
      0.33,
      1.2375,
      0.165,
      1.0725,
      0,
      0.9075,
      1.815,
      0.7425,
      1.65,
      0.5775,
      1.485,
      0.4125,
      1.32,
      0.2475,
      1.155,
      0.0825,
      0.99,
      1.8975,
      0.825,
      1.7325,
      0.66,
      1.5675,
      0.495,
      1.4025,
      0.33,
      1.2375,
      0.165,
      1.0725,
      0,
      0.9075,
      1.815,
      0.7425,
      1.65,
      0.5775,
      1.485,
      0.4125,
      1.32,
      0.2475,
      1.155,
      0.0825,
      0.99,
      1.8975,
      0.825,
      1.7325,
      0.66,
      1.5675,
      0.495,
      1.4025,
      0.33,
      1.2375,
      0.165,
      1.0725
    ],
    "TaskName": "train",
    "VolumeTiming": [
      0,
      2,
      4,
      6,
      8,
      10,
      12,
      14,
      16,
      18,
      20,
      22,
      24,
      26,
      28,
      30,
      32,
      34,
      36,
      38,
      40,
      42,
      44,
      46,
      48,
      50,
      52,
      54,
      56,
      58,
      60,
      62,
      64,
      66,
      68,
      70,
      72,
      74,
      76,
      78,
      80,
      82,
      84,
      86,
      88,
      90,
      92,
      94,
      96,
      98,
      100,
      102,
      104,
      106,
      108,
      110,
      112,
      114,
      116,
      118,
      120,
      122,
      124,
      126,
      128,
      130,
      132,
      134,
      136,
      138,
      140,
      142,
      144,
      146,
      148,
      150,
      152,
      154,
      156,
      158,
      160,
      162,
      164,
      166,
      168,
      170,
      172,
      174,
      176,
      178,
      180,
      182,
      184,
      186,
      188,
      190,
      192,
      194,
      196,
      198,
      200,
      202,
      204,
      206,
      208,
      210,
      212,
      214,
      216,
      218,
      220,
      222,
      224,
      226,
      228,
      230,
      232,
      234,
      236,
      238,
      240,
      242,
      244,
      246,
      248,
      250,
      252,
      254,
      256,
      258,
      260,
      262,
      264,
      266,
      268,
      270,
      272,
      274,
      276,
      278,
      280,
      282,
      284,
      286,
      288
    ],
    "dataset": "ds002813",
    "modality": "bold",
    "run_id": 5,
    "subject_id": "208",
    "task_id": "train"
  },
  "dummy_trs": 0,
  "dvars_nstd": 51.56598040770834,
  "dvars_std": 1.311637741597222,
  "dvars_vstd": 1.008867315763889,
  "efc": 0.5004614386135476,
  "fber": 2892.900634765625,
  "fd_mean": 0.1556683099128291,
  "fd_num": 26,
  "fd_perc": 17.93103448275862,
  "fwhm_avg": 1.8771849999999999,
  "fwhm_x": 1.808185,
  "fwhm_y": 1.99126,
  "fwhm_z": 1.83211,
  "gcor": 0.00387501,
  "gsr_x": -0.013125380501151085,
  "gsr_y": 0.01598067209124565,
  "provenance": {
    "md5sum": "71deabfa770b3ef91085bf0e63b67dba",
    "settings": {
      "fd_thres": 0.2,
      "testing": false
    },
    "software": "mriqc",
    "version": "22.0.6",
    "webapi_port": null,
    "webapi_url": "https://mriqc.nimh.nih.gov/api/v1"
  },
  "size_t": 145,
  "size_x": 104,
  "size_y": 104,
  "size_z": 72,
  "snr": 7.242235075730052,
  "spacing_tr": 2.0,
  "spacing_x": 2.0,
  "spacing_y": 2.0,
  "spacing_z": 2.0,
  "summary_bg_k": 23.961750592200204,
  "summary_bg_mad": 102.77145159032827,
  "summary_bg_mean": 411.1169128417969,
  "summary_bg_median": 136.13380432128906,
  "summary_bg_n": 549567.0,
  "summary_bg_p05": 49.793301010131835,
  "summary_bg_p95": 1799.3559448242158,
  "summary_bg_stdv": 763.3677978515625,
  "summary_fg_k": 4.256325684307383,
  "summary_fg_mad": 896.6152744710948,
  "summary_fg_mean": 7305.91943359375,
  "summary_fg_median": 7309.353515625,
  "summary_fg_n": 135447.0,
  "summary_fg_p05": 5860.77978515625,
  "summary_fg_p95": 8812.0240234375,
  "summary_fg_stdv": 1009.263916015625,
  "tsnr": 37.697906494140625
}