{
  "aor": 0.0015158646616541351,
  "aqi": 0.027123639097744363,
  "bids_meta": {
    "AcquisitionDuration": [],
    "DelayTime": [],
    "EchoTime": 0.025,
    "FlipAngle": 90,
    "MagneticFieldStrength": 3,
    "Manufacturer": "Siemens",
    "ManufacturerModelName": "MAGNETOM Skyra",
    "MultibandAccelerationFactor": 3,
    "RepetitionTime": 2,
    "SliceTiming": [
      0,
      0.9075,
      1.815,
      0.7425,
      1.65,
      0.5775,
      1.485,
      0.4125,
      1.32,
      0.2475,
      1.155,
      0.0825,
      0.99,
      1.8975,
      0.825,
      1.7325,
      0.66,
      1.5675,
      0.495,
      1.4025,
      0.33,
      1.2375,
      0.165,
      1.0725,
      0,
      0.9075,
      1.815,
      0.7425,
      1.65,
      0.5775,
      1.485,
      0.4125,
      1.32,
      0.2475,
      1.155,
      0.0825,
      0.99,
      1.8975,
      0.825,
      1.7325,
      0.66,
      1.5675,
      0.495,
      1.4025,
      0.33,
      1.2375,
      0.165,
      1.0725,
      0,
      0.9075,
      1.815,
      0.7425,
      1.65,
      0.5775,
      1.485,
      0.4125,
      1.32,
      0.2475,
      1.155,
      0.0825,
      0.99,
      1.8975,
      0.825,
      1.7325,
      0.66,
      1.5675,
      0.495,
      1.4025,
      0.33,
      1.2375,
      0.165,
      1.0725
    ],
    "TaskName": "imtest",
    "VolumeTiming": [
      0,
      2,
      4,
      6,
      8,
      10,
      12,
      14,
      16,
      18,
      20,
      22,
      24,
      26,
      28,
      30,
      32,
      34,
      36,
      38,
      40,
      42,
      44,
      46,
      48,
      50,
      52,
      54,
      56,
      58,
      60,
      62,
      64,
      66,
      68,
      70,
      72,
      74,
      76,
      78,
      80,
      82,
      84,
      86,
      88,
      90,
      92,
      94,
      96,
      98,
      100,
      102,
      104,
      106,
      108,
      110,
      112,
      114,
      116,
      118,
      120,
      122,
      124,
      126,
      128,
      130,
      132,
      134,
      136,
      138,
      140,
      142,
      144,
      146,
      148,
      150,
      152,
      154,
      156,
      158,
      160,
      162,
      164,
      166,
      168,
      170,
      172,
      174,
      176,
      178,
      180,
      182,
      184,
      186,
      188,
      190,
      192,
      194,
      196,
      198,
      200,
      202,
      204,
      206,
      208,
      210,
      212,
      214,
      216,
      218,
      220,
      222,
      224,
      226,
      228,
      230,
      232,
      234,
      236,
      238,
      240,
      242,
      244,
      246,
      248,
      250,
      252,
      254,
      256,
      258,
      260,
      262,
      264
    ],
    "dataset": "ds002813",
    "modality": "bold",
    "run_id": 2,
    "subject_id": "208",
    "task_id": "imtest"
  },
  "dummy_trs": 0,
  "dvars_nstd": 51.93607619280304,
  "dvars_std": 1.3109242285606062,
  "dvars_vstd": 1.0124049186363624,
  "efc": 0.5003359735956153,
  "fber": 2868.8740234375,
  "fd_mean": 0.1633090063600565,
  "fd_num": 28,
  "fd_perc": 21.05263157894737,
  "fwhm_avg": 1.8870616666666666,
  "fwhm_x": 1.816165,
  "fwhm_y": 1.99744,
  "fwhm_z": 1.84758,
  "gcor": 0.00314303,
  "gsr_x": -0.01324909646064043,
  "gsr_y": 0.015570645220577717,
  "provenance": {
    "md5sum": "d6a11c7487c682214c327c4ebf57afe0",
    "settings": {
      "fd_thres": 0.2,
      "testing": false
    },
    "software": "mriqc",
    "version": "22.0.6",
    "webapi_port": null,
    "webapi_url": "https://mriqc.nimh.nih.gov/api/v1"
  },
  "size_t": 133,
  "size_x": 104,
  "size_y": 104,
  "size_z": 72,
  "snr": 7.263343148337647,
  "spacing_tr": 2.0,
  "spacing_x": 2.0,
  "spacing_y": 2.0,
  "spacing_z": 2.0,
  "summary_bg_k": 23.73581540962859,
  "summary_bg_mad": 102.90150957607943,
  "summary_bg_mean": 408.3605041503906,
  "summary_bg_median": 136.3082733154297,
  "summary_bg_n": 549388.0,
  "summary_bg_p05": 50.172935485839844,
  "summary_bg_p95": 1784.5695739746054,
  "summary_bg_stdv": 758.5462036132812,
  "summary_fg_k": 4.136719036607225,
  "summary_fg_mad": 897.7655942587928,
  "summary_fg_mean": 7298.39404296875,
  "summary_fg_median": 7301.3310546875,
  "summary_fg_n": 135615.0,
  "summary_fg_p05": 5847.92578125,
  "summary_fg_p95": 8796.92490234375,
  "summary_fg_stdv": 1005.2263793945312,
  "tsnr": 37.43755057512317
}