{
  "aor": 0.001021793103448276,
  "aqi": 0.02412931655172414,
  "bids_meta": {
    "AcquisitionDuration": [],
    "DelayTime": [],
    "EchoTime": 0.025,
    "FlipAngle": 90,
    "MagneticFieldStrength": 3,
    "Manufacturer": "Siemens",
    "ManufacturerModelName": "MAGNETOM Skyra",
    "MultibandAccelerationFactor": 3,
    "RepetitionTime": 2,
    "SliceTiming": [
      0,
      0.9075,
      1.815,
      0.7425,
      1.65,
      0.5775,
      1.485,
      0.4125,
      1.32,
      0.2475,
      1.155,
      0.0825,
      0.99,
      1.8975,
      0.825,
      1.7325,
      0.66,
      1.5675,
      0.495,
      1.4025,
      0.33,
      1.2375,
      0.165,
      1.0725,
      0,
      0.9075,
      1.815,
      0.7425,
      1.65,
      0.5775,
      1.485,
      0.4125,
      1.32,
      0.2475,
      1.155,
      0.0825,
      0.99,
      1.8975,
      0.825,
      1.7325,
      0.66,
      1.5675,
      0.495,
      1.4025,
      0.33,
      1.2375,
      0.165,
      1.0725,
      0,
      0.9075,
      1.815,
      0.7425,
      1.65,
      0.5775,
      1.485,
      0.4125,
      1.32,
      0.2475,
      1.155,
      0.0825,
      0.99,
      1.8975,
      0.825,
      1.7325,
      0.66,
      1.5675,
      0.495,
      1.4025,
      0.33,
      1.2375,
      0.165,
      1.0725
    ],
    "TaskName": "train",
    "VolumeTiming": [
      0,
      2,
      4,
      6,
      8,
      10,
      12,
      14,
      16,
      18,
      20,
      22,
      24,
      26,
      28,
      30,
      32,
      34,
      36,
      38,
      40,
      42,
      44,
      46,
      48,
      50,
      52,
      54,
      56,
      58,
      60,
      62,
      64,
      66,
      68,
      70,
      72,
      74,
      76,
      78,
      80,
      82,
      84,
      86,
      88,
      90,
      92,
      94,
      96,
      98,
      100,
      102,
      104,
      106,
      108,
      110,
      112,
      114,
      116,
      118,
      120,
      122,
      124,
      126,
      128,
      130,
      132,
      134,
      136,
      138,
      140,
      142,
      144,
      146,
      148,
      150,
      152,
      154,
      156,
      158,
      160,
      162,
      164,
      166,
      168,
      170,
      172,
      174,
      176,
      178,
      180,
      182,
      184,
      186,
      188,
      190,
      192,
      194,
      196,
      198,
      200,
      202,
      204,
      206,
      208,
      210,
      212,
      214,
      216,
      218,
      220,
      222,
      224,
      226,
      228,
      230,
      232,
      234,
      236,
      238,
      240,
      242,
      244,
      246,
      248,
      250,
      252,
      254,
      256,
      258,
      260,
      262,
      264,
      266,
      268,
      270,
      272,
      274,
      276,
      278,
      280,
      282,
      284,
      286,
      288
    ],
    "dataset": "ds002813",
    "modality": "bold",
    "run_id": 8,
    "subject_id": "208",
    "task_id": "train"
  },
  "dummy_trs": 0,
  "dvars_nstd": 51.5079441598611,
  "dvars_std": 1.3222533836805557,
  "dvars_vstd": 1.0139923842361114,
  "efc": 0.5008072016034738,
  "fber": 2887.861083984375,
  "fd_mean": 0.1497724165404538,
  "fd_num": 23,
  "fd_perc": 15.862068965517242,
  "fwhm_avg": 1.859945,
  "fwhm_x": 1.78976,
  "fwhm_y": 1.9719,
  "fwhm_z": 1.818175,
  "gcor": 0.00495106,
  "gsr_x": -0.01296406239271164,
  "gsr_y": 0.015252230688929558,
  "provenance": {
    "md5sum": "10204c15d26f3a42882b10b79ce60d50",
    "settings": {
      "fd_thres": 0.2,
      "testing": false
    },
    "software": "mriqc",
    "version": "22.0.6",
    "webapi_port": null,
    "webapi_url": "https://mriqc.nimh.nih.gov/api/v1"
  },
  "size_t": 145,
  "size_x": 104,
  "size_y": 104,
  "size_z": 72,
  "snr": 7.313267626001823,
  "spacing_tr": 2.0,
  "spacing_x": 2.0,
  "spacing_y": 2.0,
  "spacing_z": 2.0,
  "summary_bg_k": 22.747710366574047,
  "summary_bg_mad": 102.87633049482338,
  "summary_bg_mean": 411.0237121582031,
  "summary_bg_median": 136.12728881835938,
  "summary_bg_n": 549468.0,
  "summary_bg_p05": 50.01698379516602,
  "summary_bg_p95": 1793.1701782226557,
  "summary_bg_stdv": 762.9320678710938,
  "summary_fg_k": 4.21830129920084,
  "summary_fg_mad": 894.9408316334955,
  "summary_fg_mean": 7314.96923828125,
  "summary_fg_median": 7321.0654296875,
  "summary_fg_n": 135523.0,
  "summary_fg_p05": 5872.162744140625,
  "summary_fg_p95": 8808.933398437499,
  "summary_fg_stdv": 1001.0625610351562,
  "tsnr": 39.721004486083984
}