{
  "aor": 0.0010933793103448278,
  "aqi": 0.02528835172413793,
  "bids_meta": {
    "AcquisitionDuration": [],
    "DelayTime": [],
    "EchoTime": 0.025,
    "FlipAngle": 90,
    "MagneticFieldStrength": 3,
    "Manufacturer": "Siemens",
    "ManufacturerModelName": "MAGNETOM Skyra",
    "MultibandAccelerationFactor": 3,
    "RepetitionTime": 2,
    "SliceTiming": [
      0,
      0.9075,
      1.815,
      0.7425,
      1.65,
      0.5775,
      1.485,
      0.4125,
      1.32,
      0.2475,
      1.155,
      0.0825,
      0.99,
      1.8975,
      0.825,
      1.7325,
      0.66,
      1.5675,
      0.495,
      1.4025,
      0.33,
      1.2375,
      0.165,
      1.0725,
      0,
      0.9075,
      1.815,
      0.7425,
      1.65,
      0.5775,
      1.485,
      0.4125,
      1.32,
      0.2475,
      1.155,
      0.0825,
      0.99,
      1.8975,
      0.825,
      1.7325,
      0.66,
      1.5675,
      0.495,
      1.4025,
      0.33,
      1.2375,
      0.165,
      1.0725,
      0,
      0.9075,
      1.815,
      0.7425,
      1.65,
      0.5775,
      1.485,
      0.4125,
      1.32,
      0.2475,
      1.155,
      0.0825,
      0.99,
      1.8975,
      0.825,
      1.7325,
      0.66,
      1.5675,
      0.495,
      1.4025,
      0.33,
      1.2375,
      0.165,
      1.0725
    ],
    "TaskName": "train",
    "VolumeTiming": [
      0,
      2,
      4,
      6,
      8,
      10,
      12,
      14,
      16,
      18,
      20,
      22,
      24,
      26,
      28,
      30,
      32,
      34,
      36,
      38,
      40,
      42,
      44,
      46,
      48,
      50,
      52,
      54,
      56,
      58,
      60,
      62,
      64,
      66,
      68,
      70,
      72,
      74,
      76,
      78,
      80,
      82,
      84,
      86,
      88,
      90,
      92,
      94,
      96,
      98,
      100,
      102,
      104,
      106,
      108,
      110,
      112,
      114,
      116,
      118,
      120,
      122,
      124,
      126,
      128,
      130,
      132,
      134,
      136,
      138,
      140,
      142,
      144,
      146,
      148,
      150,
      152,
      154,
      156,
      158,
      160,
      162,
      164,
      166,
      168,
      170,
      172,
      174,
      176,
      178,
      180,
      182,
      184,
      186,
      188,
      190,
      192,
      194,
      196,
      198,
      200,
      202,
      204,
      206,
      208,
      210,
      212,
      214,
      216,
      218,
      220,
      222,
      224,
      226,
      228,
      230,
      232,
      234,
      236,
      238,
      240,
      242,
      244,
      246,
      248,
      250,
      252,
      254,
      256,
      258,
      260,
      262,
      264,
      266,
      268,
      270,
      272,
      274,
      276,
      278,
      280,
      282,
      284,
      286,
      288
    ],
    "dataset": "ds002813",
    "modality": "bold",
    "run_id": 8,
    "subject_id": "204",
    "task_id": "train"
  },
  "dummy_trs": 0,
  "dvars_nstd": 46.02248954819445,
  "dvars_std": 1.1664360737500001,
  "dvars_vstd": 1.0115717065972223,
  "efc": 0.5284154606502319,
  "fber": 2420.22705078125,
  "fd_mean": 0.10736142770545234,
  "fd_num": 11,
  "fd_perc": 7.586206896551724,
  "fwhm_avg": 1.876085,
  "fwhm_x": 1.77555,
  "fwhm_y": 2.021745,
  "fwhm_z": 1.83096,
  "gcor": 0.00691538,
  "gsr_x": -0.01677454262971878,
  "gsr_y": 0.04680256545543671,
  "provenance": {
    "md5sum": "4030c11179e237a22eba7ea315aeba7d",
    "settings": {
      "fd_thres": 0.2,
      "testing": false
    },
    "software": "mriqc",
    "version": "22.0.6",
    "webapi_port": null,
    "webapi_url": "https://mriqc.nimh.nih.gov/api/v1"
  },
  "size_t": 145,
  "size_x": 104,
  "size_y": 104,
  "size_z": 72,
  "snr": 6.850488303852087,
  "spacing_tr": 2.0,
  "spacing_x": 2.0,
  "spacing_y": 2.0,
  "spacing_z": 2.0,
  "summary_bg_k": 13.60220120857819,
  "summary_bg_mad": 116.37403737437137,
  "summary_bg_mean": 539.9884643554688,
  "summary_bg_median": 146.41033935546875,
  "summary_bg_n": 543354.0,
  "summary_bg_p05": 55.17241287231445,
  "summary_bg_p95": 2677.468322753904,
  "summary_bg_stdv": 962.0130004882812,
  "summary_fg_k": 4.109644576243132,
  "summary_fg_mad": 967.2191376393727,
  "summary_fg_mean": 7226.09130859375,
  "summary_fg_median": 7261.662109375,
  "summary_fg_n": 140943.0,
  "summary_fg_p05": 5683.921826171875,
  "summary_fg_p95": 8742.06865234375,
  "summary_fg_stdv": 1060.017333984375,
  "tsnr": 36.832564163953066
}