{
  "aor": 0.0012314482758620689,
  "aqi": 0.02646390137931034,
  "bids_meta": {
    "AcquisitionDuration": [],
    "DelayTime": [],
    "EchoTime": 0.025,
    "FlipAngle": 90,
    "MagneticFieldStrength": 3,
    "Manufacturer": "Siemens",
    "ManufacturerModelName": "MAGNETOM Skyra",
    "MultibandAccelerationFactor": 3,
    "RepetitionTime": 2,
    "SliceTiming": [
      0,
      0.9075,
      1.815,
      0.7425,
      1.65,
      0.5775,
      1.485,
      0.4125,
      1.32,
      0.2475,
      1.155,
      0.0825,
      0.99,
      1.8975,
      0.825,
      1.7325,
      0.66,
      1.5675,
      0.495,
      1.4025,
      0.33,
      1.2375,
      0.165,
      1.0725,
      0,
      0.9075,
      1.815,
      0.7425,
      1.65,
      0.5775,
      1.485,
      0.4125,
      1.32,
      0.2475,
      1.155,
      0.0825,
      0.99,
      1.8975,
      0.825,
      1.7325,
      0.66,
      1.5675,
      0.495,
      1.4025,
      0.33,
      1.2375,
      0.165,
      1.0725,
      0,
      0.9075,
      1.815,
      0.7425,
      1.65,
      0.5775,
      1.485,
      0.4125,
      1.32,
      0.2475,
      1.155,
      0.0825,
      0.99,
      1.8975,
      0.825,
      1.7325,
      0.66,
      1.5675,
      0.495,
      1.4025,
      0.33,
      1.2375,
      0.165,
      1.0725
    ],
    "TaskName": "train",
    "VolumeTiming": [
      0,
      2,
      4,
      6,
      8,
      10,
      12,
      14,
      16,
      18,
      20,
      22,
      24,
      26,
      28,
      30,
      32,
      34,
      36,
      38,
      40,
      42,
      44,
      46,
      48,
      50,
      52,
      54,
      56,
      58,
      60,
      62,
      64,
      66,
      68,
      70,
      72,
      74,
      76,
      78,
      80,
      82,
      84,
      86,
      88,
      90,
      92,
      94,
      96,
      98,
      100,
      102,
      104,
      106,
      108,
      110,
      112,
      114,
      116,
      118,
      120,
      122,
      124,
      126,
      128,
      130,
      132,
      134,
      136,
      138,
      140,
      142,
      144,
      146,
      148,
      150,
      152,
      154,
      156,
      158,
      160,
      162,
      164,
      166,
      168,
      170,
      172,
      174,
      176,
      178,
      180,
      182,
      184,
      186,
      188,
      190,
      192,
      194,
      196,
      198,
      200,
      202,
      204,
      206,
      208,
      210,
      212,
      214,
      216,
      218,
      220,
      222,
      224,
      226,
      228,
      230,
      232,
      234,
      236,
      238,
      240,
      242,
      244,
      246,
      248,
      250,
      252,
      254,
      256,
      258,
      260,
      262,
      264,
      266,
      268,
      270,
      272,
      274,
      276,
      278,
      280,
      282,
      284,
      286,
      288
    ],
    "dataset": "ds002813",
    "modality": "bold",
    "run_id": 7,
    "subject_id": "204",
    "task_id": "train"
  },
  "dummy_trs": 0,
  "dvars_nstd": 47.14479173590277,
  "dvars_std": 1.1836144284027776,
  "dvars_vstd": 1.0190927865277781,
  "efc": 0.5284370784849212,
  "fber": 2410.95751953125,
  "fd_mean": 0.11178667996623748,
  "fd_num": 8,
  "fd_perc": 5.517241379310345,
  "fwhm_avg": 1.8715033333333333,
  "fwhm_x": 1.76912,
  "fwhm_y": 2.017995,
  "fwhm_z": 1.827395,
  "gcor": 0.0120919,
  "gsr_x": -0.016974173486232758,
  "gsr_y": 0.0478508360683918,
  "provenance": {
    "md5sum": "5f3fde235d5a8dc11f3a62e2095a807c",
    "settings": {
      "fd_thres": 0.2,
      "testing": false
    },
    "software": "mriqc",
    "version": "22.0.6",
    "webapi_port": null,
    "webapi_url": "https://mriqc.nimh.nih.gov/api/v1"
  },
  "size_t": 145,
  "size_x": 104,
  "size_y": 104,
  "size_z": 72,
  "snr": 6.883818723577477,
  "spacing_tr": 2.0,
  "spacing_x": 2.0,
  "spacing_y": 2.0,
  "spacing_z": 2.0,
  "summary_bg_k": 13.523446585126003,
  "summary_bg_mad": 116.71657920621192,
  "summary_bg_mean": 541.5399169921875,
  "summary_bg_median": 147.02069091796875,
  "summary_bg_n": 543310.0,
  "summary_bg_p05": 55.53792953491211,
  "summary_bg_p95": 2689.0702880859358,
  "summary_bg_stdv": 966.7073974609375,
  "summary_fg_k": 4.245023232798081,
  "summary_fg_mad": 963.3131902419375,
  "summary_fg_mean": 7245.03515625,
  "summary_fg_median": 7279.0380859375,
  "summary_fg_n": 140976.0,
  "summary_fg_p05": 5705.992919921875,
  "summary_fg_p95": 8757.760498046875,
  "summary_fg_stdv": 1057.4090576171875,
  "tsnr": 36.46696029428858
}