{
  "aor": 0.0010389473684210527,
  "aqi": 0.02388639398496241,
  "bids_meta": {
    "AcquisitionDuration": [],
    "DelayTime": [],
    "EchoTime": 0.025,
    "FlipAngle": 90,
    "MagneticFieldStrength": 3,
    "Manufacturer": "Siemens",
    "ManufacturerModelName": "MAGNETOM Skyra",
    "MultibandAccelerationFactor": 3,
    "RepetitionTime": 2,
    "SliceTiming": [
      0,
      0.9075,
      1.815,
      0.7425,
      1.65,
      0.5775,
      1.485,
      0.4125,
      1.32,
      0.2475,
      1.155,
      0.0825,
      0.99,
      1.8975,
      0.825,
      1.7325,
      0.66,
      1.5675,
      0.495,
      1.4025,
      0.33,
      1.2375,
      0.165,
      1.0725,
      0,
      0.9075,
      1.815,
      0.7425,
      1.65,
      0.5775,
      1.485,
      0.4125,
      1.32,
      0.2475,
      1.155,
      0.0825,
      0.99,
      1.8975,
      0.825,
      1.7325,
      0.66,
      1.5675,
      0.495,
      1.4025,
      0.33,
      1.2375,
      0.165,
      1.0725,
      0,
      0.9075,
      1.815,
      0.7425,
      1.65,
      0.5775,
      1.485,
      0.4125,
      1.32,
      0.2475,
      1.155,
      0.0825,
      0.99,
      1.8975,
      0.825,
      1.7325,
      0.66,
      1.5675,
      0.495,
      1.4025,
      0.33,
      1.2375,
      0.165,
      1.0725
    ],
    "TaskName": "imtest",
    "VolumeTiming": [
      0,
      2,
      4,
      6,
      8,
      10,
      12,
      14,
      16,
      18,
      20,
      22,
      24,
      26,
      28,
      30,
      32,
      34,
      36,
      38,
      40,
      42,
      44,
      46,
      48,
      50,
      52,
      54,
      56,
      58,
      60,
      62,
      64,
      66,
      68,
      70,
      72,
      74,
      76,
      78,
      80,
      82,
      84,
      86,
      88,
      90,
      92,
      94,
      96,
      98,
      100,
      102,
      104,
      106,
      108,
      110,
      112,
      114,
      116,
      118,
      120,
      122,
      124,
      126,
      128,
      130,
      132,
      134,
      136,
      138,
      140,
      142,
      144,
      146,
      148,
      150,
      152,
      154,
      156,
      158,
      160,
      162,
      164,
      166,
      168,
      170,
      172,
      174,
      176,
      178,
      180,
      182,
      184,
      186,
      188,
      190,
      192,
      194,
      196,
      198,
      200,
      202,
      204,
      206,
      208,
      210,
      212,
      214,
      216,
      218,
      220,
      222,
      224,
      226,
      228,
      230,
      232,
      234,
      236,
      238,
      240,
      242,
      244,
      246,
      248,
      250,
      252,
      254,
      256,
      258,
      260,
      262,
      264
    ],
    "dataset": "ds002813",
    "modality": "bold",
    "run_id": 3,
    "subject_id": "204",
    "task_id": "imtest"
  },
  "dummy_trs": 0,
  "dvars_nstd": 47.72509511310606,
  "dvars_std": 1.2009028455303028,
  "dvars_vstd": 1.0181933252272728,
  "efc": 0.5281865971210971,
  "fber": 2417.8115234375,
  "fd_mean": 0.08903039635057874,
  "fd_num": 6,
  "fd_perc": 4.511278195488722,
  "fwhm_avg": 1.8547066666666667,
  "fwhm_x": 1.75215,
  "fwhm_y": 2.00536,
  "fwhm_z": 1.80661,
  "gcor": 0.00798886,
  "gsr_x": -0.016495412215590477,
  "gsr_y": 0.04785294458270073,
  "provenance": {
    "md5sum": "a7ec6166aec1e255fd91bfbb8bc40fa9",
    "settings": {
      "fd_thres": 0.2,
      "testing": false
    },
    "software": "mriqc",
    "version": "22.0.6",
    "webapi_port": null,
    "webapi_url": "https://mriqc.nimh.nih.gov/api/v1"
  },
  "size_t": 133,
  "size_x": 104,
  "size_y": 104,
  "size_z": 72,
  "snr": 6.902823748517246,
  "spacing_tr": 2.0,
  "spacing_x": 2.0,
  "spacing_y": 2.0,
  "spacing_z": 2.0,
  "summary_bg_k": 13.361759224513587,
  "summary_bg_mad": 115.921673574914,
  "summary_bg_mean": 541.1573486328125,
  "summary_bg_median": 146.6240692138672,
  "summary_bg_n": 543565.0,
  "summary_bg_p05": 55.71428680419922,
  "summary_bg_p95": 2700.8707031249987,
  "summary_bg_stdv": 966.8373413085938,
  "summary_fg_k": 4.103284278976522,
  "summary_fg_mad": 967.3255548884548,
  "summary_fg_mean": 7241.29248046875,
  "summary_fg_median": 7273.0,
  "summary_fg_n": 140895.0,
  "summary_fg_p05": 5703.471435546875,
  "summary_fg_p95": 8756.01455078125,
  "summary_fg_stdv": 1053.623046875,
  "tsnr": 38.46479889145121
}