{
  "aor": 0.0009054135338345864,
  "aqi": 0.02392992030075188,
  "bids_meta": {
    "AcquisitionDuration": [],
    "DelayTime": [],
    "EchoTime": 0.025,
    "FlipAngle": 90,
    "MagneticFieldStrength": 3,
    "Manufacturer": "Siemens",
    "ManufacturerModelName": "MAGNETOM Skyra",
    "MultibandAccelerationFactor": 3,
    "RepetitionTime": 2,
    "SliceTiming": [
      0,
      0.9075,
      1.815,
      0.7425,
      1.65,
      0.5775,
      1.485,
      0.4125,
      1.32,
      0.2475,
      1.155,
      0.0825,
      0.99,
      1.8975,
      0.825,
      1.7325,
      0.66,
      1.5675,
      0.495,
      1.4025,
      0.33,
      1.2375,
      0.165,
      1.0725,
      0,
      0.9075,
      1.815,
      0.7425,
      1.65,
      0.5775,
      1.485,
      0.4125,
      1.32,
      0.2475,
      1.155,
      0.0825,
      0.99,
      1.8975,
      0.825,
      1.7325,
      0.66,
      1.5675,
      0.495,
      1.4025,
      0.33,
      1.2375,
      0.165,
      1.0725,
      0,
      0.9075,
      1.815,
      0.7425,
      1.65,
      0.5775,
      1.485,
      0.4125,
      1.32,
      0.2475,
      1.155,
      0.0825,
      0.99,
      1.8975,
      0.825,
      1.7325,
      0.66,
      1.5675,
      0.495,
      1.4025,
      0.33,
      1.2375,
      0.165,
      1.0725
    ],
    "TaskName": "imtest",
    "VolumeTiming": [
      0,
      2,
      4,
      6,
      8,
      10,
      12,
      14,
      16,
      18,
      20,
      22,
      24,
      26,
      28,
      30,
      32,
      34,
      36,
      38,
      40,
      42,
      44,
      46,
      48,
      50,
      52,
      54,
      56,
      58,
      60,
      62,
      64,
      66,
      68,
      70,
      72,
      74,
      76,
      78,
      80,
      82,
      84,
      86,
      88,
      90,
      92,
      94,
      96,
      98,
      100,
      102,
      104,
      106,
      108,
      110,
      112,
      114,
      116,
      118,
      120,
      122,
      124,
      126,
      128,
      130,
      132,
      134,
      136,
      138,
      140,
      142,
      144,
      146,
      148,
      150,
      152,
      154,
      156,
      158,
      160,
      162,
      164,
      166,
      168,
      170,
      172,
      174,
      176,
      178,
      180,
      182,
      184,
      186,
      188,
      190,
      192,
      194,
      196,
      198,
      200,
      202,
      204,
      206,
      208,
      210,
      212,
      214,
      216,
      218,
      220,
      222,
      224,
      226,
      228,
      230,
      232,
      234,
      236,
      238,
      240,
      242,
      244,
      246,
      248,
      250,
      252,
      254,
      256,
      258,
      260,
      262,
      264
    ],
    "dataset": "ds002813",
    "modality": "bold",
    "run_id": 2,
    "subject_id": "204",
    "task_id": "imtest"
  },
  "dummy_trs": 0,
  "dvars_nstd": 48.881621072197014,
  "dvars_std": 1.2186129679545452,
  "dvars_vstd": 1.0155591291666666,
  "efc": 0.5273959961969802,
  "fber": 2445.702880859375,
  "fd_mean": 0.06803907226453451,
  "fd_num": 2,
  "fd_perc": 1.5037593984962405,
  "fwhm_avg": 1.85867,
  "fwhm_x": 1.758905,
  "fwhm_y": 2.00818,
  "fwhm_z": 1.808925,
  "gcor": 0.00333138,
  "gsr_x": -0.01573304273188114,
  "gsr_y": 0.04591261222958565,
  "provenance": {
    "md5sum": "c8c455ed36f3c9259299a080cc15ded0",
    "settings": {
      "fd_thres": 0.2,
      "testing": false
    },
    "software": "mriqc",
    "version": "22.0.6",
    "webapi_port": null,
    "webapi_url": "https://mriqc.nimh.nih.gov/api/v1"
  },
  "size_t": 133,
  "size_x": 104,
  "size_y": 104,
  "size_z": 72,
  "snr": 6.848528912031984,
  "spacing_tr": 2.0,
  "spacing_x": 2.0,
  "spacing_y": 2.0,
  "spacing_z": 2.0,
  "summary_bg_k": 13.590415083121492,
  "summary_bg_mad": 114.97413248877817,
  "summary_bg_mean": 535.556640625,
  "summary_bg_median": 145.63909912109375,
  "summary_bg_n": 543585.0,
  "summary_bg_p05": 55.360904693603516,
  "summary_bg_p95": 2659.4663085937477,
  "summary_bg_stdv": 958.6734619140625,
  "summary_fg_k": 4.128422557860799,
  "summary_fg_mad": 965.8596029878328,
  "summary_fg_mean": 7232.8359375,
  "summary_fg_median": 7267.5263671875,
  "summary_fg_n": 140710.0,
  "summary_fg_p05": 5686.281884765625,
  "summary_fg_p95": 8754.9109375,
  "summary_fg_stdv": 1061.1768798828125,
  "tsnr": 38.961133560631424
}