{
  "aor": 0.0007724812030075188,
  "aqi": 0.02331511729323308,
  "bids_meta": {
    "AcquisitionDuration": [],
    "DelayTime": [],
    "EchoTime": 0.025,
    "FlipAngle": 90,
    "MagneticFieldStrength": 3,
    "Manufacturer": "Siemens",
    "ManufacturerModelName": "MAGNETOM Skyra",
    "MultibandAccelerationFactor": 3,
    "RepetitionTime": 2,
    "SliceTiming": [
      0,
      0.9075,
      1.815,
      0.7425,
      1.65,
      0.5775,
      1.485,
      0.4125,
      1.32,
      0.2475,
      1.155,
      0.0825,
      0.99,
      1.8975,
      0.825,
      1.7325,
      0.66,
      1.5675,
      0.495,
      1.4025,
      0.33,
      1.2375,
      0.165,
      1.0725,
      0,
      0.9075,
      1.815,
      0.7425,
      1.65,
      0.5775,
      1.485,
      0.4125,
      1.32,
      0.2475,
      1.155,
      0.0825,
      0.99,
      1.8975,
      0.825,
      1.7325,
      0.66,
      1.5675,
      0.495,
      1.4025,
      0.33,
      1.2375,
      0.165,
      1.0725,
      0,
      0.9075,
      1.815,
      0.7425,
      1.65,
      0.5775,
      1.485,
      0.4125,
      1.32,
      0.2475,
      1.155,
      0.0825,
      0.99,
      1.8975,
      0.825,
      1.7325,
      0.66,
      1.5675,
      0.495,
      1.4025,
      0.33,
      1.2375,
      0.165,
      1.0725
    ],
    "TaskName": "imtest",
    "VolumeTiming": [
      0,
      2,
      4,
      6,
      8,
      10,
      12,
      14,
      16,
      18,
      20,
      22,
      24,
      26,
      28,
      30,
      32,
      34,
      36,
      38,
      40,
      42,
      44,
      46,
      48,
      50,
      52,
      54,
      56,
      58,
      60,
      62,
      64,
      66,
      68,
      70,
      72,
      74,
      76,
      78,
      80,
      82,
      84,
      86,
      88,
      90,
      92,
      94,
      96,
      98,
      100,
      102,
      104,
      106,
      108,
      110,
      112,
      114,
      116,
      118,
      120,
      122,
      124,
      126,
      128,
      130,
      132,
      134,
      136,
      138,
      140,
      142,
      144,
      146,
      148,
      150,
      152,
      154,
      156,
      158,
      160,
      162,
      164,
      166,
      168,
      170,
      172,
      174,
      176,
      178,
      180,
      182,
      184,
      186,
      188,
      190,
      192,
      194,
      196,
      198,
      200,
      202,
      204,
      206,
      208,
      210,
      212,
      214,
      216,
      218,
      220,
      222,
      224,
      226,
      228,
      230,
      232,
      234,
      236,
      238,
      240,
      242,
      244,
      246,
      248,
      250,
      252,
      254,
      256,
      258,
      260,
      262,
      264
    ],
    "dataset": "ds002813",
    "modality": "bold",
    "run_id": 4,
    "subject_id": "205",
    "task_id": "imtest"
  },
  "dummy_trs": 0,
  "dvars_nstd": 50.120726903030274,
  "dvars_std": 1.378260285757576,
  "dvars_vstd": 1.0061868607575757,
  "efc": 0.5212073811625872,
  "fber": 3579.041259765625,
  "fd_mean": 0.07712761715417296,
  "fd_num": 2,
  "fd_perc": 1.5037593984962405,
  "fwhm_avg": 1.8544066666666665,
  "fwhm_x": 1.735865,
  "fwhm_y": 2.03829,
  "fwhm_z": 1.789065,
  "gcor": 0.00371188,
  "gsr_x": -0.021881932392716408,
  "gsr_y": 0.03352774679660797,
  "provenance": {
    "md5sum": "5d6061784ae48b36647710894fc5d0b1",
    "settings": {
      "fd_thres": 0.2,
      "testing": false
    },
    "software": "mriqc",
    "version": "22.0.6",
    "webapi_port": null,
    "webapi_url": "https://mriqc.nimh.nih.gov/api/v1"
  },
  "size_t": 133,
  "size_x": 104,
  "size_y": 104,
  "size_z": 72,
  "snr": 7.333651989254725,
  "spacing_tr": 2.0,
  "spacing_x": 2.0,
  "spacing_y": 2.0,
  "spacing_z": 2.0,
  "summary_bg_k": 17.568974623479125,
  "summary_bg_mad": 94.87538898610225,
  "summary_bg_mean": 436.3608703613281,
  "summary_bg_median": 130.5112762451172,
  "summary_bg_n": 525464.0,
  "summary_bg_p05": 53.27067947387695,
  "summary_bg_p95": 1991.7132446289027,
  "summary_bg_stdv": 828.150634765625,
  "summary_fg_k": 4.7658346885520135,
  "summary_fg_mad": 924.0521026358225,
  "summary_fg_mean": 7880.748046875,
  "summary_fg_median": 7860.548828125,
  "summary_fg_n": 156273.0,
  "summary_fg_p05": 6409.935546875,
  "summary_fg_p95": 9500.4533203125,
  "summary_fg_stdv": 1071.843017578125,
  "tsnr": 44.616373132914305
}