{
  "aor": 0.000784551724137931,
  "aqi": 0.02168507379310345,
  "bids_meta": {
    "AcquisitionDuration": [],
    "DelayTime": [],
    "EchoTime": 0.025,
    "FlipAngle": 90,
    "MagneticFieldStrength": 3,
    "Manufacturer": "Siemens",
    "ManufacturerModelName": "MAGNETOM Skyra",
    "MultibandAccelerationFactor": 3,
    "RepetitionTime": 2,
    "SliceTiming": [
      0,
      0.9075,
      1.815,
      0.7425,
      1.65,
      0.5775,
      1.485,
      0.4125,
      1.32,
      0.2475,
      1.155,
      0.0825,
      0.99,
      1.8975,
      0.825,
      1.7325,
      0.66,
      1.5675,
      0.495,
      1.4025,
      0.33,
      1.2375,
      0.165,
      1.0725,
      0,
      0.9075,
      1.815,
      0.7425,
      1.65,
      0.5775,
      1.485,
      0.4125,
      1.32,
      0.2475,
      1.155,
      0.0825,
      0.99,
      1.8975,
      0.825,
      1.7325,
      0.66,
      1.5675,
      0.495,
      1.4025,
      0.33,
      1.2375,
      0.165,
      1.0725,
      0,
      0.9075,
      1.815,
      0.7425,
      1.65,
      0.5775,
      1.485,
      0.4125,
      1.32,
      0.2475,
      1.155,
      0.0825,
      0.99,
      1.8975,
      0.825,
      1.7325,
      0.66,
      1.5675,
      0.495,
      1.4025,
      0.33,
      1.2375,
      0.165,
      1.0725
    ],
    "TaskName": "train",
    "VolumeTiming": [
      0,
      2,
      4,
      6,
      8,
      10,
      12,
      14,
      16,
      18,
      20,
      22,
      24,
      26,
      28,
      30,
      32,
      34,
      36,
      38,
      40,
      42,
      44,
      46,
      48,
      50,
      52,
      54,
      56,
      58,
      60,
      62,
      64,
      66,
      68,
      70,
      72,
      74,
      76,
      78,
      80,
      82,
      84,
      86,
      88,
      90,
      92,
      94,
      96,
      98,
      100,
      102,
      104,
      106,
      108,
      110,
      112,
      114,
      116,
      118,
      120,
      122,
      124,
      126,
      128,
      130,
      132,
      134,
      136,
      138,
      140,
      142,
      144,
      146,
      148,
      150,
      152,
      154,
      156,
      158,
      160,
      162,
      164,
      166,
      168,
      170,
      172,
      174,
      176,
      178,
      180,
      182,
      184,
      186,
      188,
      190,
      192,
      194,
      196,
      198,
      200,
      202,
      204,
      206,
      208,
      210,
      212,
      214,
      216,
      218,
      220,
      222,
      224,
      226,
      228,
      230,
      232,
      234,
      236,
      238,
      240,
      242,
      244,
      246,
      248,
      250,
      252,
      254,
      256,
      258,
      260,
      262,
      264,
      266,
      268,
      270,
      272,
      274,
      276,
      278,
      280,
      282,
      284,
      286,
      288
    ],
    "dataset": "ds002813",
    "modality": "bold",
    "run_id": 3,
    "subject_id": "205",
    "task_id": "train"
  },
  "dummy_trs": 0,
  "dvars_nstd": 48.053897910625004,
  "dvars_std": 1.3556126070833332,
  "dvars_vstd": 1.0129923090277775,
  "efc": 0.5205235641841619,
  "fber": 3650.845458984375,
  "fd_mean": 0.07131287166391763,
  "fd_num": 2,
  "fd_perc": 1.3793103448275863,
  "fwhm_avg": 1.8577966666666665,
  "fwhm_x": 1.741255,
  "fwhm_y": 2.0423,
  "fwhm_z": 1.789835,
  "gcor": 0.00376223,
  "gsr_x": -0.021046457812190056,
  "gsr_y": 0.03154339641332626,
  "provenance": {
    "md5sum": "46ba8b40069305f53bb63c644ca357de",
    "settings": {
      "fd_thres": 0.2,
      "testing": false
    },
    "software": "mriqc",
    "version": "22.0.6",
    "webapi_port": null,
    "webapi_url": "https://mriqc.nimh.nih.gov/api/v1"
  },
  "size_t": 145,
  "size_x": 104,
  "size_y": 104,
  "size_z": 72,
  "snr": 7.278170156603732,
  "spacing_tr": 2.0,
  "spacing_x": 2.0,
  "spacing_y": 2.0,
  "spacing_z": 2.0,
  "summary_bg_k": 17.676580250646037,
  "summary_bg_mad": 94.38551672597774,
  "summary_bg_mean": 436.4315490722656,
  "summary_bg_median": 129.59310913085938,
  "summary_bg_n": 525337.0,
  "summary_bg_p05": 52.70206985473635,
  "summary_bg_p95": 2000.2068603515481,
  "summary_bg_stdv": 841.564208984375,
  "summary_fg_k": 5.001264509271188,
  "summary_fg_mad": 929.8065972817703,
  "summary_fg_mean": 7904.38134765625,
  "summary_fg_median": 7884.0,
  "summary_fg_n": 156194.0,
  "summary_fg_p05": 6431.177294921875,
  "summary_fg_p95": 9545.35771484375,
  "summary_fg_stdv": 1083.23583984375,
  "tsnr": 47.16761711449362
}