{
  "aor": 0.0007842068965517242,
  "aqi": 0.02183912068965517,
  "bids_meta": {
    "AcquisitionDuration": [],
    "DelayTime": [],
    "EchoTime": 0.025,
    "FlipAngle": 90,
    "MagneticFieldStrength": 3,
    "Manufacturer": "Siemens",
    "ManufacturerModelName": "MAGNETOM Skyra",
    "MultibandAccelerationFactor": 3,
    "RepetitionTime": 2,
    "SliceTiming": [
      0,
      0.9075,
      1.815,
      0.7425,
      1.65,
      0.5775,
      1.485,
      0.4125,
      1.32,
      0.2475,
      1.155,
      0.0825,
      0.99,
      1.8975,
      0.825,
      1.7325,
      0.66,
      1.5675,
      0.495,
      1.4025,
      0.33,
      1.2375,
      0.165,
      1.0725,
      0,
      0.9075,
      1.815,
      0.7425,
      1.65,
      0.5775,
      1.485,
      0.4125,
      1.32,
      0.2475,
      1.155,
      0.0825,
      0.99,
      1.8975,
      0.825,
      1.7325,
      0.66,
      1.5675,
      0.495,
      1.4025,
      0.33,
      1.2375,
      0.165,
      1.0725,
      0,
      0.9075,
      1.815,
      0.7425,
      1.65,
      0.5775,
      1.485,
      0.4125,
      1.32,
      0.2475,
      1.155,
      0.0825,
      0.99,
      1.8975,
      0.825,
      1.7325,
      0.66,
      1.5675,
      0.495,
      1.4025,
      0.33,
      1.2375,
      0.165,
      1.0725
    ],
    "TaskName": "train",
    "VolumeTiming": [
      0,
      2,
      4,
      6,
      8,
      10,
      12,
      14,
      16,
      18,
      20,
      22,
      24,
      26,
      28,
      30,
      32,
      34,
      36,
      38,
      40,
      42,
      44,
      46,
      48,
      50,
      52,
      54,
      56,
      58,
      60,
      62,
      64,
      66,
      68,
      70,
      72,
      74,
      76,
      78,
      80,
      82,
      84,
      86,
      88,
      90,
      92,
      94,
      96,
      98,
      100,
      102,
      104,
      106,
      108,
      110,
      112,
      114,
      116,
      118,
      120,
      122,
      124,
      126,
      128,
      130,
      132,
      134,
      136,
      138,
      140,
      142,
      144,
      146,
      148,
      150,
      152,
      154,
      156,
      158,
      160,
      162,
      164,
      166,
      168,
      170,
      172,
      174,
      176,
      178,
      180,
      182,
      184,
      186,
      188,
      190,
      192,
      194,
      196,
      198,
      200,
      202,
      204,
      206,
      208,
      210,
      212,
      214,
      216,
      218,
      220,
      222,
      224,
      226,
      228,
      230,
      232,
      234,
      236,
      238,
      240,
      242,
      244,
      246,
      248,
      250,
      252,
      254,
      256,
      258,
      260,
      262,
      264,
      266,
      268,
      270,
      272,
      274,
      276,
      278,
      280,
      282,
      284,
      286,
      288
    ],
    "dataset": "ds002813",
    "modality": "bold",
    "run_id": 2,
    "subject_id": "205",
    "task_id": "train"
  },
  "dummy_trs": 0,
  "dvars_nstd": 44.73003074847222,
  "dvars_std": 1.2884076556944448,
  "dvars_vstd": 1.0122926065972218,
  "efc": 0.5205009674286565,
  "fber": 3668.211181640625,
  "fd_mean": 0.06918703126129297,
  "fd_num": 2,
  "fd_perc": 1.3793103448275863,
  "fwhm_avg": 1.8453216666666667,
  "fwhm_x": 1.727785,
  "fwhm_y": 2.025795,
  "fwhm_z": 1.782385,
  "gcor": 0.00178889,
  "gsr_x": -0.020666658878326416,
  "gsr_y": 0.031531330198049545,
  "provenance": {
    "md5sum": "590887921fccb3f92795680e601331d2",
    "settings": {
      "fd_thres": 0.2,
      "testing": false
    },
    "software": "mriqc",
    "version": "22.0.6",
    "webapi_port": null,
    "webapi_url": "https://mriqc.nimh.nih.gov/api/v1"
  },
  "size_t": 145,
  "size_x": 104,
  "size_y": 104,
  "size_z": 72,
  "snr": 7.322158270857679,
  "spacing_tr": 2.0,
  "spacing_x": 2.0,
  "spacing_y": 2.0,
  "spacing_z": 2.0,
  "summary_bg_k": 18.002463759724687,
  "summary_bg_mad": 93.60843779371824,
  "summary_bg_mean": 434.4556579589844,
  "summary_bg_median": 129.0137939453125,
  "summary_bg_n": 525117.0,
  "summary_bg_p05": 52.468963623046875,
  "summary_bg_p95": 1978.3572021484363,
  "summary_bg_stdv": 841.28173828125,
  "summary_fg_k": 4.911874934487081,
  "summary_fg_mad": 929.2694435483079,
  "summary_fg_mean": 7894.22265625,
  "summary_fg_median": 7875.4345703125,
  "summary_fg_n": 156190.0,
  "summary_fg_p05": 6418.82724609375,
  "summary_fg_p95": 9515.811767578125,
  "summary_fg_stdv": 1075.5584716796875,
  "tsnr": 46.62030770536512
}