{
  "aor": 0.0007201503759398497,
  "aqi": 0.019273059398496238,
  "bids_meta": {
    "AcquisitionDuration": [],
    "DelayTime": [],
    "EchoTime": 0.025,
    "FlipAngle": 90,
    "MagneticFieldStrength": 3,
    "Manufacturer": "Siemens",
    "ManufacturerModelName": "MAGNETOM Skyra",
    "MultibandAccelerationFactor": 3,
    "RepetitionTime": 2,
    "SliceTiming": [
      0,
      0.9075,
      1.815,
      0.7425,
      1.65,
      0.5775,
      1.485,
      0.4125,
      1.32,
      0.2475,
      1.155,
      0.0825,
      0.99,
      1.8975,
      0.825,
      1.7325,
      0.66,
      1.5675,
      0.495,
      1.4025,
      0.33,
      1.2375,
      0.165,
      1.0725,
      0,
      0.9075,
      1.815,
      0.7425,
      1.65,
      0.5775,
      1.485,
      0.4125,
      1.32,
      0.2475,
      1.155,
      0.0825,
      0.99,
      1.8975,
      0.825,
      1.7325,
      0.66,
      1.5675,
      0.495,
      1.4025,
      0.33,
      1.2375,
      0.165,
      1.0725,
      0,
      0.9075,
      1.815,
      0.7425,
      1.65,
      0.5775,
      1.485,
      0.4125,
      1.32,
      0.2475,
      1.155,
      0.0825,
      0.99,
      1.8975,
      0.825,
      1.7325,
      0.66,
      1.5675,
      0.495,
      1.4025,
      0.33,
      1.2375,
      0.165,
      1.0725
    ],
    "TaskName": "imtest",
    "VolumeTiming": [
      0,
      2,
      4,
      6,
      8,
      10,
      12,
      14,
      16,
      18,
      20,
      22,
      24,
      26,
      28,
      30,
      32,
      34,
      36,
      38,
      40,
      42,
      44,
      46,
      48,
      50,
      52,
      54,
      56,
      58,
      60,
      62,
      64,
      66,
      68,
      70,
      72,
      74,
      76,
      78,
      80,
      82,
      84,
      86,
      88,
      90,
      92,
      94,
      96,
      98,
      100,
      102,
      104,
      106,
      108,
      110,
      112,
      114,
      116,
      118,
      120,
      122,
      124,
      126,
      128,
      130,
      132,
      134,
      136,
      138,
      140,
      142,
      144,
      146,
      148,
      150,
      152,
      154,
      156,
      158,
      160,
      162,
      164,
      166,
      168,
      170,
      172,
      174,
      176,
      178,
      180,
      182,
      184,
      186,
      188,
      190,
      192,
      194,
      196,
      198,
      200,
      202,
      204,
      206,
      208,
      210,
      212,
      214,
      216,
      218,
      220,
      222,
      224,
      226,
      228,
      230,
      232,
      234,
      236,
      238,
      240,
      242,
      244,
      246,
      248,
      250,
      252,
      254,
      256,
      258,
      260,
      262,
      264
    ],
    "dataset": "ds002813",
    "modality": "bold",
    "run_id": 4,
    "subject_id": "216",
    "task_id": "imtest"
  },
  "dummy_trs": 0,
  "dvars_nstd": 48.64578804818183,
  "dvars_std": 1.3601524134090905,
  "dvars_vstd": 1.0124910530303028,
  "efc": 0.5532236390675878,
  "fber": 2996.417236328125,
  "fd_mean": 0.05963840350128275,
  "fd_num": 0,
  "fd_perc": 0.0,
  "fwhm_avg": 1.95109,
  "fwhm_x": 1.85343,
  "fwhm_y": 2.092055,
  "fwhm_z": 1.907785,
  "gcor": 0.00601,
  "gsr_x": -0.019517919048666954,
  "gsr_y": 0.0393032543361187,
  "provenance": {
    "md5sum": "23b348e0cca7729778e49a4d08a45189",
    "settings": {
      "fd_thres": 0.2,
      "testing": false
    },
    "software": "mriqc",
    "version": "22.0.6",
    "webapi_port": null,
    "webapi_url": "https://mriqc.nimh.nih.gov/api/v1"
  },
  "size_t": 133,
  "size_x": 104,
  "size_y": 104,
  "size_z": 72,
  "snr": 6.579120365600399,
  "spacing_tr": 2.0,
  "spacing_x": 2.0,
  "spacing_y": 2.0,
  "spacing_z": 2.0,
  "summary_bg_k": 9.87279375444915,
  "summary_bg_mad": 109.90208596027043,
  "summary_bg_mean": 582.6038208007812,
  "summary_bg_median": 145.41354370117188,
  "summary_bg_n": 510787.0,
  "summary_bg_p05": 56.94736862182617,
  "summary_bg_p95": 2951.8580078124987,
  "summary_bg_stdv": 1025.282470703125,
  "summary_fg_k": 4.894369673457258,
  "summary_fg_mad": 992.2232095759323,
  "summary_fg_mean": 8018.904296875,
  "summary_fg_median": 8026.248046875,
  "summary_fg_n": 167386.0,
  "summary_fg_p05": 6257.40625,
  "summary_fg_p95": 9766.77685546875,
  "summary_fg_stdv": 1219.9539794921875,
  "tsnr": 46.182205053046346
}