{
  "aor": 0.0012384827586206897,
  "aqi": 0.021279745517241377,
  "bids_meta": {
    "AcquisitionDuration": [],
    "DelayTime": [],
    "EchoTime": 0.025,
    "FlipAngle": 90,
    "MagneticFieldStrength": 3,
    "Manufacturer": "Siemens",
    "ManufacturerModelName": "MAGNETOM Skyra",
    "MultibandAccelerationFactor": 3,
    "RepetitionTime": 2,
    "SliceTiming": [
      0,
      0.9075,
      1.815,
      0.7425,
      1.65,
      0.5775,
      1.485,
      0.4125,
      1.32,
      0.2475,
      1.155,
      0.0825,
      0.99,
      1.8975,
      0.825,
      1.7325,
      0.66,
      1.5675,
      0.495,
      1.4025,
      0.33,
      1.2375,
      0.165,
      1.0725,
      0,
      0.9075,
      1.815,
      0.7425,
      1.65,
      0.5775,
      1.485,
      0.4125,
      1.32,
      0.2475,
      1.155,
      0.0825,
      0.99,
      1.8975,
      0.825,
      1.7325,
      0.66,
      1.5675,
      0.495,
      1.4025,
      0.33,
      1.2375,
      0.165,
      1.0725,
      0,
      0.9075,
      1.815,
      0.7425,
      1.65,
      0.5775,
      1.485,
      0.4125,
      1.32,
      0.2475,
      1.155,
      0.0825,
      0.99,
      1.8975,
      0.825,
      1.7325,
      0.66,
      1.5675,
      0.495,
      1.4025,
      0.33,
      1.2375,
      0.165,
      1.0725
    ],
    "TaskName": "train",
    "VolumeTiming": [
      0,
      2,
      4,
      6,
      8,
      10,
      12,
      14,
      16,
      18,
      20,
      22,
      24,
      26,
      28,
      30,
      32,
      34,
      36,
      38,
      40,
      42,
      44,
      46,
      48,
      50,
      52,
      54,
      56,
      58,
      60,
      62,
      64,
      66,
      68,
      70,
      72,
      74,
      76,
      78,
      80,
      82,
      84,
      86,
      88,
      90,
      92,
      94,
      96,
      98,
      100,
      102,
      104,
      106,
      108,
      110,
      112,
      114,
      116,
      118,
      120,
      122,
      124,
      126,
      128,
      130,
      132,
      134,
      136,
      138,
      140,
      142,
      144,
      146,
      148,
      150,
      152,
      154,
      156,
      158,
      160,
      162,
      164,
      166,
      168,
      170,
      172,
      174,
      176,
      178,
      180,
      182,
      184,
      186,
      188,
      190,
      192,
      194,
      196,
      198,
      200,
      202,
      204,
      206,
      208,
      210,
      212,
      214,
      216,
      218,
      220,
      222,
      224,
      226,
      228,
      230,
      232,
      234,
      236,
      238,
      240,
      242,
      244,
      246,
      248,
      250,
      252,
      254,
      256,
      258,
      260,
      262,
      264,
      266,
      268,
      270,
      272,
      274,
      276,
      278,
      280,
      282,
      284,
      286,
      288
    ],
    "dataset": "ds002813",
    "modality": "bold",
    "run_id": 2,
    "subject_id": "216",
    "task_id": "train"
  },
  "dummy_trs": 0,
  "dvars_nstd": 49.20997969298613,
  "dvars_std": 1.3517849043055552,
  "dvars_vstd": 1.0143779267361108,
  "efc": 0.5507004298756776,
  "fber": 3090.2626953125,
  "fd_mean": 0.10844456685373687,
  "fd_num": 6,
  "fd_perc": 4.137931034482759,
  "fwhm_avg": 1.9466233333333332,
  "fwhm_x": 1.85009,
  "fwhm_y": 2.083635,
  "fwhm_z": 1.906145,
  "gcor": 0.00368862,
  "gsr_x": -0.01919369027018547,
  "gsr_y": 0.04171495512127876,
  "provenance": {
    "md5sum": "b92d56fa3365f4752720dcbb8ccab2ff",
    "settings": {
      "fd_thres": 0.2,
      "testing": false
    },
    "software": "mriqc",
    "version": "22.0.6",
    "webapi_port": null,
    "webapi_url": "https://mriqc.nimh.nih.gov/api/v1"
  },
  "size_t": 145,
  "size_x": 104,
  "size_y": 104,
  "size_z": 72,
  "snr": 6.58093607400977,
  "spacing_tr": 2.0,
  "spacing_x": 2.0,
  "spacing_y": 2.0,
  "spacing_z": 2.0,
  "summary_bg_k": 10.438834608144079,
  "summary_bg_mad": 111.17470414264064,
  "summary_bg_mean": 558.2403564453125,
  "summary_bg_median": 142.37240600585938,
  "summary_bg_n": 510311.0,
  "summary_bg_p05": 51.910343170166016,
  "summary_bg_p95": 2790.7000732421875,
  "summary_bg_stdv": 988.9002075195312,
  "summary_fg_k": 4.667801842422031,
  "summary_fg_mad": 992.8425290085161,
  "summary_fg_mean": 7969.97119140625,
  "summary_fg_median": 7976.9794921875,
  "summary_fg_n": 167631.0,
  "summary_fg_p05": 6222.07568359375,
  "summary_fg_p95": 9714.9169921875,
  "summary_fg_stdv": 1212.130859375,
  "tsnr": 42.86113172536716
}