{
  "aor": 0.0010225563909774435,
  "aqi": 0.021096694736842107,
  "bids_meta": {
    "AcquisitionDuration": [],
    "DelayTime": [],
    "EchoTime": 0.025,
    "FlipAngle": 90,
    "MagneticFieldStrength": 3,
    "Manufacturer": "Siemens",
    "ManufacturerModelName": "MAGNETOM Skyra",
    "MultibandAccelerationFactor": 3,
    "RepetitionTime": 2,
    "SliceTiming": [
      0,
      0.9075,
      1.815,
      0.7425,
      1.65,
      0.5775,
      1.485,
      0.4125,
      1.32,
      0.2475,
      1.155,
      0.0825,
      0.99,
      1.8975,
      0.825,
      1.7325,
      0.66,
      1.5675,
      0.495,
      1.4025,
      0.33,
      1.2375,
      0.165,
      1.0725,
      0,
      0.9075,
      1.815,
      0.7425,
      1.65,
      0.5775,
      1.485,
      0.4125,
      1.32,
      0.2475,
      1.155,
      0.0825,
      0.99,
      1.8975,
      0.825,
      1.7325,
      0.66,
      1.5675,
      0.495,
      1.4025,
      0.33,
      1.2375,
      0.165,
      1.0725,
      0,
      0.9075,
      1.815,
      0.7425,
      1.65,
      0.5775,
      1.485,
      0.4125,
      1.32,
      0.2475,
      1.155,
      0.0825,
      0.99,
      1.8975,
      0.825,
      1.7325,
      0.66,
      1.5675,
      0.495,
      1.4025,
      0.33,
      1.2375,
      0.165,
      1.0725
    ],
    "TaskName": "imtest",
    "VolumeTiming": [
      0,
      2,
      4,
      6,
      8,
      10,
      12,
      14,
      16,
      18,
      20,
      22,
      24,
      26,
      28,
      30,
      32,
      34,
      36,
      38,
      40,
      42,
      44,
      46,
      48,
      50,
      52,
      54,
      56,
      58,
      60,
      62,
      64,
      66,
      68,
      70,
      72,
      74,
      76,
      78,
      80,
      82,
      84,
      86,
      88,
      90,
      92,
      94,
      96,
      98,
      100,
      102,
      104,
      106,
      108,
      110,
      112,
      114,
      116,
      118,
      120,
      122,
      124,
      126,
      128,
      130,
      132,
      134,
      136,
      138,
      140,
      142,
      144,
      146,
      148,
      150,
      152,
      154,
      156,
      158,
      160,
      162,
      164,
      166,
      168,
      170,
      172,
      174,
      176,
      178,
      180,
      182,
      184,
      186,
      188,
      190,
      192,
      194,
      196,
      198,
      200,
      202,
      204,
      206,
      208,
      210,
      212,
      214,
      216,
      218,
      220,
      222,
      224,
      226,
      228,
      230,
      232,
      234,
      236,
      238,
      240,
      242,
      244,
      246,
      248,
      250,
      252,
      254,
      256,
      258,
      260,
      262,
      264
    ],
    "dataset": "ds002813",
    "modality": "bold",
    "run_id": 1,
    "subject_id": "227",
    "task_id": "imtest"
  },
  "dummy_trs": 0,
  "dvars_nstd": 46.10877745053028,
  "dvars_std": 1.3936146926515143,
  "dvars_vstd": 1.0158845047727278,
  "efc": 0.5182680898354598,
  "fber": 3898.0205078125,
  "fd_mean": 0.07644293225473744,
  "fd_num": 4,
  "fd_perc": 3.007518796992481,
  "fwhm_avg": 1.8025366666666667,
  "fwhm_x": 1.73416,
  "fwhm_y": 1.887265,
  "fwhm_z": 1.786185,
  "gcor": 0.00371655,
  "gsr_x": -0.017640266567468643,
  "gsr_y": 0.026755619794130325,
  "provenance": {
    "md5sum": "3b9a293c80b8488fb2b4fccec096cb77",
    "settings": {
      "fd_thres": 0.2,
      "testing": false
    },
    "software": "mriqc",
    "version": "22.0.6",
    "webapi_port": null,
    "webapi_url": "https://mriqc.nimh.nih.gov/api/v1"
  },
  "size_t": 133,
  "size_x": 104,
  "size_y": 104,
  "size_z": 72,
  "snr": 7.789238032679453,
  "spacing_tr": 2.0,
  "spacing_x": 2.0,
  "spacing_y": 2.0,
  "spacing_z": 2.0,
  "summary_bg_k": 17.063009063900633,
  "summary_bg_mad": 103.83232116483086,
  "summary_bg_mean": 506.4671630859375,
  "summary_bg_median": 141.2969970703125,
  "summary_bg_n": 530234.0,
  "summary_bg_p05": 55.35338592529297,
  "summary_bg_p95": 2520.33837890625,
  "summary_bg_stdv": 959.5948486328125,
  "summary_fg_k": 3.952159595795541,
  "summary_fg_mad": 1111.333068373482,
  "summary_fg_mean": 8808.912109375,
  "summary_fg_median": 8816.544921875,
  "summary_fg_n": 152746.0,
  "summary_fg_p05": 7234.2823486328125,
  "summary_fg_p95": 10516.76513671875,
  "summary_fg_stdv": 1131.88427734375,
  "tsnr": 48.77677997807041
}