{
  "aor": 0.0008942758620689656,
  "aqi": 0.026600072413793106,
  "bids_meta": {
    "AcquisitionDuration": [],
    "DelayTime": [],
    "EchoTime": 0.025,
    "FlipAngle": 90,
    "MagneticFieldStrength": 3,
    "Manufacturer": "Siemens",
    "ManufacturerModelName": "MAGNETOM Skyra",
    "MultibandAccelerationFactor": 3,
    "RepetitionTime": 2,
    "SliceTiming": [
      0,
      0.9075,
      1.815,
      0.7425,
      1.65,
      0.5775,
      1.485,
      0.4125,
      1.32,
      0.2475,
      1.155,
      0.0825,
      0.99,
      1.8975,
      0.825,
      1.7325,
      0.66,
      1.5675,
      0.495,
      1.4025,
      0.33,
      1.2375,
      0.165,
      1.0725,
      0,
      0.9075,
      1.815,
      0.7425,
      1.65,
      0.5775,
      1.485,
      0.4125,
      1.32,
      0.2475,
      1.155,
      0.0825,
      0.99,
      1.8975,
      0.825,
      1.7325,
      0.66,
      1.5675,
      0.495,
      1.4025,
      0.33,
      1.2375,
      0.165,
      1.0725,
      0,
      0.9075,
      1.815,
      0.7425,
      1.65,
      0.5775,
      1.485,
      0.4125,
      1.32,
      0.2475,
      1.155,
      0.0825,
      0.99,
      1.8975,
      0.825,
      1.7325,
      0.66,
      1.5675,
      0.495,
      1.4025,
      0.33,
      1.2375,
      0.165,
      1.0725
    ],
    "TaskName": "train",
    "VolumeTiming": [
      0,
      2,
      4,
      6,
      8,
      10,
      12,
      14,
      16,
      18,
      20,
      22,
      24,
      26,
      28,
      30,
      32,
      34,
      36,
      38,
      40,
      42,
      44,
      46,
      48,
      50,
      52,
      54,
      56,
      58,
      60,
      62,
      64,
      66,
      68,
      70,
      72,
      74,
      76,
      78,
      80,
      82,
      84,
      86,
      88,
      90,
      92,
      94,
      96,
      98,
      100,
      102,
      104,
      106,
      108,
      110,
      112,
      114,
      116,
      118,
      120,
      122,
      124,
      126,
      128,
      130,
      132,
      134,
      136,
      138,
      140,
      142,
      144,
      146,
      148,
      150,
      152,
      154,
      156,
      158,
      160,
      162,
      164,
      166,
      168,
      170,
      172,
      174,
      176,
      178,
      180,
      182,
      184,
      186,
      188,
      190,
      192,
      194,
      196,
      198,
      200,
      202,
      204,
      206,
      208,
      210,
      212,
      214,
      216,
      218,
      220,
      222,
      224,
      226,
      228,
      230,
      232,
      234,
      236,
      238,
      240,
      242,
      244,
      246,
      248,
      250,
      252,
      254,
      256,
      258,
      260,
      262,
      264,
      266,
      268,
      270,
      272,
      274,
      276,
      278,
      280,
      282,
      284,
      286,
      288
    ],
    "dataset": "ds002813",
    "modality": "bold",
    "run_id": 7,
    "subject_id": "227",
    "task_id": "train"
  },
  "dummy_trs": 0,
  "dvars_nstd": 46.1185335582639,
  "dvars_std": 1.3599678672916664,
  "dvars_vstd": 1.0022841409722218,
  "efc": 0.5216365971520874,
  "fber": 3864.013427734375,
  "fd_mean": 0.08870019169457904,
  "fd_num": 8,
  "fd_perc": 5.517241379310345,
  "fwhm_avg": 1.8054983333333334,
  "fwhm_x": 1.734515,
  "fwhm_y": 1.900465,
  "fwhm_z": 1.781515,
  "gcor": 0.0057333,
  "gsr_x": -0.016836386173963547,
  "gsr_y": 0.028318272903561592,
  "provenance": {
    "md5sum": "88e116189ae7143a3ca0690c7ca761ae",
    "settings": {
      "fd_thres": 0.2,
      "testing": false
    },
    "software": "mriqc",
    "version": "22.0.6",
    "webapi_port": null,
    "webapi_url": "https://mriqc.nimh.nih.gov/api/v1"
  },
  "size_t": 145,
  "size_x": 104,
  "size_y": 104,
  "size_z": 72,
  "snr": 7.895393935333159,
  "spacing_tr": 2.0,
  "spacing_x": 2.0,
  "spacing_y": 2.0,
  "spacing_z": 2.0,
  "summary_bg_k": 15.847417276737364,
  "summary_bg_mad": 106.04184775751449,
  "summary_bg_mean": 527.4688720703125,
  "summary_bg_median": 142.57241821289062,
  "summary_bg_n": 529526.0,
  "summary_bg_p05": 55.09654998779297,
  "summary_bg_p95": 2634.1328125,
  "summary_bg_stdv": 985.8797607421875,
  "summary_fg_k": 3.982380234854909,
  "summary_fg_mad": 1090.1527781352363,
  "summary_fg_mean": 8798.978515625,
  "summary_fg_median": 8809.91015625,
  "summary_fg_n": 153223.0,
  "summary_fg_p05": 7241.030126953125,
  "summary_fg_p95": 10481.658007812499,
  "summary_fg_stdv": 1115.825439453125,
  "tsnr": 43.3359828335233
}