{
  "aor": 0.0028417931034482756,
  "aqi": 0.030699493103448276,
  "bids_meta": {
    "AcquisitionDuration": [],
    "DelayTime": [],
    "EchoTime": 0.025,
    "FlipAngle": 90,
    "MagneticFieldStrength": 3,
    "Manufacturer": "Siemens",
    "ManufacturerModelName": "MAGNETOM Skyra",
    "MultibandAccelerationFactor": 3,
    "RepetitionTime": 2,
    "SliceTiming": [
      0,
      0.9075,
      1.815,
      0.7425,
      1.65,
      0.5775,
      1.485,
      0.4125,
      1.32,
      0.2475,
      1.155,
      0.0825,
      0.99,
      1.8975,
      0.825,
      1.7325,
      0.66,
      1.5675,
      0.495,
      1.4025,
      0.33,
      1.2375,
      0.165,
      1.0725,
      0,
      0.9075,
      1.815,
      0.7425,
      1.65,
      0.5775,
      1.485,
      0.4125,
      1.32,
      0.2475,
      1.155,
      0.0825,
      0.99,
      1.8975,
      0.825,
      1.7325,
      0.66,
      1.5675,
      0.495,
      1.4025,
      0.33,
      1.2375,
      0.165,
      1.0725,
      0,
      0.9075,
      1.815,
      0.7425,
      1.65,
      0.5775,
      1.485,
      0.4125,
      1.32,
      0.2475,
      1.155,
      0.0825,
      0.99,
      1.8975,
      0.825,
      1.7325,
      0.66,
      1.5675,
      0.495,
      1.4025,
      0.33,
      1.2375,
      0.165,
      1.0725
    ],
    "TaskName": "train",
    "VolumeTiming": [
      0,
      2,
      4,
      6,
      8,
      10,
      12,
      14,
      16,
      18,
      20,
      22,
      24,
      26,
      28,
      30,
      32,
      34,
      36,
      38,
      40,
      42,
      44,
      46,
      48,
      50,
      52,
      54,
      56,
      58,
      60,
      62,
      64,
      66,
      68,
      70,
      72,
      74,
      76,
      78,
      80,
      82,
      84,
      86,
      88,
      90,
      92,
      94,
      96,
      98,
      100,
      102,
      104,
      106,
      108,
      110,
      112,
      114,
      116,
      118,
      120,
      122,
      124,
      126,
      128,
      130,
      132,
      134,
      136,
      138,
      140,
      142,
      144,
      146,
      148,
      150,
      152,
      154,
      156,
      158,
      160,
      162,
      164,
      166,
      168,
      170,
      172,
      174,
      176,
      178,
      180,
      182,
      184,
      186,
      188,
      190,
      192,
      194,
      196,
      198,
      200,
      202,
      204,
      206,
      208,
      210,
      212,
      214,
      216,
      218,
      220,
      222,
      224,
      226,
      228,
      230,
      232,
      234,
      236,
      238,
      240,
      242,
      244,
      246,
      248,
      250,
      252,
      254,
      256,
      258,
      260,
      262,
      264,
      266,
      268,
      270,
      272,
      274,
      276,
      278,
      280,
      282,
      284,
      286,
      288
    ],
    "dataset": "ds002813",
    "modality": "bold",
    "run_id": 4,
    "subject_id": "226",
    "task_id": "train"
  },
  "dummy_trs": 0,
  "dvars_nstd": 43.13593867083333,
  "dvars_std": 1.1764733268055563,
  "dvars_vstd": 1.0204496071527778,
  "efc": 0.5746511552348492,
  "fber": 2753.85546875,
  "fd_mean": 0.17259418026994858,
  "fd_num": 38,
  "fd_perc": 26.20689655172414,
  "fwhm_avg": 1.8543,
  "fwhm_x": 1.718925,
  "fwhm_y": 2.01961,
  "fwhm_z": 1.824365,
  "gcor": 0.0152866,
  "gsr_x": -0.014318271540105343,
  "gsr_y": 0.04659295827150345,
  "provenance": {
    "md5sum": "c027554f4a00ca580c9ce22de3f116af",
    "settings": {
      "fd_thres": 0.2,
      "testing": false
    },
    "software": "mriqc",
    "version": "22.0.6",
    "webapi_port": null,
    "webapi_url": "https://mriqc.nimh.nih.gov/api/v1"
  },
  "size_t": 145,
  "size_x": 104,
  "size_y": 104,
  "size_z": 72,
  "snr": 7.131067930404928,
  "spacing_tr": 2.0,
  "spacing_x": 2.0,
  "spacing_y": 2.0,
  "spacing_z": 2.0,
  "summary_bg_k": 9.96428478276804,
  "summary_bg_mad": 133.4546619107837,
  "summary_bg_mean": 630.2149658203125,
  "summary_bg_median": 158.86207580566406,
  "summary_bg_n": 490247.0,
  "summary_bg_p05": 57.42758560180664,
  "summary_bg_p95": 2989.4750976562445,
  "summary_bg_stdv": 1084.3570556640625,
  "summary_fg_k": 3.7637449987057447,
  "summary_fg_mad": 1060.4898748621567,
  "summary_fg_mean": 8438.6171875,
  "summary_fg_median": 8431.9306640625,
  "summary_fg_n": 186681.0,
  "summary_fg_p05": 6746.79296875,
  "summary_fg_p95": 10209.0693359375,
  "summary_fg_stdv": 1182.418701171875,
  "tsnr": 35.20893627195619
}