{
  "aor": 0.0013129655172413792,
  "aqi": 0.022468830344827585,
  "bids_meta": {
    "AcquisitionDuration": [],
    "DelayTime": [],
    "EchoTime": 0.025,
    "FlipAngle": 90,
    "MagneticFieldStrength": 3,
    "Manufacturer": "Siemens",
    "ManufacturerModelName": "MAGNETOM Skyra",
    "MultibandAccelerationFactor": 3,
    "RepetitionTime": 2,
    "SliceTiming": [
      0,
      0.9075,
      1.815,
      0.7425,
      1.65,
      0.5775,
      1.485,
      0.4125,
      1.32,
      0.2475,
      1.155,
      0.0825,
      0.99,
      1.8975,
      0.825,
      1.7325,
      0.66,
      1.5675,
      0.495,
      1.4025,
      0.33,
      1.2375,
      0.165,
      1.0725,
      0,
      0.9075,
      1.815,
      0.7425,
      1.65,
      0.5775,
      1.485,
      0.4125,
      1.32,
      0.2475,
      1.155,
      0.0825,
      0.99,
      1.8975,
      0.825,
      1.7325,
      0.66,
      1.5675,
      0.495,
      1.4025,
      0.33,
      1.2375,
      0.165,
      1.0725,
      0,
      0.9075,
      1.815,
      0.7425,
      1.65,
      0.5775,
      1.485,
      0.4125,
      1.32,
      0.2475,
      1.155,
      0.0825,
      0.99,
      1.8975,
      0.825,
      1.7325,
      0.66,
      1.5675,
      0.495,
      1.4025,
      0.33,
      1.2375,
      0.165,
      1.0725
    ],
    "TaskName": "train",
    "VolumeTiming": [
      0,
      2,
      4,
      6,
      8,
      10,
      12,
      14,
      16,
      18,
      20,
      22,
      24,
      26,
      28,
      30,
      32,
      34,
      36,
      38,
      40,
      42,
      44,
      46,
      48,
      50,
      52,
      54,
      56,
      58,
      60,
      62,
      64,
      66,
      68,
      70,
      72,
      74,
      76,
      78,
      80,
      82,
      84,
      86,
      88,
      90,
      92,
      94,
      96,
      98,
      100,
      102,
      104,
      106,
      108,
      110,
      112,
      114,
      116,
      118,
      120,
      122,
      124,
      126,
      128,
      130,
      132,
      134,
      136,
      138,
      140,
      142,
      144,
      146,
      148,
      150,
      152,
      154,
      156,
      158,
      160,
      162,
      164,
      166,
      168,
      170,
      172,
      174,
      176,
      178,
      180,
      182,
      184,
      186,
      188,
      190,
      192,
      194,
      196,
      198,
      200,
      202,
      204,
      206,
      208,
      210,
      212,
      214,
      216,
      218,
      220,
      222,
      224,
      226,
      228,
      230,
      232,
      234,
      236,
      238,
      240,
      242,
      244,
      246,
      248,
      250,
      252,
      254,
      256,
      258,
      260,
      262,
      264,
      266,
      268,
      270,
      272,
      274,
      276,
      278,
      280,
      282,
      284,
      286,
      288
    ],
    "dataset": "ds002813",
    "modality": "bold",
    "run_id": 1,
    "subject_id": "227",
    "task_id": "train"
  },
  "dummy_trs": 0,
  "dvars_nstd": 45.53064526465276,
  "dvars_std": 1.385789602986112,
  "dvars_vstd": 1.0122747206944447,
  "efc": 0.5170152343442987,
  "fber": 4022.839111328125,
  "fd_mean": 0.08059326116644566,
  "fd_num": 3,
  "fd_perc": 2.0689655172413794,
  "fwhm_avg": 1.8019683333333336,
  "fwhm_x": 1.723145,
  "fwhm_y": 1.8996,
  "fwhm_z": 1.78316,
  "gcor": 0.0134021,
  "gsr_x": -0.016834590584039688,
  "gsr_y": 0.029465502128005028,
  "provenance": {
    "md5sum": "1bf52b6d4bf93f97c4a2b2331e087a8d",
    "settings": {
      "fd_thres": 0.2,
      "testing": false
    },
    "software": "mriqc",
    "version": "22.0.6",
    "webapi_port": null,
    "webapi_url": "https://mriqc.nimh.nih.gov/api/v1"
  },
  "size_t": 145,
  "size_x": 104,
  "size_y": 104,
  "size_z": 72,
  "snr": 7.848542636267238,
  "spacing_tr": 2.0,
  "spacing_x": 2.0,
  "spacing_y": 2.0,
  "spacing_z": 2.0,
  "summary_bg_k": 16.868556833408633,
  "summary_bg_mad": 100.83010031119323,
  "summary_bg_mean": 487.6242370605469,
  "summary_bg_median": 138.30136108398438,
  "summary_bg_n": 529480.0,
  "summary_bg_p05": 54.44238052368164,
  "summary_bg_p95": 2398.7904541015623,
  "summary_bg_stdv": 923.7903442382812,
  "summary_fg_k": 4.024092819649541,
  "summary_fg_mad": 1100.0901222042921,
  "summary_fg_mean": 8754.6650390625,
  "summary_fg_median": 8772.525390625,
  "summary_fg_n": 153402.0,
  "summary_fg_p05": 7187.904858398438,
  "summary_fg_p95": 10422.942187499999,
  "summary_fg_stdv": 1117.7230224609375,
  "tsnr": 46.72987365722656
}