{
  "aor": 0.0011148275862068967,
  "aqi": 0.022603573793103446,
  "bids_meta": {
    "AcquisitionDuration": [],
    "DelayTime": [],
    "EchoTime": 0.025,
    "FlipAngle": 90,
    "MagneticFieldStrength": 3,
    "Manufacturer": "Siemens",
    "ManufacturerModelName": "MAGNETOM Skyra",
    "MultibandAccelerationFactor": 3,
    "RepetitionTime": 2,
    "SliceTiming": [
      0,
      0.9075,
      1.815,
      0.7425,
      1.65,
      0.5775,
      1.485,
      0.4125,
      1.32,
      0.2475,
      1.155,
      0.0825,
      0.99,
      1.8975,
      0.825,
      1.7325,
      0.66,
      1.5675,
      0.495,
      1.4025,
      0.33,
      1.2375,
      0.165,
      1.0725,
      0,
      0.9075,
      1.815,
      0.7425,
      1.65,
      0.5775,
      1.485,
      0.4125,
      1.32,
      0.2475,
      1.155,
      0.0825,
      0.99,
      1.8975,
      0.825,
      1.7325,
      0.66,
      1.5675,
      0.495,
      1.4025,
      0.33,
      1.2375,
      0.165,
      1.0725,
      0,
      0.9075,
      1.815,
      0.7425,
      1.65,
      0.5775,
      1.485,
      0.4125,
      1.32,
      0.2475,
      1.155,
      0.0825,
      0.99,
      1.8975,
      0.825,
      1.7325,
      0.66,
      1.5675,
      0.495,
      1.4025,
      0.33,
      1.2375,
      0.165,
      1.0725
    ],
    "TaskName": "train",
    "VolumeTiming": [
      0,
      2,
      4,
      6,
      8,
      10,
      12,
      14,
      16,
      18,
      20,
      22,
      24,
      26,
      28,
      30,
      32,
      34,
      36,
      38,
      40,
      42,
      44,
      46,
      48,
      50,
      52,
      54,
      56,
      58,
      60,
      62,
      64,
      66,
      68,
      70,
      72,
      74,
      76,
      78,
      80,
      82,
      84,
      86,
      88,
      90,
      92,
      94,
      96,
      98,
      100,
      102,
      104,
      106,
      108,
      110,
      112,
      114,
      116,
      118,
      120,
      122,
      124,
      126,
      128,
      130,
      132,
      134,
      136,
      138,
      140,
      142,
      144,
      146,
      148,
      150,
      152,
      154,
      156,
      158,
      160,
      162,
      164,
      166,
      168,
      170,
      172,
      174,
      176,
      178,
      180,
      182,
      184,
      186,
      188,
      190,
      192,
      194,
      196,
      198,
      200,
      202,
      204,
      206,
      208,
      210,
      212,
      214,
      216,
      218,
      220,
      222,
      224,
      226,
      228,
      230,
      232,
      234,
      236,
      238,
      240,
      242,
      244,
      246,
      248,
      250,
      252,
      254,
      256,
      258,
      260,
      262,
      264,
      266,
      268,
      270,
      272,
      274,
      276,
      278,
      280,
      282,
      284,
      286,
      288
    ],
    "dataset": "ds002813",
    "modality": "bold",
    "run_id": 2,
    "subject_id": "238",
    "task_id": "train"
  },
  "dummy_trs": 0,
  "dvars_nstd": 40.36607093291667,
  "dvars_std": 1.3128057810416671,
  "dvars_vstd": 0.9977903721527777,
  "efc": 0.5081526563123135,
  "fber": 3888.505615234375,
  "fd_mean": 0.061564823070829555,
  "fd_num": 1,
  "fd_perc": 0.6896551724137931,
  "fwhm_avg": 1.8165633691435081,
  "fwhm_x": 1.719015,
  "fwhm_y": 1.92829,
  "fwhm_z": 1.802385107430524,
  "gcor": 0.00649092,
  "gsr_x": -0.011597600765526295,
  "gsr_y": 0.014630299992859364,
  "provenance": {
    "md5sum": "3fb5dc9115ea79e5cd678b04c68e01aa",
    "settings": {
      "fd_thres": 0.2,
      "testing": false
    },
    "software": "mriqc",
    "version": "22.0.6",
    "webapi_port": null,
    "webapi_url": "https://mriqc.nimh.nih.gov/api/v1"
  },
  "size_t": 145,
  "size_x": 104,
  "size_y": 104,
  "size_z": 72,
  "snr": 7.445269455863448,
  "spacing_tr": 2.0,
  "spacing_x": 2.0,
  "spacing_y": 2.0,
  "spacing_z": 1.9999998807907104,
  "summary_bg_k": 17.06799738741495,
  "summary_bg_mad": 107.25111668356192,
  "summary_bg_mean": 495.2385559082031,
  "summary_bg_median": 144.7342529296875,
  "summary_bg_n": 538802.0,
  "summary_bg_p05": 53.704796981811526,
  "summary_bg_p95": 2348.305261230468,
  "summary_bg_stdv": 933.6619873046875,
  "summary_fg_k": 5.684640754154868,
  "summary_fg_mad": 940.71038371494,
  "summary_fg_mean": 8992.9873046875,
  "summary_fg_median": 8982.453125,
  "summary_fg_n": 145340.0,
  "summary_fg_p05": 7296.113671875,
  "summary_fg_p95": 10807.832568359374,
  "summary_fg_stdv": 1206.4603271484375,
  "tsnr": 45.724273681640625
}