{
  "aor": 0.0004911034482758621,
  "aqi": 0.021458755862068964,
  "bids_meta": {
    "AcquisitionDuration": [],
    "DelayTime": [],
    "EchoTime": 0.025,
    "FlipAngle": 90,
    "MagneticFieldStrength": 3,
    "Manufacturer": "Siemens",
    "ManufacturerModelName": "MAGNETOM Skyra",
    "MultibandAccelerationFactor": 3,
    "RepetitionTime": 2,
    "SliceTiming": [
      0,
      0.9075,
      1.815,
      0.7425,
      1.65,
      0.5775,
      1.485,
      0.4125,
      1.32,
      0.2475,
      1.155,
      0.0825,
      0.99,
      1.8975,
      0.825,
      1.7325,
      0.66,
      1.5675,
      0.495,
      1.4025,
      0.33,
      1.2375,
      0.165,
      1.0725,
      0,
      0.9075,
      1.815,
      0.7425,
      1.65,
      0.5775,
      1.485,
      0.4125,
      1.32,
      0.2475,
      1.155,
      0.0825,
      0.99,
      1.8975,
      0.825,
      1.7325,
      0.66,
      1.5675,
      0.495,
      1.4025,
      0.33,
      1.2375,
      0.165,
      1.0725,
      0,
      0.9075,
      1.815,
      0.7425,
      1.65,
      0.5775,
      1.485,
      0.4125,
      1.32,
      0.2475,
      1.155,
      0.0825,
      0.99,
      1.8975,
      0.825,
      1.7325,
      0.66,
      1.5675,
      0.495,
      1.4025,
      0.33,
      1.2375,
      0.165,
      1.0725
    ],
    "TaskName": "train",
    "VolumeTiming": [
      0,
      2,
      4,
      6,
      8,
      10,
      12,
      14,
      16,
      18,
      20,
      22,
      24,
      26,
      28,
      30,
      32,
      34,
      36,
      38,
      40,
      42,
      44,
      46,
      48,
      50,
      52,
      54,
      56,
      58,
      60,
      62,
      64,
      66,
      68,
      70,
      72,
      74,
      76,
      78,
      80,
      82,
      84,
      86,
      88,
      90,
      92,
      94,
      96,
      98,
      100,
      102,
      104,
      106,
      108,
      110,
      112,
      114,
      116,
      118,
      120,
      122,
      124,
      126,
      128,
      130,
      132,
      134,
      136,
      138,
      140,
      142,
      144,
      146,
      148,
      150,
      152,
      154,
      156,
      158,
      160,
      162,
      164,
      166,
      168,
      170,
      172,
      174,
      176,
      178,
      180,
      182,
      184,
      186,
      188,
      190,
      192,
      194,
      196,
      198,
      200,
      202,
      204,
      206,
      208,
      210,
      212,
      214,
      216,
      218,
      220,
      222,
      224,
      226,
      228,
      230,
      232,
      234,
      236,
      238,
      240,
      242,
      244,
      246,
      248,
      250,
      252,
      254,
      256,
      258,
      260,
      262,
      264,
      266,
      268,
      270,
      272,
      274,
      276,
      278,
      280,
      282,
      284,
      286,
      288
    ],
    "dataset": "ds002813",
    "modality": "bold",
    "run_id": 6,
    "subject_id": "238",
    "task_id": "train"
  },
  "dummy_trs": 0,
  "dvars_nstd": 40.432065275208345,
  "dvars_std": 1.312018164097223,
  "dvars_vstd": 0.9909701997222222,
  "efc": 0.5080697743498823,
  "fber": 3872.048095703125,
  "fd_mean": 0.05786177325142302,
  "fd_num": 0,
  "fd_perc": 0.0,
  "fwhm_avg": 1.8159117025836329,
  "fwhm_x": 1.72308,
  "fwhm_y": 1.916895,
  "fwhm_z": 1.8077601077508991,
  "gcor": 0.00876596,
  "gsr_x": -0.011042227037250996,
  "gsr_y": 0.012614289298653603,
  "provenance": {
    "md5sum": "3424c0b1d782fec0ce8797c894fe8674",
    "settings": {
      "fd_thres": 0.2,
      "testing": false
    },
    "software": "mriqc",
    "version": "22.0.6",
    "webapi_port": null,
    "webapi_url": "https://mriqc.nimh.nih.gov/api/v1"
  },
  "size_t": 145,
  "size_x": 104,
  "size_y": 104,
  "size_z": 72,
  "snr": 7.507357620341417,
  "spacing_tr": 2.0,
  "spacing_x": 2.0,
  "spacing_y": 2.0,
  "spacing_z": 1.9999998807907104,
  "summary_bg_k": 16.65253548719772,
  "summary_bg_mad": 106.51000786738248,
  "summary_bg_mean": 496.1653137207031,
  "summary_bg_median": 145.37545776367188,
  "summary_bg_n": 539016.0,
  "summary_bg_p05": 54.42329120635986,
  "summary_bg_p95": 2362.2640991210938,
  "summary_bg_stdv": 934.14990234375,
  "summary_fg_k": 6.019481314257401,
  "summary_fg_mad": 932.4330039461934,
  "summary_fg_mean": 9023.4921875,
  "summary_fg_median": 9016.87890625,
  "summary_fg_n": 145252.0,
  "summary_fg_p05": 7337.909765625,
  "summary_fg_p95": 10810.662890624999,
  "summary_fg_stdv": 1201.068115234375,
  "tsnr": 47.24957275390625
}