{
  "aor": 0.0005983458646616541,
  "aqi": 0.02919781654135338,
  "bids_meta": {
    "AcquisitionDuration": [],
    "DelayTime": [],
    "EchoTime": 0.025,
    "FlipAngle": 90,
    "MagneticFieldStrength": 3,
    "Manufacturer": "Siemens",
    "ManufacturerModelName": "MAGNETOM Skyra",
    "MultibandAccelerationFactor": 3,
    "RepetitionTime": 2,
    "SliceTiming": [
      0,
      0.9075,
      1.815,
      0.7425,
      1.65,
      0.5775,
      1.485,
      0.4125,
      1.32,
      0.2475,
      1.155,
      0.0825,
      0.99,
      1.8975,
      0.825,
      1.7325,
      0.66,
      1.5675,
      0.495,
      1.4025,
      0.33,
      1.2375,
      0.165,
      1.0725,
      0,
      0.9075,
      1.815,
      0.7425,
      1.65,
      0.5775,
      1.485,
      0.4125,
      1.32,
      0.2475,
      1.155,
      0.0825,
      0.99,
      1.8975,
      0.825,
      1.7325,
      0.66,
      1.5675,
      0.495,
      1.4025,
      0.33,
      1.2375,
      0.165,
      1.0725,
      0,
      0.9075,
      1.815,
      0.7425,
      1.65,
      0.5775,
      1.485,
      0.4125,
      1.32,
      0.2475,
      1.155,
      0.0825,
      0.99,
      1.8975,
      0.825,
      1.7325,
      0.66,
      1.5675,
      0.495,
      1.4025,
      0.33,
      1.2375,
      0.165,
      1.0725
    ],
    "TaskName": "imtest",
    "VolumeTiming": [
      0,
      2,
      4,
      6,
      8,
      10,
      12,
      14,
      16,
      18,
      20,
      22,
      24,
      26,
      28,
      30,
      32,
      34,
      36,
      38,
      40,
      42,
      44,
      46,
      48,
      50,
      52,
      54,
      56,
      58,
      60,
      62,
      64,
      66,
      68,
      70,
      72,
      74,
      76,
      78,
      80,
      82,
      84,
      86,
      88,
      90,
      92,
      94,
      96,
      98,
      100,
      102,
      104,
      106,
      108,
      110,
      112,
      114,
      116,
      118,
      120,
      122,
      124,
      126,
      128,
      130,
      132,
      134,
      136,
      138,
      140,
      142,
      144,
      146,
      148,
      150,
      152,
      154,
      156,
      158,
      160,
      162,
      164,
      166,
      168,
      170,
      172,
      174,
      176,
      178,
      180,
      182,
      184,
      186,
      188,
      190,
      192,
      194,
      196,
      198,
      200,
      202,
      204,
      206,
      208,
      210,
      212,
      214,
      216,
      218,
      220,
      222,
      224,
      226,
      228,
      230,
      232,
      234,
      236,
      238,
      240,
      242,
      244,
      246,
      248,
      250,
      252,
      254,
      256,
      258,
      260,
      262,
      264
    ],
    "dataset": "ds002813",
    "modality": "bold",
    "run_id": 4,
    "subject_id": "220",
    "task_id": "imtest"
  },
  "dummy_trs": 0,
  "dvars_nstd": 50.532294533636374,
  "dvars_std": 1.236281048409091,
  "dvars_vstd": 0.9809196691666666,
  "efc": 0.5336359229974845,
  "fber": 2541.296630859375,
  "fd_mean": 0.13759880365283322,
  "fd_num": 19,
  "fd_perc": 14.285714285714286,
  "fwhm_avg": 1.9110883333333335,
  "fwhm_x": 1.857125,
  "fwhm_y": 2.018565,
  "fwhm_z": 1.857575,
  "gcor": 0.00447361,
  "gsr_x": -0.011020717211067677,
  "gsr_y": 0.026687586680054665,
  "provenance": {
    "md5sum": "d3e2522fe3ba31006b5b5637fdc17e38",
    "settings": {
      "fd_thres": 0.2,
      "testing": false
    },
    "software": "mriqc",
    "version": "22.0.6",
    "webapi_port": null,
    "webapi_url": "https://mriqc.nimh.nih.gov/api/v1"
  },
  "size_t": 133,
  "size_x": 104,
  "size_y": 104,
  "size_z": 72,
  "snr": 6.76588151086303,
  "spacing_tr": 2.0,
  "spacing_x": 2.0,
  "spacing_y": 2.0,
  "spacing_z": 2.0,
  "summary_bg_k": 15.537236151147106,
  "summary_bg_mad": 107.93456020044063,
  "summary_bg_mean": 499.3762512207031,
  "summary_bg_median": 143.94737243652344,
  "summary_bg_n": 527750.0,
  "summary_bg_p05": 56.8721809387207,
  "summary_bg_p95": 2332.91026611328,
  "summary_bg_stdv": 899.398193359375,
  "summary_fg_k": 3.710830321493048,
  "summary_fg_mad": 986.5548622268606,
  "summary_fg_mean": 7238.66796875,
  "summary_fg_median": 7264.69921875,
  "summary_fg_n": 151940.0,
  "summary_fg_p05": 5654.206323242188,
  "summary_fg_p95": 8783.873583984374,
  "summary_fg_stdv": 1073.721923828125,
  "tsnr": 34.32289653457701
}