{
  "aor": 0.000562406015037594,
  "aqi": 0.02409215639097744,
  "bids_meta": {
    "AcquisitionDuration": [],
    "DelayTime": [],
    "EchoTime": 0.025,
    "FlipAngle": 90,
    "MagneticFieldStrength": 3,
    "Manufacturer": "Siemens",
    "ManufacturerModelName": "MAGNETOM Skyra",
    "MultibandAccelerationFactor": 3,
    "RepetitionTime": 2,
    "SliceTiming": [
      0,
      0.9075,
      1.815,
      0.7425,
      1.65,
      0.5775,
      1.485,
      0.4125,
      1.32,
      0.2475,
      1.155,
      0.0825,
      0.99,
      1.8975,
      0.825,
      1.7325,
      0.66,
      1.5675,
      0.495,
      1.4025,
      0.33,
      1.2375,
      0.165,
      1.0725,
      0,
      0.9075,
      1.815,
      0.7425,
      1.65,
      0.5775,
      1.485,
      0.4125,
      1.32,
      0.2475,
      1.155,
      0.0825,
      0.99,
      1.8975,
      0.825,
      1.7325,
      0.66,
      1.5675,
      0.495,
      1.4025,
      0.33,
      1.2375,
      0.165,
      1.0725,
      0,
      0.9075,
      1.815,
      0.7425,
      1.65,
      0.5775,
      1.485,
      0.4125,
      1.32,
      0.2475,
      1.155,
      0.0825,
      0.99,
      1.8975,
      0.825,
      1.7325,
      0.66,
      1.5675,
      0.495,
      1.4025,
      0.33,
      1.2375,
      0.165,
      1.0725
    ],
    "TaskName": "imtest",
    "VolumeTiming": [
      0,
      2,
      4,
      6,
      8,
      10,
      12,
      14,
      16,
      18,
      20,
      22,
      24,
      26,
      28,
      30,
      32,
      34,
      36,
      38,
      40,
      42,
      44,
      46,
      48,
      50,
      52,
      54,
      56,
      58,
      60,
      62,
      64,
      66,
      68,
      70,
      72,
      74,
      76,
      78,
      80,
      82,
      84,
      86,
      88,
      90,
      92,
      94,
      96,
      98,
      100,
      102,
      104,
      106,
      108,
      110,
      112,
      114,
      116,
      118,
      120,
      122,
      124,
      126,
      128,
      130,
      132,
      134,
      136,
      138,
      140,
      142,
      144,
      146,
      148,
      150,
      152,
      154,
      156,
      158,
      160,
      162,
      164,
      166,
      168,
      170,
      172,
      174,
      176,
      178,
      180,
      182,
      184,
      186,
      188,
      190,
      192,
      194,
      196,
      198,
      200,
      202,
      204,
      206,
      208,
      210,
      212,
      214,
      216,
      218,
      220,
      222,
      224,
      226,
      228,
      230,
      232,
      234,
      236,
      238,
      240,
      242,
      244,
      246,
      248,
      250,
      252,
      254,
      256,
      258,
      260,
      262,
      264
    ],
    "dataset": "ds002813",
    "modality": "bold",
    "run_id": 2,
    "subject_id": "220",
    "task_id": "imtest"
  },
  "dummy_trs": 0,
  "dvars_nstd": 51.712386131060605,
  "dvars_std": 1.2829354948484846,
  "dvars_vstd": 0.995294775378788,
  "efc": 0.5323371398047007,
  "fber": 2508.41845703125,
  "fd_mean": 0.12160951012065813,
  "fd_num": 17,
  "fd_perc": 12.781954887218046,
  "fwhm_avg": 1.8830983333333335,
  "fwhm_x": 1.829165,
  "fwhm_y": 1.979625,
  "fwhm_z": 1.840505,
  "gcor": 0.00326848,
  "gsr_x": -0.010570678859949112,
  "gsr_y": 0.026696501299738884,
  "provenance": {
    "md5sum": "0dc9363c7db35cfceb3afafb9fc64048",
    "settings": {
      "fd_thres": 0.2,
      "testing": false
    },
    "software": "mriqc",
    "version": "22.0.6",
    "webapi_port": null,
    "webapi_url": "https://mriqc.nimh.nih.gov/api/v1"
  },
  "size_t": 133,
  "size_x": 104,
  "size_y": 104,
  "size_z": 72,
  "snr": 6.8224875277073105,
  "spacing_tr": 2.0,
  "spacing_x": 2.0,
  "spacing_y": 2.0,
  "spacing_z": 2.0,
  "summary_bg_k": 15.867246732199792,
  "summary_bg_mad": 108.3637300618407,
  "summary_bg_mean": 493.0460510253906,
  "summary_bg_median": 144.3082733154297,
  "summary_bg_n": 528447.0,
  "summary_bg_p05": 56.47368621826172,
  "summary_bg_p95": 2313.969970703125,
  "summary_bg_stdv": 892.6151123046875,
  "summary_fg_k": 3.7620913083110477,
  "summary_fg_mad": 987.7866237868153,
  "summary_fg_mean": 7248.818359375,
  "summary_fg_median": 7275.1767578125,
  "summary_fg_n": 151492.0,
  "summary_fg_p05": 5695.265625,
  "summary_fg_p95": 8780.719726562496,
  "summary_fg_stdv": 1066.3489990234375,
  "tsnr": 37.43912215856835
}