{
  "aor": 0.0006401503759398496,
  "aqi": 0.023496158646616538,
  "bids_meta": {
    "AcquisitionDuration": [],
    "DelayTime": [],
    "EchoTime": 0.025,
    "FlipAngle": 90,
    "MagneticFieldStrength": 3,
    "Manufacturer": "Siemens",
    "ManufacturerModelName": "MAGNETOM Skyra",
    "MultibandAccelerationFactor": 3,
    "RepetitionTime": 2,
    "SliceTiming": [
      0,
      0.9075,
      1.815,
      0.7425,
      1.65,
      0.5775,
      1.485,
      0.4125,
      1.32,
      0.2475,
      1.155,
      0.0825,
      0.99,
      1.8975,
      0.825,
      1.7325,
      0.66,
      1.5675,
      0.495,
      1.4025,
      0.33,
      1.2375,
      0.165,
      1.0725,
      0,
      0.9075,
      1.815,
      0.7425,
      1.65,
      0.5775,
      1.485,
      0.4125,
      1.32,
      0.2475,
      1.155,
      0.0825,
      0.99,
      1.8975,
      0.825,
      1.7325,
      0.66,
      1.5675,
      0.495,
      1.4025,
      0.33,
      1.2375,
      0.165,
      1.0725,
      0,
      0.9075,
      1.815,
      0.7425,
      1.65,
      0.5775,
      1.485,
      0.4125,
      1.32,
      0.2475,
      1.155,
      0.0825,
      0.99,
      1.8975,
      0.825,
      1.7325,
      0.66,
      1.5675,
      0.495,
      1.4025,
      0.33,
      1.2375,
      0.165,
      1.0725
    ],
    "TaskName": "imtest",
    "VolumeTiming": [
      0,
      2,
      4,
      6,
      8,
      10,
      12,
      14,
      16,
      18,
      20,
      22,
      24,
      26,
      28,
      30,
      32,
      34,
      36,
      38,
      40,
      42,
      44,
      46,
      48,
      50,
      52,
      54,
      56,
      58,
      60,
      62,
      64,
      66,
      68,
      70,
      72,
      74,
      76,
      78,
      80,
      82,
      84,
      86,
      88,
      90,
      92,
      94,
      96,
      98,
      100,
      102,
      104,
      106,
      108,
      110,
      112,
      114,
      116,
      118,
      120,
      122,
      124,
      126,
      128,
      130,
      132,
      134,
      136,
      138,
      140,
      142,
      144,
      146,
      148,
      150,
      152,
      154,
      156,
      158,
      160,
      162,
      164,
      166,
      168,
      170,
      172,
      174,
      176,
      178,
      180,
      182,
      184,
      186,
      188,
      190,
      192,
      194,
      196,
      198,
      200,
      202,
      204,
      206,
      208,
      210,
      212,
      214,
      216,
      218,
      220,
      222,
      224,
      226,
      228,
      230,
      232,
      234,
      236,
      238,
      240,
      242,
      244,
      246,
      248,
      250,
      252,
      254,
      256,
      258,
      260,
      262,
      264
    ],
    "dataset": "ds002813",
    "modality": "bold",
    "run_id": 3,
    "subject_id": "220",
    "task_id": "imtest"
  },
  "dummy_trs": 0,
  "dvars_nstd": 54.78403013386364,
  "dvars_std": 1.3239179713636366,
  "dvars_vstd": 1.0046748280303028,
  "efc": 0.5333595002320334,
  "fber": 2478.96630859375,
  "fd_mean": 0.14760583524375862,
  "fd_num": 30,
  "fd_perc": 22.55639097744361,
  "fwhm_avg": 1.8815483333333332,
  "fwhm_x": 1.8294,
  "fwhm_y": 1.98421,
  "fwhm_z": 1.831035,
  "gcor": 0.00414551,
  "gsr_x": -0.011609549634158611,
  "gsr_y": 0.027218423783779144,
  "provenance": {
    "md5sum": "a560a225096965e330c3e4e3dd82dc33",
    "settings": {
      "fd_thres": 0.2,
      "testing": false
    },
    "software": "mriqc",
    "version": "22.0.6",
    "webapi_port": null,
    "webapi_url": "https://mriqc.nimh.nih.gov/api/v1"
  },
  "size_t": 133,
  "size_x": 104,
  "size_y": 104,
  "size_z": 72,
  "snr": 6.744153119468367,
  "spacing_tr": 2.0,
  "spacing_x": 2.0,
  "spacing_y": 2.0,
  "spacing_z": 2.0,
  "summary_bg_k": 15.910505294313584,
  "summary_bg_mad": 108.86535482215616,
  "summary_bg_mean": 501.2318420410156,
  "summary_bg_median": 144.9323272705078,
  "summary_bg_n": 528565.0,
  "summary_bg_p05": 57.35338592529297,
  "summary_bg_p95": 2369.2286621093745,
  "summary_bg_stdv": 902.8977661132812,
  "summary_fg_k": 3.777245007627541,
  "summary_fg_mad": 995.8743347170616,
  "summary_fg_mean": 7245.935546875,
  "summary_fg_median": 7273.8837890625,
  "summary_fg_n": 151296.0,
  "summary_fg_p05": 5679.9981689453125,
  "summary_fg_p95": 8791.98486328125,
  "summary_fg_stdv": 1078.5430908203125,
  "tsnr": 38.117690729675815
}