{
  "aor": 0.0012183458646616544,
  "aqi": 0.02086405714285714,
  "bids_meta": {
    "AcquisitionDuration": [],
    "DelayTime": [],
    "EchoTime": 0.025,
    "FlipAngle": 90,
    "MagneticFieldStrength": 3,
    "Manufacturer": "Siemens",
    "ManufacturerModelName": "MAGNETOM Skyra",
    "MultibandAccelerationFactor": 3,
    "RepetitionTime": 2,
    "SliceTiming": [
      0,
      0.9075,
      1.815,
      0.7425,
      1.65,
      0.5775,
      1.485,
      0.4125,
      1.32,
      0.2475,
      1.155,
      0.0825,
      0.99,
      1.8975,
      0.825,
      1.7325,
      0.66,
      1.5675,
      0.495,
      1.4025,
      0.33,
      1.2375,
      0.165,
      1.0725,
      0,
      0.9075,
      1.815,
      0.7425,
      1.65,
      0.5775,
      1.485,
      0.4125,
      1.32,
      0.2475,
      1.155,
      0.0825,
      0.99,
      1.8975,
      0.825,
      1.7325,
      0.66,
      1.5675,
      0.495,
      1.4025,
      0.33,
      1.2375,
      0.165,
      1.0725,
      0,
      0.9075,
      1.815,
      0.7425,
      1.65,
      0.5775,
      1.485,
      0.4125,
      1.32,
      0.2475,
      1.155,
      0.0825,
      0.99,
      1.8975,
      0.825,
      1.7325,
      0.66,
      1.5675,
      0.495,
      1.4025,
      0.33,
      1.2375,
      0.165,
      1.0725
    ],
    "TaskName": "imtest",
    "VolumeTiming": [
      0,
      2,
      4,
      6,
      8,
      10,
      12,
      14,
      16,
      18,
      20,
      22,
      24,
      26,
      28,
      30,
      32,
      34,
      36,
      38,
      40,
      42,
      44,
      46,
      48,
      50,
      52,
      54,
      56,
      58,
      60,
      62,
      64,
      66,
      68,
      70,
      72,
      74,
      76,
      78,
      80,
      82,
      84,
      86,
      88,
      90,
      92,
      94,
      96,
      98,
      100,
      102,
      104,
      106,
      108,
      110,
      112,
      114,
      116,
      118,
      120,
      122,
      124,
      126,
      128,
      130,
      132,
      134,
      136,
      138,
      140,
      142,
      144,
      146,
      148,
      150,
      152,
      154,
      156,
      158,
      160,
      162,
      164,
      166,
      168,
      170,
      172,
      174,
      176,
      178,
      180,
      182,
      184,
      186,
      188,
      190,
      192,
      194,
      196,
      198,
      200,
      202,
      204,
      206,
      208,
      210,
      212,
      214,
      216,
      218,
      220,
      222,
      224,
      226,
      228,
      230,
      232,
      234,
      236,
      238,
      240,
      242,
      244,
      246,
      248,
      250,
      252,
      254,
      256,
      258,
      260,
      262,
      264
    ],
    "dataset": "ds002813",
    "modality": "bold",
    "run_id": 1,
    "subject_id": "202",
    "task_id": "imtest"
  },
  "dummy_trs": 0,
  "dvars_nstd": 40.7151750505303,
  "dvars_std": 1.231596718030303,
  "dvars_vstd": 1.006269059318182,
  "efc": 0.5405723111702891,
  "fber": 4450.20654296875,
  "fd_mean": 0.11283093021381017,
  "fd_num": 13,
  "fd_perc": 9.774436090225564,
  "fwhm_avg": 1.840905,
  "fwhm_x": 1.72981,
  "fwhm_y": 1.9942,
  "fwhm_z": 1.798705,
  "gcor": 0.00411643,
  "gsr_x": -0.004954780451953411,
  "gsr_y": 0.028215676546096802,
  "provenance": {
    "md5sum": "28733417110ef1a066276e6b17865e37",
    "settings": {
      "fd_thres": 0.2,
      "testing": false
    },
    "software": "mriqc",
    "version": "22.0.6",
    "webapi_port": null,
    "webapi_url": "https://mriqc.nimh.nih.gov/api/v1"
  },
  "size_t": 133,
  "size_x": 104,
  "size_y": 104,
  "size_z": 72,
  "snr": 7.30257424645537,
  "spacing_tr": 2.0,
  "spacing_x": 2.0,
  "spacing_y": 2.0,
  "spacing_z": 2.0,
  "summary_bg_k": 15.83764517503322,
  "summary_bg_mad": 94.05272528409347,
  "summary_bg_mean": 523.8881225585938,
  "summary_bg_median": 128.46800231933594,
  "summary_bg_n": 507425.0,
  "summary_bg_p05": 53.47919464111328,
  "summary_bg_p95": 2583.5131835937495,
  "summary_bg_stdv": 1037.776611328125,
  "summary_fg_k": 4.472412705860218,
  "summary_fg_mad": 1047.4968354980265,
  "summary_fg_mean": 8650.234375,
  "summary_fg_median": 8640.013671875,
  "summary_fg_n": 170293.0,
  "summary_fg_p05": 6982.962109375,
  "summary_fg_p95": 10407.8548828125,
  "summary_fg_stdv": 1183.142822265625,
  "tsnr": 43.96455383300781
}