{
  "aor": 0.0008221379310344828,
  "aqi": 0.021324519999999996,
  "bids_meta": {
    "AcquisitionDuration": [],
    "DelayTime": [],
    "EchoTime": 0.025,
    "FlipAngle": 90,
    "MagneticFieldStrength": 3,
    "Manufacturer": "Siemens",
    "ManufacturerModelName": "MAGNETOM Skyra",
    "MultibandAccelerationFactor": 3,
    "RepetitionTime": 2,
    "SliceTiming": [
      0,
      0.9075,
      1.815,
      0.7425,
      1.65,
      0.5775,
      1.485,
      0.4125,
      1.32,
      0.2475,
      1.155,
      0.0825,
      0.99,
      1.8975,
      0.825,
      1.7325,
      0.66,
      1.5675,
      0.495,
      1.4025,
      0.33,
      1.2375,
      0.165,
      1.0725,
      0,
      0.9075,
      1.815,
      0.7425,
      1.65,
      0.5775,
      1.485,
      0.4125,
      1.32,
      0.2475,
      1.155,
      0.0825,
      0.99,
      1.8975,
      0.825,
      1.7325,
      0.66,
      1.5675,
      0.495,
      1.4025,
      0.33,
      1.2375,
      0.165,
      1.0725,
      0,
      0.9075,
      1.815,
      0.7425,
      1.65,
      0.5775,
      1.485,
      0.4125,
      1.32,
      0.2475,
      1.155,
      0.0825,
      0.99,
      1.8975,
      0.825,
      1.7325,
      0.66,
      1.5675,
      0.495,
      1.4025,
      0.33,
      1.2375,
      0.165,
      1.0725
    ],
    "TaskName": "train",
    "VolumeTiming": [
      0,
      2,
      4,
      6,
      8,
      10,
      12,
      14,
      16,
      18,
      20,
      22,
      24,
      26,
      28,
      30,
      32,
      34,
      36,
      38,
      40,
      42,
      44,
      46,
      48,
      50,
      52,
      54,
      56,
      58,
      60,
      62,
      64,
      66,
      68,
      70,
      72,
      74,
      76,
      78,
      80,
      82,
      84,
      86,
      88,
      90,
      92,
      94,
      96,
      98,
      100,
      102,
      104,
      106,
      108,
      110,
      112,
      114,
      116,
      118,
      120,
      122,
      124,
      126,
      128,
      130,
      132,
      134,
      136,
      138,
      140,
      142,
      144,
      146,
      148,
      150,
      152,
      154,
      156,
      158,
      160,
      162,
      164,
      166,
      168,
      170,
      172,
      174,
      176,
      178,
      180,
      182,
      184,
      186,
      188,
      190,
      192,
      194,
      196,
      198,
      200,
      202,
      204,
      206,
      208,
      210,
      212,
      214,
      216,
      218,
      220,
      222,
      224,
      226,
      228,
      230,
      232,
      234,
      236,
      238,
      240,
      242,
      244,
      246,
      248,
      250,
      252,
      254,
      256,
      258,
      260,
      262,
      264,
      266,
      268,
      270,
      272,
      274,
      276,
      278,
      280,
      282,
      284,
      286,
      288
    ],
    "dataset": "ds002813",
    "modality": "bold",
    "run_id": 5,
    "subject_id": "222",
    "task_id": "train"
  },
  "dummy_trs": 0,
  "dvars_nstd": 44.82512402527779,
  "dvars_std": 1.2321241391666662,
  "dvars_vstd": 1.013598585,
  "efc": 0.566637791010846,
  "fber": 2736.49365234375,
  "fd_mean": 0.15439775530144054,
  "fd_num": 43,
  "fd_perc": 29.655172413793103,
  "fwhm_avg": 1.9990066666666666,
  "fwhm_x": 1.89034,
  "fwhm_y": 2.166205,
  "fwhm_z": 1.940475,
  "gcor": 0.0078408,
  "gsr_x": -0.005772343836724758,
  "gsr_y": 0.043110139667987823,
  "provenance": {
    "md5sum": "3dfdc09770ffd028d9ce7c15309e1342",
    "settings": {
      "fd_thres": 0.2,
      "testing": false
    },
    "software": "mriqc",
    "version": "22.0.6",
    "webapi_port": null,
    "webapi_url": "https://mriqc.nimh.nih.gov/api/v1"
  },
  "size_t": 145,
  "size_x": 104,
  "size_y": 104,
  "size_z": 72,
  "snr": 6.814627362082924,
  "spacing_tr": 2.0,
  "spacing_x": 2.0,
  "spacing_y": 2.0,
  "spacing_z": 2.0,
  "summary_bg_k": 11.691521502729971,
  "summary_bg_mad": 146.39418724372678,
  "summary_bg_mean": 659.8750610351562,
  "summary_bg_median": 167.51373291015625,
  "summary_bg_n": 497362.0,
  "summary_bg_p05": 57.59962425231934,
  "summary_bg_p95": 3186.9916870117154,
  "summary_bg_stdv": 1139.3258056640625,
  "summary_fg_k": 4.83204002654854,
  "summary_fg_mad": 1097.215408625344,
  "summary_fg_mean": 8899.03515625,
  "summary_fg_median": 8923.619140625,
  "summary_fg_n": 177340.0,
  "summary_fg_p05": 6923.963305664063,
  "summary_fg_p95": 10781.40400390625,
  "summary_fg_stdv": 1309.4764404296875,
  "tsnr": 41.28517150878906
}