{
  "aor": 0.0007335338345864662,
  "aqi": 0.030287984962406016,
  "bids_meta": {
    "AcquisitionDuration": [],
    "DelayTime": [],
    "EchoTime": 0.025,
    "FlipAngle": 90,
    "MagneticFieldStrength": 3,
    "Manufacturer": "Siemens",
    "ManufacturerModelName": "MAGNETOM Skyra",
    "MultibandAccelerationFactor": 3,
    "RepetitionTime": 2,
    "SliceTiming": [
      0,
      0.9075,
      1.815,
      0.7425,
      1.65,
      0.5775,
      1.485,
      0.4125,
      1.32,
      0.2475,
      1.155,
      0.0825,
      0.99,
      1.8975,
      0.825,
      1.7325,
      0.66,
      1.5675,
      0.495,
      1.4025,
      0.33,
      1.2375,
      0.165,
      1.0725,
      0,
      0.9075,
      1.815,
      0.7425,
      1.65,
      0.5775,
      1.485,
      0.4125,
      1.32,
      0.2475,
      1.155,
      0.0825,
      0.99,
      1.8975,
      0.825,
      1.7325,
      0.66,
      1.5675,
      0.495,
      1.4025,
      0.33,
      1.2375,
      0.165,
      1.0725,
      0,
      0.9075,
      1.815,
      0.7425,
      1.65,
      0.5775,
      1.485,
      0.4125,
      1.32,
      0.2475,
      1.155,
      0.0825,
      0.99,
      1.8975,
      0.825,
      1.7325,
      0.66,
      1.5675,
      0.495,
      1.4025,
      0.33,
      1.2375,
      0.165,
      1.0725
    ],
    "TaskName": "imtest",
    "VolumeTiming": [
      0,
      2,
      4,
      6,
      8,
      10,
      12,
      14,
      16,
      18,
      20,
      22,
      24,
      26,
      28,
      30,
      32,
      34,
      36,
      38,
      40,
      42,
      44,
      46,
      48,
      50,
      52,
      54,
      56,
      58,
      60,
      62,
      64,
      66,
      68,
      70,
      72,
      74,
      76,
      78,
      80,
      82,
      84,
      86,
      88,
      90,
      92,
      94,
      96,
      98,
      100,
      102,
      104,
      106,
      108,
      110,
      112,
      114,
      116,
      118,
      120,
      122,
      124,
      126,
      128,
      130,
      132,
      134,
      136,
      138,
      140,
      142,
      144,
      146,
      148,
      150,
      152,
      154,
      156,
      158,
      160,
      162,
      164,
      166,
      168,
      170,
      172,
      174,
      176,
      178,
      180,
      182,
      184,
      186,
      188,
      190,
      192,
      194,
      196,
      198,
      200,
      202,
      204,
      206,
      208,
      210,
      212,
      214,
      216,
      218,
      220,
      222,
      224,
      226,
      228,
      230,
      232,
      234,
      236,
      238,
      240,
      242,
      244,
      246,
      248,
      250,
      252,
      254,
      256,
      258,
      260,
      262,
      264
    ],
    "dataset": "ds002813",
    "modality": "bold",
    "run_id": 1,
    "subject_id": "221",
    "task_id": "imtest"
  },
  "dummy_trs": 0,
  "dvars_nstd": 51.973303563863624,
  "dvars_std": 1.2355858131818183,
  "dvars_vstd": 0.9930312078787875,
  "efc": 0.5462134647382683,
  "fber": 2287.979736328125,
  "fd_mean": 0.11721620567050817,
  "fd_num": 14,
  "fd_perc": 10.526315789473685,
  "fwhm_avg": 1.884525,
  "fwhm_x": 1.81015,
  "fwhm_y": 1.995795,
  "fwhm_z": 1.84763,
  "gcor": 0.00520024,
  "gsr_x": -0.015222004614770412,
  "gsr_y": 0.032548390328884125,
  "provenance": {
    "md5sum": "977558bf50ed97a358c045a55584ff3f",
    "settings": {
      "fd_thres": 0.2,
      "testing": false
    },
    "software": "mriqc",
    "version": "22.0.6",
    "webapi_port": null,
    "webapi_url": "https://mriqc.nimh.nih.gov/api/v1"
  },
  "size_t": 133,
  "size_x": 104,
  "size_y": 104,
  "size_z": 72,
  "snr": 6.887893110917463,
  "spacing_tr": 2.0,
  "spacing_x": 2.0,
  "spacing_y": 2.0,
  "spacing_z": 2.0,
  "summary_bg_k": 10.278479736185824,
  "summary_bg_mad": 130.8145571927214,
  "summary_bg_mean": 528.2390747070312,
  "summary_bg_median": 154.81954956054688,
  "summary_bg_n": 519767.0,
  "summary_bg_p05": 55.1654167175293,
  "summary_bg_p95": 2508.4519531249884,
  "summary_bg_stdv": 882.5596923828125,
  "summary_fg_k": 4.596613261032254,
  "summary_fg_mad": 925.4890974618644,
  "summary_fg_mean": 7465.66650390625,
  "summary_fg_median": 7452.58642578125,
  "summary_fg_n": 161093.0,
  "summary_fg_p05": 5943.08583984375,
  "summary_fg_p95": 9073.0951171875,
  "summary_fg_stdv": 1081.9801025390625,
  "tsnr": 34.50329385115765
}