{
  "aor": 0.0009619548872180451,
  "aqi": 0.014435136090225563,
  "bids_meta": {
    "AcquisitionDuration": [],
    "DelayTime": [],
    "EchoTime": 0.025,
    "FlipAngle": 90,
    "MagneticFieldStrength": 3,
    "Manufacturer": "Siemens",
    "ManufacturerModelName": "MAGNETOM Skyra",
    "MultibandAccelerationFactor": 3,
    "RepetitionTime": 2,
    "SliceTiming": [
      0,
      0.9075,
      1.815,
      0.7425,
      1.65,
      0.5775,
      1.485,
      0.4125,
      1.32,
      0.2475,
      1.155,
      0.0825,
      0.99,
      1.8975,
      0.825,
      1.7325,
      0.66,
      1.5675,
      0.495,
      1.4025,
      0.33,
      1.2375,
      0.165,
      1.0725,
      0,
      0.9075,
      1.815,
      0.7425,
      1.65,
      0.5775,
      1.485,
      0.4125,
      1.32,
      0.2475,
      1.155,
      0.0825,
      0.99,
      1.8975,
      0.825,
      1.7325,
      0.66,
      1.5675,
      0.495,
      1.4025,
      0.33,
      1.2375,
      0.165,
      1.0725,
      0,
      0.9075,
      1.815,
      0.7425,
      1.65,
      0.5775,
      1.485,
      0.4125,
      1.32,
      0.2475,
      1.155,
      0.0825,
      0.99,
      1.8975,
      0.825,
      1.7325,
      0.66,
      1.5675,
      0.495,
      1.4025,
      0.33,
      1.2375,
      0.165,
      1.0725
    ],
    "TaskName": "imtest",
    "VolumeTiming": [
      0,
      2,
      4,
      6,
      8,
      10,
      12,
      14,
      16,
      18,
      20,
      22,
      24,
      26,
      28,
      30,
      32,
      34,
      36,
      38,
      40,
      42,
      44,
      46,
      48,
      50,
      52,
      54,
      56,
      58,
      60,
      62,
      64,
      66,
      68,
      70,
      72,
      74,
      76,
      78,
      80,
      82,
      84,
      86,
      88,
      90,
      92,
      94,
      96,
      98,
      100,
      102,
      104,
      106,
      108,
      110,
      112,
      114,
      116,
      118,
      120,
      122,
      124,
      126,
      128,
      130,
      132,
      134,
      136,
      138,
      140,
      142,
      144,
      146,
      148,
      150,
      152,
      154,
      156,
      158,
      160,
      162,
      164,
      166,
      168,
      170,
      172,
      174,
      176,
      178,
      180,
      182,
      184,
      186,
      188,
      190,
      192,
      194,
      196,
      198,
      200,
      202,
      204,
      206,
      208,
      210,
      212,
      214,
      216,
      218,
      220,
      222,
      224,
      226,
      228,
      230,
      232,
      234,
      236,
      238,
      240,
      242,
      244,
      246,
      248,
      250,
      252,
      254,
      256,
      258,
      260,
      262,
      264
    ],
    "dataset": "ds002813",
    "modality": "bold",
    "run_id": 4,
    "subject_id": "229",
    "task_id": "imtest"
  },
  "dummy_trs": 0,
  "dvars_nstd": 43.91524644356062,
  "dvars_std": 1.3698583506060615,
  "dvars_vstd": 1.0149238557575757,
  "efc": 0.5526458310558744,
  "fber": 3578.4423828125,
  "fd_mean": 0.039222870924641585,
  "fd_num": 0,
  "fd_perc": 0.0,
  "fwhm_avg": 2.108105,
  "fwhm_x": 1.98854,
  "fwhm_y": 2.26451,
  "fwhm_z": 2.071265,
  "gcor": 0.00393303,
  "gsr_x": -0.018536722287535667,
  "gsr_y": 0.04258306324481964,
  "provenance": {
    "md5sum": "e6377680e347f5bd0eb634e7b02c9e33",
    "settings": {
      "fd_thres": 0.2,
      "testing": false
    },
    "software": "mriqc",
    "version": "22.0.6",
    "webapi_port": null,
    "webapi_url": "https://mriqc.nimh.nih.gov/api/v1"
  },
  "size_t": 133,
  "size_x": 104,
  "size_y": 104,
  "size_z": 72,
  "snr": 5.844323805309939,
  "spacing_tr": 2.0,
  "spacing_x": 2.0,
  "spacing_y": 2.0,
  "spacing_z": 2.0,
  "summary_bg_k": 13.523790854097815,
  "summary_bg_mad": 113.74718391133666,
  "summary_bg_mean": 540.0333862304688,
  "summary_bg_median": 145.7810516357422,
  "summary_bg_n": 493030.0,
  "summary_bg_p05": 51.87335910797119,
  "summary_bg_p95": 2775.7956176757807,
  "summary_bg_stdv": 1016.5319213867188,
  "summary_fg_k": 4.218765374574262,
  "summary_fg_mad": 1297.2052724328157,
  "summary_fg_mean": 8855.455078125,
  "summary_fg_median": 8872.8173828125,
  "summary_fg_n": 181221.0,
  "summary_fg_p05": 6714.08544921875,
  "summary_fg_p95": 11073.134765625,
  "summary_fg_stdv": 1518.1898193359375,
  "tsnr": 49.6450080871582
}