{
  "aor": 0.0008402758620689655,
  "aqi": 0.016340167586206895,
  "bids_meta": {
    "AcquisitionDuration": [],
    "DelayTime": [],
    "EchoTime": 0.025,
    "FlipAngle": 90,
    "MagneticFieldStrength": 3,
    "Manufacturer": "Siemens",
    "ManufacturerModelName": "MAGNETOM Skyra",
    "MultibandAccelerationFactor": 3,
    "RepetitionTime": 2,
    "SliceTiming": [
      0,
      0.9075,
      1.815,
      0.7425,
      1.65,
      0.5775,
      1.485,
      0.4125,
      1.32,
      0.2475,
      1.155,
      0.0825,
      0.99,
      1.8975,
      0.825,
      1.7325,
      0.66,
      1.5675,
      0.495,
      1.4025,
      0.33,
      1.2375,
      0.165,
      1.0725,
      0,
      0.9075,
      1.815,
      0.7425,
      1.65,
      0.5775,
      1.485,
      0.4125,
      1.32,
      0.2475,
      1.155,
      0.0825,
      0.99,
      1.8975,
      0.825,
      1.7325,
      0.66,
      1.5675,
      0.495,
      1.4025,
      0.33,
      1.2375,
      0.165,
      1.0725,
      0,
      0.9075,
      1.815,
      0.7425,
      1.65,
      0.5775,
      1.485,
      0.4125,
      1.32,
      0.2475,
      1.155,
      0.0825,
      0.99,
      1.8975,
      0.825,
      1.7325,
      0.66,
      1.5675,
      0.495,
      1.4025,
      0.33,
      1.2375,
      0.165,
      1.0725
    ],
    "TaskName": "train",
    "VolumeTiming": [
      0,
      2,
      4,
      6,
      8,
      10,
      12,
      14,
      16,
      18,
      20,
      22,
      24,
      26,
      28,
      30,
      32,
      34,
      36,
      38,
      40,
      42,
      44,
      46,
      48,
      50,
      52,
      54,
      56,
      58,
      60,
      62,
      64,
      66,
      68,
      70,
      72,
      74,
      76,
      78,
      80,
      82,
      84,
      86,
      88,
      90,
      92,
      94,
      96,
      98,
      100,
      102,
      104,
      106,
      108,
      110,
      112,
      114,
      116,
      118,
      120,
      122,
      124,
      126,
      128,
      130,
      132,
      134,
      136,
      138,
      140,
      142,
      144,
      146,
      148,
      150,
      152,
      154,
      156,
      158,
      160,
      162,
      164,
      166,
      168,
      170,
      172,
      174,
      176,
      178,
      180,
      182,
      184,
      186,
      188,
      190,
      192,
      194,
      196,
      198,
      200,
      202,
      204,
      206,
      208,
      210,
      212,
      214,
      216,
      218,
      220,
      222,
      224,
      226,
      228,
      230,
      232,
      234,
      236,
      238,
      240,
      242,
      244,
      246,
      248,
      250,
      252,
      254,
      256,
      258,
      260,
      262,
      264,
      266,
      268,
      270,
      272,
      274,
      276,
      278,
      280,
      282,
      284,
      286,
      288
    ],
    "dataset": "ds002813",
    "modality": "bold",
    "run_id": 5,
    "subject_id": "224",
    "task_id": "train"
  },
  "dummy_trs": 0,
  "dvars_nstd": 40.611370377986134,
  "dvars_std": 1.2932376143055557,
  "dvars_vstd": 1.015031724513889,
  "efc": 0.5313847722157203,
  "fber": 3239.4208984375,
  "fd_mean": 0.08927199525664542,
  "fd_num": 5,
  "fd_perc": 3.4482758620689653,
  "fwhm_avg": 1.85926,
  "fwhm_x": 1.78381,
  "fwhm_y": 1.94699,
  "fwhm_z": 1.84698,
  "gcor": 0.00968993,
  "gsr_x": -0.009306455962359905,
  "gsr_y": 0.009620632976293564,
  "provenance": {
    "md5sum": "758b82f041cb6b3d3d4ba7cc5a87acfc",
    "settings": {
      "fd_thres": 0.2,
      "testing": false
    },
    "software": "mriqc",
    "version": "22.0.6",
    "webapi_port": null,
    "webapi_url": "https://mriqc.nimh.nih.gov/api/v1"
  },
  "size_t": 145,
  "size_x": 104,
  "size_y": 104,
  "size_z": 72,
  "snr": 7.065128562616387,
  "spacing_tr": 2.0,
  "spacing_x": 2.0,
  "spacing_y": 2.0,
  "spacing_z": 2.0,
  "summary_bg_k": 19.023250929856,
  "summary_bg_mad": 119.4871717416012,
  "summary_bg_mean": 518.3732299804688,
  "summary_bg_median": 156.9348907470703,
  "summary_bg_n": 515227.0,
  "summary_bg_p05": 54.923274993896484,
  "summary_bg_p95": 2414.1258544921834,
  "summary_bg_stdv": 1018.946044921875,
  "summary_fg_k": 3.78089635722902,
  "summary_fg_mad": 1137.2282942802472,
  "summary_fg_mean": 9037.119140625,
  "summary_fg_median": 8985.5048828125,
  "summary_fg_n": 163611.0,
  "summary_fg_p05": 7301.585693359375,
  "summary_fg_p95": 11037.1279296875,
  "summary_fg_stdv": 1271.806640625,
  "tsnr": 49.57468795776367
}