{
  "aor": 0.0006884827586206896,
  "aqi": 0.016927522068965518,
  "bids_meta": {
    "AcquisitionDuration": [],
    "DelayTime": [],
    "EchoTime": 0.025,
    "FlipAngle": 90,
    "MagneticFieldStrength": 3,
    "Manufacturer": "Siemens",
    "ManufacturerModelName": "MAGNETOM Skyra",
    "MultibandAccelerationFactor": 3,
    "RepetitionTime": 2,
    "SliceTiming": [
      0,
      0.9075,
      1.815,
      0.7425,
      1.65,
      0.5775,
      1.485,
      0.4125,
      1.32,
      0.2475,
      1.155,
      0.0825,
      0.99,
      1.8975,
      0.825,
      1.7325,
      0.66,
      1.5675,
      0.495,
      1.4025,
      0.33,
      1.2375,
      0.165,
      1.0725,
      0,
      0.9075,
      1.815,
      0.7425,
      1.65,
      0.5775,
      1.485,
      0.4125,
      1.32,
      0.2475,
      1.155,
      0.0825,
      0.99,
      1.8975,
      0.825,
      1.7325,
      0.66,
      1.5675,
      0.495,
      1.4025,
      0.33,
      1.2375,
      0.165,
      1.0725,
      0,
      0.9075,
      1.815,
      0.7425,
      1.65,
      0.5775,
      1.485,
      0.4125,
      1.32,
      0.2475,
      1.155,
      0.0825,
      0.99,
      1.8975,
      0.825,
      1.7325,
      0.66,
      1.5675,
      0.495,
      1.4025,
      0.33,
      1.2375,
      0.165,
      1.0725
    ],
    "TaskName": "train",
    "VolumeTiming": [
      0,
      2,
      4,
      6,
      8,
      10,
      12,
      14,
      16,
      18,
      20,
      22,
      24,
      26,
      28,
      30,
      32,
      34,
      36,
      38,
      40,
      42,
      44,
      46,
      48,
      50,
      52,
      54,
      56,
      58,
      60,
      62,
      64,
      66,
      68,
      70,
      72,
      74,
      76,
      78,
      80,
      82,
      84,
      86,
      88,
      90,
      92,
      94,
      96,
      98,
      100,
      102,
      104,
      106,
      108,
      110,
      112,
      114,
      116,
      118,
      120,
      122,
      124,
      126,
      128,
      130,
      132,
      134,
      136,
      138,
      140,
      142,
      144,
      146,
      148,
      150,
      152,
      154,
      156,
      158,
      160,
      162,
      164,
      166,
      168,
      170,
      172,
      174,
      176,
      178,
      180,
      182,
      184,
      186,
      188,
      190,
      192,
      194,
      196,
      198,
      200,
      202,
      204,
      206,
      208,
      210,
      212,
      214,
      216,
      218,
      220,
      222,
      224,
      226,
      228,
      230,
      232,
      234,
      236,
      238,
      240,
      242,
      244,
      246,
      248,
      250,
      252,
      254,
      256,
      258,
      260,
      262,
      264,
      266,
      268,
      270,
      272,
      274,
      276,
      278,
      280,
      282,
      284,
      286,
      288
    ],
    "dataset": "ds002813",
    "modality": "bold",
    "run_id": 6,
    "subject_id": "224",
    "task_id": "train"
  },
  "dummy_trs": 0,
  "dvars_nstd": 41.2564910247917,
  "dvars_std": 1.2991161831944436,
  "dvars_vstd": 1.0098152854861115,
  "efc": 0.5312049770924934,
  "fber": 3234.323486328125,
  "fd_mean": 0.07604016593159917,
  "fd_num": 7,
  "fd_perc": 4.827586206896552,
  "fwhm_avg": 1.8647166666666666,
  "fwhm_x": 1.788755,
  "fwhm_y": 1.95144,
  "fwhm_z": 1.853955,
  "gcor": 0.00576621,
  "gsr_x": -0.009777189232409,
  "gsr_y": 0.009847641922533512,
  "provenance": {
    "md5sum": "4a33d7882b3abaa66bdfe3fdb5c15094",
    "settings": {
      "fd_thres": 0.2,
      "testing": false
    },
    "software": "mriqc",
    "version": "22.0.6",
    "webapi_port": null,
    "webapi_url": "https://mriqc.nimh.nih.gov/api/v1"
  },
  "size_t": 145,
  "size_x": 104,
  "size_y": 104,
  "size_z": 72,
  "snr": 7.05863890023293,
  "spacing_tr": 2.0,
  "spacing_x": 2.0,
  "spacing_y": 2.0,
  "spacing_z": 2.0,
  "summary_bg_k": 19.06638841345398,
  "summary_bg_mad": 119.95476062792768,
  "summary_bg_mean": 517.1834106445312,
  "summary_bg_median": 157.1859588623047,
  "summary_bg_n": 515428.0,
  "summary_bg_p05": 54.86423110961914,
  "summary_bg_p95": 2403.1447021484364,
  "summary_bg_stdv": 1015.9725952148438,
  "summary_fg_k": 3.7008168490603888,
  "summary_fg_mad": 1141.7159169133117,
  "summary_fg_mean": 9041.609375,
  "summary_fg_median": 8992.0380859375,
  "summary_fg_n": 163618.0,
  "summary_fg_p05": 7300.996850585938,
  "summary_fg_p95": 11048.499853515625,
  "summary_fg_stdv": 1273.9014892578125,
  "tsnr": 48.5041389465332
}