{
  "aor": 0.0012006206896551725,
  "aqi": 0.01882165724137931,
  "bids_meta": {
    "AcquisitionDuration": [],
    "DelayTime": [],
    "EchoTime": 0.025,
    "FlipAngle": 90,
    "MagneticFieldStrength": 3,
    "Manufacturer": "Siemens",
    "ManufacturerModelName": "MAGNETOM Skyra",
    "MultibandAccelerationFactor": 3,
    "RepetitionTime": 2,
    "SliceTiming": [
      0,
      0.9075,
      1.815,
      0.7425,
      1.65,
      0.5775,
      1.485,
      0.4125,
      1.32,
      0.2475,
      1.155,
      0.0825,
      0.99,
      1.8975,
      0.825,
      1.7325,
      0.66,
      1.5675,
      0.495,
      1.4025,
      0.33,
      1.2375,
      0.165,
      1.0725,
      0,
      0.9075,
      1.815,
      0.7425,
      1.65,
      0.5775,
      1.485,
      0.4125,
      1.32,
      0.2475,
      1.155,
      0.0825,
      0.99,
      1.8975,
      0.825,
      1.7325,
      0.66,
      1.5675,
      0.495,
      1.4025,
      0.33,
      1.2375,
      0.165,
      1.0725,
      0,
      0.9075,
      1.815,
      0.7425,
      1.65,
      0.5775,
      1.485,
      0.4125,
      1.32,
      0.2475,
      1.155,
      0.0825,
      0.99,
      1.8975,
      0.825,
      1.7325,
      0.66,
      1.5675,
      0.495,
      1.4025,
      0.33,
      1.2375,
      0.165,
      1.0725
    ],
    "TaskName": "train",
    "VolumeTiming": [
      0,
      2,
      4,
      6,
      8,
      10,
      12,
      14,
      16,
      18,
      20,
      22,
      24,
      26,
      28,
      30,
      32,
      34,
      36,
      38,
      40,
      42,
      44,
      46,
      48,
      50,
      52,
      54,
      56,
      58,
      60,
      62,
      64,
      66,
      68,
      70,
      72,
      74,
      76,
      78,
      80,
      82,
      84,
      86,
      88,
      90,
      92,
      94,
      96,
      98,
      100,
      102,
      104,
      106,
      108,
      110,
      112,
      114,
      116,
      118,
      120,
      122,
      124,
      126,
      128,
      130,
      132,
      134,
      136,
      138,
      140,
      142,
      144,
      146,
      148,
      150,
      152,
      154,
      156,
      158,
      160,
      162,
      164,
      166,
      168,
      170,
      172,
      174,
      176,
      178,
      180,
      182,
      184,
      186,
      188,
      190,
      192,
      194,
      196,
      198,
      200,
      202,
      204,
      206,
      208,
      210,
      212,
      214,
      216,
      218,
      220,
      222,
      224,
      226,
      228,
      230,
      232,
      234,
      236,
      238,
      240,
      242,
      244,
      246,
      248,
      250,
      252,
      254,
      256,
      258,
      260,
      262,
      264,
      266,
      268,
      270,
      272,
      274,
      276,
      278,
      280,
      282,
      284,
      286,
      288
    ],
    "dataset": "ds002813",
    "modality": "bold",
    "run_id": 2,
    "subject_id": "224",
    "task_id": "train"
  },
  "dummy_trs": 0,
  "dvars_nstd": 41.44295586527778,
  "dvars_std": 1.2836615954861113,
  "dvars_vstd": 1.0086780030555558,
  "efc": 0.5300158330311147,
  "fber": 3300.321533203125,
  "fd_mean": 0.07862194506647119,
  "fd_num": 6,
  "fd_perc": 4.137931034482759,
  "fwhm_avg": 1.85313,
  "fwhm_x": 1.783835,
  "fwhm_y": 1.936325,
  "fwhm_z": 1.83923,
  "gcor": 0.0130948,
  "gsr_x": -0.01011822372674942,
  "gsr_y": 0.012494441121816635,
  "provenance": {
    "md5sum": "fa1ec75036f0fd2a675f48f5d3ce24e3",
    "settings": {
      "fd_thres": 0.2,
      "testing": false
    },
    "software": "mriqc",
    "version": "22.0.6",
    "webapi_port": null,
    "webapi_url": "https://mriqc.nimh.nih.gov/api/v1"
  },
  "size_t": 145,
  "size_x": 104,
  "size_y": 104,
  "size_z": 72,
  "snr": 7.123430644424798,
  "spacing_tr": 2.0,
  "spacing_x": 2.0,
  "spacing_y": 2.0,
  "spacing_z": 2.0,
  "summary_bg_k": 18.904779685128496,
  "summary_bg_mad": 119.6587197857743,
  "summary_bg_mean": 510.8223571777344,
  "summary_bg_median": 155.64918518066406,
  "summary_bg_n": 515913.0,
  "summary_bg_p05": 53.15059204101563,
  "summary_bg_p95": 2375.732568359372,
  "summary_bg_stdv": 1006.51513671875,
  "summary_fg_k": 3.442147694560206,
  "summary_fg_mad": 1138.4517306812602,
  "summary_fg_mean": 9026.8662109375,
  "summary_fg_median": 8973.7978515625,
  "summary_fg_n": 163745.0,
  "summary_fg_p05": 7295.6552734375,
  "summary_fg_p95": 11024.662109375,
  "summary_fg_stdv": 1259.7540283203125,
  "tsnr": 45.46143341064453
}