{
  "aor": 0.0009142857142857143,
  "aqi": 0.019889204511278194,
  "bids_meta": {
    "AcquisitionDuration": [],
    "DelayTime": [],
    "EchoTime": 0.025,
    "FlipAngle": 90,
    "MagneticFieldStrength": 3,
    "Manufacturer": "Siemens",
    "ManufacturerModelName": "MAGNETOM Skyra",
    "MultibandAccelerationFactor": 3,
    "RepetitionTime": 2,
    "SliceTiming": [
      0,
      0.9075,
      1.815,
      0.7425,
      1.65,
      0.5775,
      1.485,
      0.4125,
      1.32,
      0.2475,
      1.155,
      0.0825,
      0.99,
      1.8975,
      0.825,
      1.7325,
      0.66,
      1.5675,
      0.495,
      1.4025,
      0.33,
      1.2375,
      0.165,
      1.0725,
      0,
      0.9075,
      1.815,
      0.7425,
      1.65,
      0.5775,
      1.485,
      0.4125,
      1.32,
      0.2475,
      1.155,
      0.0825,
      0.99,
      1.8975,
      0.825,
      1.7325,
      0.66,
      1.5675,
      0.495,
      1.4025,
      0.33,
      1.2375,
      0.165,
      1.0725,
      0,
      0.9075,
      1.815,
      0.7425,
      1.65,
      0.5775,
      1.485,
      0.4125,
      1.32,
      0.2475,
      1.155,
      0.0825,
      0.99,
      1.8975,
      0.825,
      1.7325,
      0.66,
      1.5675,
      0.495,
      1.4025,
      0.33,
      1.2375,
      0.165,
      1.0725
    ],
    "TaskName": "imtest",
    "VolumeTiming": [
      0,
      2,
      4,
      6,
      8,
      10,
      12,
      14,
      16,
      18,
      20,
      22,
      24,
      26,
      28,
      30,
      32,
      34,
      36,
      38,
      40,
      42,
      44,
      46,
      48,
      50,
      52,
      54,
      56,
      58,
      60,
      62,
      64,
      66,
      68,
      70,
      72,
      74,
      76,
      78,
      80,
      82,
      84,
      86,
      88,
      90,
      92,
      94,
      96,
      98,
      100,
      102,
      104,
      106,
      108,
      110,
      112,
      114,
      116,
      118,
      120,
      122,
      124,
      126,
      128,
      130,
      132,
      134,
      136,
      138,
      140,
      142,
      144,
      146,
      148,
      150,
      152,
      154,
      156,
      158,
      160,
      162,
      164,
      166,
      168,
      170,
      172,
      174,
      176,
      178,
      180,
      182,
      184,
      186,
      188,
      190,
      192,
      194,
      196,
      198,
      200,
      202,
      204,
      206,
      208,
      210,
      212,
      214,
      216,
      218,
      220,
      222,
      224,
      226,
      228,
      230,
      232,
      234,
      236,
      238,
      240,
      242,
      244,
      246,
      248,
      250,
      252,
      254,
      256,
      258,
      260,
      262,
      264
    ],
    "dataset": "ds002813",
    "modality": "bold",
    "run_id": 3,
    "subject_id": "224",
    "task_id": "imtest"
  },
  "dummy_trs": 0,
  "dvars_nstd": 41.827521266287874,
  "dvars_std": 1.2630288874242424,
  "dvars_vstd": 1.007862156287879,
  "efc": 0.5313864037504138,
  "fber": 3276.75537109375,
  "fd_mean": 0.13631369263204188,
  "fd_num": 25,
  "fd_perc": 18.796992481203006,
  "fwhm_avg": 1.8777083333333333,
  "fwhm_x": 1.8075,
  "fwhm_y": 1.95832,
  "fwhm_z": 1.867305,
  "gcor": 0.0131007,
  "gsr_x": -0.009364718571305275,
  "gsr_y": 0.010196601040661335,
  "provenance": {
    "md5sum": "c8bed66d6afbaa37637dfbb8110419c2",
    "settings": {
      "fd_thres": 0.2,
      "testing": false
    },
    "software": "mriqc",
    "version": "22.0.6",
    "webapi_port": null,
    "webapi_url": "https://mriqc.nimh.nih.gov/api/v1"
  },
  "size_t": 133,
  "size_x": 104,
  "size_y": 104,
  "size_z": 72,
  "snr": 7.094769979339334,
  "spacing_tr": 2.0,
  "spacing_x": 2.0,
  "spacing_y": 2.0,
  "spacing_z": 2.0,
  "summary_bg_k": 19.431580053986487,
  "summary_bg_mad": 118.97604544118911,
  "summary_bg_mean": 517.6747436523438,
  "summary_bg_median": 156.22557067871094,
  "summary_bg_n": 515115.0,
  "summary_bg_p05": 54.917293548583984,
  "summary_bg_p95": 2388.5993896484365,
  "summary_bg_stdv": 1018.5613403320312,
  "summary_fg_k": 3.700182105532285,
  "summary_fg_mad": 1131.1024251528086,
  "summary_fg_mean": 9029.93359375,
  "summary_fg_median": 8981.50390625,
  "summary_fg_n": 163731.0,
  "summary_fg_p05": 7304.733154296875,
  "summary_fg_p95": 11013.40673828125,
  "summary_fg_stdv": 1265.92919921875,
  "tsnr": 44.08322486560792
}