{
  "aor": 0.0007647586206896551,
  "aqi": 0.02070416,
  "bids_meta": {
    "AcquisitionDuration": [],
    "DelayTime": [],
    "EchoTime": 0.025,
    "FlipAngle": 90,
    "MagneticFieldStrength": 3,
    "Manufacturer": "Siemens",
    "ManufacturerModelName": "MAGNETOM Skyra",
    "MultibandAccelerationFactor": 3,
    "RepetitionTime": 2,
    "SliceTiming": [
      0,
      0.9075,
      1.815,
      0.7425,
      1.65,
      0.5775,
      1.485,
      0.4125,
      1.32,
      0.2475,
      1.155,
      0.0825,
      0.99,
      1.8975,
      0.825,
      1.7325,
      0.66,
      1.5675,
      0.495,
      1.4025,
      0.33,
      1.2375,
      0.165,
      1.0725,
      0,
      0.9075,
      1.815,
      0.7425,
      1.65,
      0.5775,
      1.485,
      0.4125,
      1.32,
      0.2475,
      1.155,
      0.0825,
      0.99,
      1.8975,
      0.825,
      1.7325,
      0.66,
      1.5675,
      0.495,
      1.4025,
      0.33,
      1.2375,
      0.165,
      1.0725,
      0,
      0.9075,
      1.815,
      0.7425,
      1.65,
      0.5775,
      1.485,
      0.4125,
      1.32,
      0.2475,
      1.155,
      0.0825,
      0.99,
      1.8975,
      0.825,
      1.7325,
      0.66,
      1.5675,
      0.495,
      1.4025,
      0.33,
      1.2375,
      0.165,
      1.0725
    ],
    "TaskName": "train",
    "VolumeTiming": [
      0,
      2,
      4,
      6,
      8,
      10,
      12,
      14,
      16,
      18,
      20,
      22,
      24,
      26,
      28,
      30,
      32,
      34,
      36,
      38,
      40,
      42,
      44,
      46,
      48,
      50,
      52,
      54,
      56,
      58,
      60,
      62,
      64,
      66,
      68,
      70,
      72,
      74,
      76,
      78,
      80,
      82,
      84,
      86,
      88,
      90,
      92,
      94,
      96,
      98,
      100,
      102,
      104,
      106,
      108,
      110,
      112,
      114,
      116,
      118,
      120,
      122,
      124,
      126,
      128,
      130,
      132,
      134,
      136,
      138,
      140,
      142,
      144,
      146,
      148,
      150,
      152,
      154,
      156,
      158,
      160,
      162,
      164,
      166,
      168,
      170,
      172,
      174,
      176,
      178,
      180,
      182,
      184,
      186,
      188,
      190,
      192,
      194,
      196,
      198,
      200,
      202,
      204,
      206,
      208,
      210,
      212,
      214,
      216,
      218,
      220,
      222,
      224,
      226,
      228,
      230,
      232,
      234,
      236,
      238,
      240,
      242,
      244,
      246,
      248,
      250,
      252,
      254,
      256,
      258,
      260,
      262,
      264,
      266,
      268,
      270,
      272,
      274,
      276,
      278,
      280,
      282,
      284,
      286,
      288
    ],
    "dataset": "ds002813",
    "modality": "bold",
    "run_id": 5,
    "subject_id": "237",
    "task_id": "train"
  },
  "dummy_trs": 0,
  "dvars_nstd": 45.3818124402778,
  "dvars_std": 1.3306179990277776,
  "dvars_vstd": 1.1779523691666662,
  "efc": 0.5043349874945573,
  "fber": 3595.600341796875,
  "fd_mean": 0.13725943643362937,
  "fd_num": 18,
  "fd_perc": 12.413793103448276,
  "fwhm_avg": 1.8906583333333333,
  "fwhm_x": 1.768575,
  "fwhm_y": 2.061785,
  "fwhm_z": 1.841615,
  "gcor": 0.0105793,
  "gsr_x": -0.015284154564142227,
  "gsr_y": 0.023018429055809975,
  "provenance": {
    "md5sum": "ee53bbbb0d25dcf415d76d15ac46beed",
    "settings": {
      "fd_thres": 0.2,
      "testing": false
    },
    "software": "mriqc",
    "version": "22.0.6",
    "webapi_port": null,
    "webapi_url": "https://mriqc.nimh.nih.gov/api/v1"
  },
  "size_t": 145,
  "size_x": 104,
  "size_y": 104,
  "size_z": 72,
  "snr": 7.121379501076788,
  "spacing_tr": 2.0,
  "spacing_x": 2.0,
  "spacing_y": 2.0,
  "spacing_z": 2.0,
  "summary_bg_k": 14.7520813008441,
  "summary_bg_mad": 88.23017020152501,
  "summary_bg_mean": 458.8243408203125,
  "summary_bg_median": 129.917236328125,
  "summary_bg_n": 545677.0,
  "summary_bg_p05": 52.13793182373047,
  "summary_bg_p95": 2363.4095703124976,
  "summary_bg_stdv": 878.8742065429688,
  "summary_fg_k": 5.309284013426424,
  "summary_fg_mad": 872.1027488755338,
  "summary_fg_mean": 7788.1611328125,
  "summary_fg_median": 7782.6865234375,
  "summary_fg_n": 138994.0,
  "summary_fg_p05": 6198.949267578125,
  "summary_fg_p95": 9381.984619140625,
  "summary_fg_stdv": 1092.8582763671875,
  "tsnr": 44.839865915011615
}