{
  "aor": 0.0006935862068965517,
  "aqi": 0.02383330620689655,
  "bids_meta": {
    "AcquisitionDuration": [],
    "DelayTime": [],
    "EchoTime": 0.025,
    "FlipAngle": 90,
    "MagneticFieldStrength": 3,
    "Manufacturer": "Siemens",
    "ManufacturerModelName": "MAGNETOM Skyra",
    "MultibandAccelerationFactor": 3,
    "RepetitionTime": 2,
    "SliceTiming": [
      0,
      0.9075,
      1.815,
      0.7425,
      1.65,
      0.5775,
      1.485,
      0.4125,
      1.32,
      0.2475,
      1.155,
      0.0825,
      0.99,
      1.8975,
      0.825,
      1.7325,
      0.66,
      1.5675,
      0.495,
      1.4025,
      0.33,
      1.2375,
      0.165,
      1.0725,
      0,
      0.9075,
      1.815,
      0.7425,
      1.65,
      0.5775,
      1.485,
      0.4125,
      1.32,
      0.2475,
      1.155,
      0.0825,
      0.99,
      1.8975,
      0.825,
      1.7325,
      0.66,
      1.5675,
      0.495,
      1.4025,
      0.33,
      1.2375,
      0.165,
      1.0725,
      0,
      0.9075,
      1.815,
      0.7425,
      1.65,
      0.5775,
      1.485,
      0.4125,
      1.32,
      0.2475,
      1.155,
      0.0825,
      0.99,
      1.8975,
      0.825,
      1.7325,
      0.66,
      1.5675,
      0.495,
      1.4025,
      0.33,
      1.2375,
      0.165,
      1.0725
    ],
    "TaskName": "train",
    "VolumeTiming": [
      0,
      2,
      4,
      6,
      8,
      10,
      12,
      14,
      16,
      18,
      20,
      22,
      24,
      26,
      28,
      30,
      32,
      34,
      36,
      38,
      40,
      42,
      44,
      46,
      48,
      50,
      52,
      54,
      56,
      58,
      60,
      62,
      64,
      66,
      68,
      70,
      72,
      74,
      76,
      78,
      80,
      82,
      84,
      86,
      88,
      90,
      92,
      94,
      96,
      98,
      100,
      102,
      104,
      106,
      108,
      110,
      112,
      114,
      116,
      118,
      120,
      122,
      124,
      126,
      128,
      130,
      132,
      134,
      136,
      138,
      140,
      142,
      144,
      146,
      148,
      150,
      152,
      154,
      156,
      158,
      160,
      162,
      164,
      166,
      168,
      170,
      172,
      174,
      176,
      178,
      180,
      182,
      184,
      186,
      188,
      190,
      192,
      194,
      196,
      198,
      200,
      202,
      204,
      206,
      208,
      210,
      212,
      214,
      216,
      218,
      220,
      222,
      224,
      226,
      228,
      230,
      232,
      234,
      236,
      238,
      240,
      242,
      244,
      246,
      248,
      250,
      252,
      254,
      256,
      258,
      260,
      262,
      264,
      266,
      268,
      270,
      272,
      274,
      276,
      278,
      280,
      282,
      284,
      286,
      288
    ],
    "dataset": "ds002813",
    "modality": "bold",
    "run_id": 4,
    "subject_id": "204",
    "task_id": "train"
  },
  "dummy_trs": 0,
  "dvars_nstd": 46.780416276875,
  "dvars_std": 1.190566638611111,
  "dvars_vstd": 1.0114012169444448,
  "efc": 0.5274354385481962,
  "fber": 2455.198486328125,
  "fd_mean": 0.06073866644176654,
  "fd_num": 1,
  "fd_perc": 0.6896551724137931,
  "fwhm_avg": 1.8535733333333333,
  "fwhm_x": 1.754665,
  "fwhm_y": 2.00339,
  "fwhm_z": 1.802665,
  "gcor": 0.00372668,
  "gsr_x": -0.015811847522854805,
  "gsr_y": 0.04692555218935013,
  "provenance": {
    "md5sum": "17f0f58b9487f4692e6d75a9a87f4324",
    "settings": {
      "fd_thres": 0.2,
      "testing": false
    },
    "software": "mriqc",
    "version": "22.0.6",
    "webapi_port": null,
    "webapi_url": "https://mriqc.nimh.nih.gov/api/v1"
  },
  "size_t": 145,
  "size_x": 104,
  "size_y": 104,
  "size_z": 72,
  "snr": 6.894222681399538,
  "spacing_tr": 2.0,
  "spacing_x": 2.0,
  "spacing_y": 2.0,
  "spacing_z": 2.0,
  "summary_bg_k": 13.797494345439343,
  "summary_bg_mad": 114.51823954585635,
  "summary_bg_mean": 536.5354614257812,
  "summary_bg_median": 145.50344848632812,
  "summary_bg_n": 543461.0,
  "summary_bg_p05": 55.30344772338867,
  "summary_bg_p95": 2665.627685546875,
  "summary_bg_stdv": 962.6285400390625,
  "summary_fg_k": 4.1085441584376605,
  "summary_fg_mad": 964.6625899173744,
  "summary_fg_mean": 7237.27978515625,
  "summary_fg_median": 7270.26220703125,
  "summary_fg_n": 140752.0,
  "summary_fg_p05": 5709.146166992187,
  "summary_fg_p95": 8753.642431640623,
  "summary_fg_stdv": 1054.5404052734375,
  "tsnr": 38.81106429640204
}