{
  "aor": 0.000671655172413793,
  "aqi": 0.024442605517241377,
  "bids_meta": {
    "AcquisitionDuration": [],
    "DelayTime": [],
    "EchoTime": 0.025,
    "FlipAngle": 90,
    "MagneticFieldStrength": 3,
    "Manufacturer": "Siemens",
    "ManufacturerModelName": "MAGNETOM Skyra",
    "MultibandAccelerationFactor": 3,
    "RepetitionTime": 2,
    "SliceTiming": [
      0,
      0.9075,
      1.815,
      0.7425,
      1.65,
      0.5775,
      1.485,
      0.4125,
      1.32,
      0.2475,
      1.155,
      0.0825,
      0.99,
      1.8975,
      0.825,
      1.7325,
      0.66,
      1.5675,
      0.495,
      1.4025,
      0.33,
      1.2375,
      0.165,
      1.0725,
      0,
      0.9075,
      1.815,
      0.7425,
      1.65,
      0.5775,
      1.485,
      0.4125,
      1.32,
      0.2475,
      1.155,
      0.0825,
      0.99,
      1.8975,
      0.825,
      1.7325,
      0.66,
      1.5675,
      0.495,
      1.4025,
      0.33,
      1.2375,
      0.165,
      1.0725,
      0,
      0.9075,
      1.815,
      0.7425,
      1.65,
      0.5775,
      1.485,
      0.4125,
      1.32,
      0.2475,
      1.155,
      0.0825,
      0.99,
      1.8975,
      0.825,
      1.7325,
      0.66,
      1.5675,
      0.495,
      1.4025,
      0.33,
      1.2375,
      0.165,
      1.0725
    ],
    "TaskName": "train",
    "VolumeTiming": [
      0,
      2,
      4,
      6,
      8,
      10,
      12,
      14,
      16,
      18,
      20,
      22,
      24,
      26,
      28,
      30,
      32,
      34,
      36,
      38,
      40,
      42,
      44,
      46,
      48,
      50,
      52,
      54,
      56,
      58,
      60,
      62,
      64,
      66,
      68,
      70,
      72,
      74,
      76,
      78,
      80,
      82,
      84,
      86,
      88,
      90,
      92,
      94,
      96,
      98,
      100,
      102,
      104,
      106,
      108,
      110,
      112,
      114,
      116,
      118,
      120,
      122,
      124,
      126,
      128,
      130,
      132,
      134,
      136,
      138,
      140,
      142,
      144,
      146,
      148,
      150,
      152,
      154,
      156,
      158,
      160,
      162,
      164,
      166,
      168,
      170,
      172,
      174,
      176,
      178,
      180,
      182,
      184,
      186,
      188,
      190,
      192,
      194,
      196,
      198,
      200,
      202,
      204,
      206,
      208,
      210,
      212,
      214,
      216,
      218,
      220,
      222,
      224,
      226,
      228,
      230,
      232,
      234,
      236,
      238,
      240,
      242,
      244,
      246,
      248,
      250,
      252,
      254,
      256,
      258,
      260,
      262,
      264,
      266,
      268,
      270,
      272,
      274,
      276,
      278,
      280,
      282,
      284,
      286,
      288
    ],
    "dataset": "ds002813",
    "modality": "bold",
    "run_id": 1,
    "subject_id": "204",
    "task_id": "train"
  },
  "dummy_trs": 0,
  "dvars_nstd": 49.677644835555554,
  "dvars_std": 1.2318816607638896,
  "dvars_vstd": 1.0108178709722224,
  "efc": 0.5255369439904384,
  "fber": 2525.052978515625,
  "fd_mean": 0.049525112643532924,
  "fd_num": 0,
  "fd_perc": 0.0,
  "fwhm_avg": 1.8535383333333335,
  "fwhm_x": 1.75341,
  "fwhm_y": 2.003775,
  "fwhm_z": 1.80343,
  "gcor": 0.00402967,
  "gsr_x": -0.015254358761012554,
  "gsr_y": 0.046199534088373184,
  "provenance": {
    "md5sum": "018d95914435707fa1e9d6da01311f2f",
    "settings": {
      "fd_thres": 0.2,
      "testing": false
    },
    "software": "mriqc",
    "version": "22.0.6",
    "webapi_port": null,
    "webapi_url": "https://mriqc.nimh.nih.gov/api/v1"
  },
  "size_t": 145,
  "size_x": 104,
  "size_y": 104,
  "size_z": 72,
  "snr": 6.875012360518918,
  "spacing_tr": 2.0,
  "spacing_x": 2.0,
  "spacing_y": 2.0,
  "spacing_z": 2.0,
  "summary_bg_k": 13.939017383368903,
  "summary_bg_mad": 111.33831161401869,
  "summary_bg_mean": 525.0728759765625,
  "summary_bg_median": 142.92413330078125,
  "summary_bg_n": 543924.0,
  "summary_bg_p05": 54.84827423095703,
  "summary_bg_p95": 2631.6407714843726,
  "summary_bg_stdv": 949.4448852539062,
  "summary_fg_k": 4.080601308103677,
  "summary_fg_mad": 960.4142251130286,
  "summary_fg_mean": 7207.00341796875,
  "summary_fg_median": 7238.689453125,
  "summary_fg_n": 140846.0,
  "summary_fg_p05": 5672.81884765625,
  "summary_fg_p95": 8720.042724609375,
  "summary_fg_stdv": 1052.8946533203125,
  "tsnr": 38.97399670165032
}