{
  "aor": 0.00070793893129771,
  "aqi": 0.021987252671755726,
  "bids_meta": {
    "AcquisitionDuration": [],
    "DelayTime": [],
    "EchoTime": 0.025,
    "FlipAngle": 90,
    "MagneticFieldStrength": 3,
    "Manufacturer": "Siemens",
    "ManufacturerModelName": "MAGNETOM Skyra",
    "MultibandAccelerationFactor": 3,
    "RepetitionTime": 2,
    "SliceTiming": [
      0,
      0.9075,
      1.815,
      0.7425,
      1.65,
      0.5775,
      1.485,
      0.4125,
      1.32,
      0.2475,
      1.155,
      0.0825,
      0.99,
      1.8975,
      0.825,
      1.7325,
      0.66,
      1.5675,
      0.495,
      1.4025,
      0.33,
      1.2375,
      0.165,
      1.0725,
      0,
      0.9075,
      1.815,
      0.7425,
      1.65,
      0.5775,
      1.485,
      0.4125,
      1.32,
      0.2475,
      1.155,
      0.0825,
      0.99,
      1.8975,
      0.825,
      1.7325,
      0.66,
      1.5675,
      0.495,
      1.4025,
      0.33,
      1.2375,
      0.165,
      1.0725,
      0,
      0.9075,
      1.815,
      0.7425,
      1.65,
      0.5775,
      1.485,
      0.4125,
      1.32,
      0.2475,
      1.155,
      0.0825,
      0.99,
      1.8975,
      0.825,
      1.7325,
      0.66,
      1.5675,
      0.495,
      1.4025,
      0.33,
      1.2375,
      0.165,
      1.0725
    ],
    "TaskName": "imtest",
    "VolumeTiming": [
      0,
      2,
      4,
      6,
      8,
      10,
      12,
      14,
      16,
      18,
      20,
      22,
      24,
      26,
      28,
      30,
      32,
      34,
      36,
      38,
      40,
      42,
      44,
      46,
      48,
      50,
      52,
      54,
      56,
      58,
      60,
      62,
      64,
      66,
      68,
      70,
      72,
      74,
      76,
      78,
      80,
      82,
      84,
      86,
      88,
      90,
      92,
      94,
      96,
      98,
      100,
      102,
      104,
      106,
      108,
      110,
      112,
      114,
      116,
      118,
      120,
      122,
      124,
      126,
      128,
      130,
      132,
      134,
      136,
      138,
      140,
      142,
      144,
      146,
      148,
      150,
      152,
      154,
      156,
      158,
      160,
      162,
      164,
      166,
      168,
      170,
      172,
      174,
      176,
      178,
      180,
      182,
      184,
      186,
      188,
      190,
      192,
      194,
      196,
      198,
      200,
      202,
      204,
      206,
      208,
      210,
      212,
      214,
      216,
      218,
      220,
      222,
      224,
      226,
      228,
      230,
      232,
      234,
      236,
      238,
      240,
      242,
      244,
      246,
      248,
      250,
      252,
      254,
      256,
      258,
      260,
      262,
      264
    ],
    "dataset": "ds002813",
    "modality": "bold",
    "run_id": 4,
    "subject_id": "211",
    "task_id": "imtest"
  },
  "dummy_trs": 2,
  "dvars_nstd": 50.06079039915386,
  "dvars_std": 1.3508990419230773,
  "dvars_vstd": 1.0112378947692306,
  "efc": 0.5496088515889719,
  "fber": 3216.6484375,
  "fd_mean": 0.05905411729398291,
  "fd_num": 0,
  "fd_perc": 0.0,
  "fwhm_avg": 1.79165,
  "fwhm_x": 1.68014,
  "fwhm_y": 1.925785,
  "fwhm_z": 1.769025,
  "gcor": 0.00619474,
  "gsr_x": -0.021944962441921234,
  "gsr_y": 0.0335230678319931,
  "provenance": {
    "md5sum": "aa36963a0c50b59024d0038b4dcc0c0b",
    "settings": {
      "fd_thres": 0.2,
      "testing": false
    },
    "software": "mriqc",
    "version": "22.0.6",
    "webapi_port": null,
    "webapi_url": "https://mriqc.nimh.nih.gov/api/v1"
  },
  "size_t": 131,
  "size_x": 104,
  "size_y": 104,
  "size_z": 72,
  "snr": 7.353915996394231,
  "spacing_tr": 2.0,
  "spacing_x": 2.0,
  "spacing_y": 2.0,
  "spacing_z": 2.0,
  "summary_bg_k": 19.6051800427258,
  "summary_bg_mad": 88.09033920310303,
  "summary_bg_mean": 400.2542724609375,
  "summary_bg_median": 133.85877990722656,
  "summary_bg_n": 493060.0,
  "summary_bg_p05": 53.893131256103516,
  "summary_bg_p95": 1776.091552734375,
  "summary_bg_stdv": 742.9724731445312,
  "summary_fg_k": 3.620670433173708,
  "summary_fg_mad": 1011.4742347202732,
  "summary_fg_mean": 7669.84130859375,
  "summary_fg_median": 7692.6640625,
  "summary_fg_n": 184227.0,
  "summary_fg_p05": 6201.916845703125,
  "summary_fg_p95": 9240.362597656249,
  "summary_fg_stdv": 1046.060791015625,
  "tsnr": 45.0214777670335
}