{
  "aor": 0.0010947586206896552,
  "aqi": 0.027485184827586204,
  "bids_meta": {
    "AcquisitionDuration": [],
    "DelayTime": [],
    "EchoTime": 0.025,
    "FlipAngle": 90,
    "MagneticFieldStrength": 3,
    "Manufacturer": "Siemens",
    "ManufacturerModelName": "MAGNETOM Skyra",
    "MultibandAccelerationFactor": 3,
    "RepetitionTime": 2,
    "SliceTiming": [
      0,
      0.9075,
      1.815,
      0.7425,
      1.65,
      0.5775,
      1.485,
      0.4125,
      1.32,
      0.2475,
      1.155,
      0.0825,
      0.99,
      1.8975,
      0.825,
      1.7325,
      0.66,
      1.5675,
      0.495,
      1.4025,
      0.33,
      1.2375,
      0.165,
      1.0725,
      0,
      0.9075,
      1.815,
      0.7425,
      1.65,
      0.5775,
      1.485,
      0.4125,
      1.32,
      0.2475,
      1.155,
      0.0825,
      0.99,
      1.8975,
      0.825,
      1.7325,
      0.66,
      1.5675,
      0.495,
      1.4025,
      0.33,
      1.2375,
      0.165,
      1.0725,
      0,
      0.9075,
      1.815,
      0.7425,
      1.65,
      0.5775,
      1.485,
      0.4125,
      1.32,
      0.2475,
      1.155,
      0.0825,
      0.99,
      1.8975,
      0.825,
      1.7325,
      0.66,
      1.5675,
      0.495,
      1.4025,
      0.33,
      1.2375,
      0.165,
      1.0725
    ],
    "TaskName": "train",
    "VolumeTiming": [
      0,
      2,
      4,
      6,
      8,
      10,
      12,
      14,
      16,
      18,
      20,
      22,
      24,
      26,
      28,
      30,
      32,
      34,
      36,
      38,
      40,
      42,
      44,
      46,
      48,
      50,
      52,
      54,
      56,
      58,
      60,
      62,
      64,
      66,
      68,
      70,
      72,
      74,
      76,
      78,
      80,
      82,
      84,
      86,
      88,
      90,
      92,
      94,
      96,
      98,
      100,
      102,
      104,
      106,
      108,
      110,
      112,
      114,
      116,
      118,
      120,
      122,
      124,
      126,
      128,
      130,
      132,
      134,
      136,
      138,
      140,
      142,
      144,
      146,
      148,
      150,
      152,
      154,
      156,
      158,
      160,
      162,
      164,
      166,
      168,
      170,
      172,
      174,
      176,
      178,
      180,
      182,
      184,
      186,
      188,
      190,
      192,
      194,
      196,
      198,
      200,
      202,
      204,
      206,
      208,
      210,
      212,
      214,
      216,
      218,
      220,
      222,
      224,
      226,
      228,
      230,
      232,
      234,
      236,
      238,
      240,
      242,
      244,
      246,
      248,
      250,
      252,
      254,
      256,
      258,
      260,
      262,
      264,
      266,
      268,
      270,
      272,
      274,
      276,
      278,
      280,
      282,
      284,
      286,
      288
    ],
    "dataset": "ds002813",
    "modality": "bold",
    "run_id": 5,
    "subject_id": "211",
    "task_id": "train"
  },
  "dummy_trs": 0,
  "dvars_nstd": 51.23345221416664,
  "dvars_std": 1.3304595486111106,
  "dvars_vstd": 1.0080255681944448,
  "efc": 0.5485199653345105,
  "fber": 3291.780517578125,
  "fd_mean": 0.08898072059424367,
  "fd_num": 6,
  "fd_perc": 4.137931034482759,
  "fwhm_avg": 1.8102483333333332,
  "fwhm_x": 1.70379,
  "fwhm_y": 1.94019,
  "fwhm_z": 1.786765,
  "gcor": 0.0116685,
  "gsr_x": -0.021898658946156502,
  "gsr_y": 0.0329219214618206,
  "provenance": {
    "md5sum": "dda1dacc7b3f6d3e36697f17425adbce",
    "settings": {
      "fd_thres": 0.2,
      "testing": false
    },
    "software": "mriqc",
    "version": "22.0.6",
    "webapi_port": null,
    "webapi_url": "https://mriqc.nimh.nih.gov/api/v1"
  },
  "size_t": 145,
  "size_x": 104,
  "size_y": 104,
  "size_z": 72,
  "snr": 7.2835418058208266,
  "spacing_tr": 2.0,
  "spacing_x": 2.0,
  "spacing_y": 2.0,
  "spacing_z": 2.0,
  "summary_bg_k": 19.895364779494283,
  "summary_bg_mad": 86.97250563344973,
  "summary_bg_mean": 398.2475891113281,
  "summary_bg_median": 132.95172119140625,
  "summary_bg_n": 493692.0,
  "summary_bg_p05": 53.57241439819336,
  "summary_bg_p95": 1757.3872314453101,
  "summary_bg_stdv": 741.8403930664062,
  "summary_fg_k": 3.569028062088824,
  "summary_fg_mad": 1021.4311248146707,
  "summary_fg_mean": 7694.66796875,
  "summary_fg_median": 7711.0654296875,
  "summary_fg_n": 183822.0,
  "summary_fg_p05": 6218.855322265625,
  "summary_fg_p95": 9290.769335937499,
  "summary_fg_stdv": 1058.6943359375,
  "tsnr": 39.10918972291984
}