{
  "aor": 0.001956758620689655,
  "aqi": 0.025287101379310346,
  "bids_meta": {
    "AcquisitionDuration": [],
    "DelayTime": [],
    "EchoTime": 0.025,
    "FlipAngle": 90,
    "MagneticFieldStrength": 3,
    "Manufacturer": "Siemens",
    "ManufacturerModelName": "MAGNETOM Skyra",
    "MultibandAccelerationFactor": 3,
    "RepetitionTime": 2,
    "SliceTiming": [
      0,
      0.9075,
      1.815,
      0.7425,
      1.65,
      0.5775,
      1.485,
      0.4125,
      1.32,
      0.2475,
      1.155,
      0.0825,
      0.99,
      1.8975,
      0.825,
      1.7325,
      0.66,
      1.5675,
      0.495,
      1.4025,
      0.33,
      1.2375,
      0.165,
      1.0725,
      0,
      0.9075,
      1.815,
      0.7425,
      1.65,
      0.5775,
      1.485,
      0.4125,
      1.32,
      0.2475,
      1.155,
      0.0825,
      0.99,
      1.8975,
      0.825,
      1.7325,
      0.66,
      1.5675,
      0.495,
      1.4025,
      0.33,
      1.2375,
      0.165,
      1.0725,
      0,
      0.9075,
      1.815,
      0.7425,
      1.65,
      0.5775,
      1.485,
      0.4125,
      1.32,
      0.2475,
      1.155,
      0.0825,
      0.99,
      1.8975,
      0.825,
      1.7325,
      0.66,
      1.5675,
      0.495,
      1.4025,
      0.33,
      1.2375,
      0.165,
      1.0725
    ],
    "TaskName": "train",
    "VolumeTiming": [
      0,
      2,
      4,
      6,
      8,
      10,
      12,
      14,
      16,
      18,
      20,
      22,
      24,
      26,
      28,
      30,
      32,
      34,
      36,
      38,
      40,
      42,
      44,
      46,
      48,
      50,
      52,
      54,
      56,
      58,
      60,
      62,
      64,
      66,
      68,
      70,
      72,
      74,
      76,
      78,
      80,
      82,
      84,
      86,
      88,
      90,
      92,
      94,
      96,
      98,
      100,
      102,
      104,
      106,
      108,
      110,
      112,
      114,
      116,
      118,
      120,
      122,
      124,
      126,
      128,
      130,
      132,
      134,
      136,
      138,
      140,
      142,
      144,
      146,
      148,
      150,
      152,
      154,
      156,
      158,
      160,
      162,
      164,
      166,
      168,
      170,
      172,
      174,
      176,
      178,
      180,
      182,
      184,
      186,
      188,
      190,
      192,
      194,
      196,
      198,
      200,
      202,
      204,
      206,
      208,
      210,
      212,
      214,
      216,
      218,
      220,
      222,
      224,
      226,
      228,
      230,
      232,
      234,
      236,
      238,
      240,
      242,
      244,
      246,
      248,
      250,
      252,
      254,
      256,
      258,
      260,
      262,
      264,
      266,
      268,
      270,
      272,
      274,
      276,
      278,
      280,
      282,
      284,
      286,
      288
    ],
    "dataset": "ds002813",
    "modality": "bold",
    "run_id": 8,
    "subject_id": "213",
    "task_id": "train"
  },
  "dummy_trs": 0,
  "dvars_nstd": 48.04359422770831,
  "dvars_std": 1.3077785133333333,
  "dvars_vstd": 1.0257213210416667,
  "efc": 0.5173698891983046,
  "fber": 3624.025146484375,
  "fd_mean": 0.18628299641255516,
  "fd_num": 46,
  "fd_perc": 31.724137931034484,
  "fwhm_avg": 1.9631450000000001,
  "fwhm_x": 1.883335,
  "fwhm_y": 2.11103,
  "fwhm_z": 1.89507,
  "gcor": 0.0246543,
  "gsr_x": -0.010227672755718231,
  "gsr_y": 0.034645453095436096,
  "provenance": {
    "md5sum": "76915814cc679aed09495c06672dbbec",
    "settings": {
      "fd_thres": 0.2,
      "testing": false
    },
    "software": "mriqc",
    "version": "22.0.6",
    "webapi_port": null,
    "webapi_url": "https://mriqc.nimh.nih.gov/api/v1"
  },
  "size_t": 145,
  "size_x": 104,
  "size_y": 104,
  "size_z": 72,
  "snr": 6.73541869549902,
  "spacing_tr": 2.0,
  "spacing_x": 2.0,
  "spacing_y": 2.0,
  "spacing_z": 2.0,
  "summary_bg_k": 16.410745510098234,
  "summary_bg_mad": 108.04439913509333,
  "summary_bg_mean": 487.2972412109375,
  "summary_bg_median": 138.54876708984375,
  "summary_bg_n": 532760.0,
  "summary_bg_p05": 53.48005886077881,
  "summary_bg_p95": 2282.6675048828097,
  "summary_bg_stdv": 888.44091796875,
  "summary_fg_k": 4.43008061352835,
  "summary_fg_mad": 1060.7617093997783,
  "summary_fg_mean": 8409.5400390625,
  "summary_fg_median": 8419.6650390625,
  "summary_fg_n": 148970.0,
  "summary_fg_p05": 6624.478955078125,
  "summary_fg_p95": 10255.488867187498,
  "summary_fg_stdv": 1250.053955078125,
  "tsnr": 37.66943359375
}