{
  "aor": 0.001153402777777778,
  "aqi": 0.021629779166666665,
  "bids_meta": {
    "AcquisitionDuration": [],
    "DelayTime": [],
    "EchoTime": 0.025,
    "FlipAngle": 90,
    "MagneticFieldStrength": 3,
    "Manufacturer": "Siemens",
    "ManufacturerModelName": "MAGNETOM Skyra",
    "MultibandAccelerationFactor": 3,
    "RepetitionTime": 2,
    "SliceTiming": [
      0,
      0.9075,
      1.815,
      0.7425,
      1.65,
      0.5775,
      1.485,
      0.4125,
      1.32,
      0.2475,
      1.155,
      0.0825,
      0.99,
      1.8975,
      0.825,
      1.7325,
      0.66,
      1.5675,
      0.495,
      1.4025,
      0.33,
      1.2375,
      0.165,
      1.0725,
      0,
      0.9075,
      1.815,
      0.7425,
      1.65,
      0.5775,
      1.485,
      0.4125,
      1.32,
      0.2475,
      1.155,
      0.0825,
      0.99,
      1.8975,
      0.825,
      1.7325,
      0.66,
      1.5675,
      0.495,
      1.4025,
      0.33,
      1.2375,
      0.165,
      1.0725,
      0,
      0.9075,
      1.815,
      0.7425,
      1.65,
      0.5775,
      1.485,
      0.4125,
      1.32,
      0.2475,
      1.155,
      0.0825,
      0.99,
      1.8975,
      0.825,
      1.7325,
      0.66,
      1.5675,
      0.495,
      1.4025,
      0.33,
      1.2375,
      0.165,
      1.0725
    ],
    "TaskName": "train",
    "VolumeTiming": [
      0,
      2,
      4,
      6,
      8,
      10,
      12,
      14,
      16,
      18,
      20,
      22,
      24,
      26,
      28,
      30,
      32,
      34,
      36,
      38,
      40,
      42,
      44,
      46,
      48,
      50,
      52,
      54,
      56,
      58,
      60,
      62,
      64,
      66,
      68,
      70,
      72,
      74,
      76,
      78,
      80,
      82,
      84,
      86,
      88,
      90,
      92,
      94,
      96,
      98,
      100,
      102,
      104,
      106,
      108,
      110,
      112,
      114,
      116,
      118,
      120,
      122,
      124,
      126,
      128,
      130,
      132,
      134,
      136,
      138,
      140,
      142,
      144,
      146,
      148,
      150,
      152,
      154,
      156,
      158,
      160,
      162,
      164,
      166,
      168,
      170,
      172,
      174,
      176,
      178,
      180,
      182,
      184,
      186,
      188,
      190,
      192,
      194,
      196,
      198,
      200,
      202,
      204,
      206,
      208,
      210,
      212,
      214,
      216,
      218,
      220,
      222,
      224,
      226,
      228,
      230,
      232,
      234,
      236,
      238,
      240,
      242,
      244,
      246,
      248,
      250,
      252,
      254,
      256,
      258,
      260,
      262,
      264,
      266,
      268,
      270,
      272,
      274,
      276,
      278,
      280,
      282,
      284,
      286,
      288
    ],
    "dataset": "ds002813",
    "modality": "bold",
    "run_id": 2,
    "subject_id": "213",
    "task_id": "train"
  },
  "dummy_trs": 1,
  "dvars_nstd": 43.91490346727275,
  "dvars_std": 1.268564188251748,
  "dvars_vstd": 0.9963454972027974,
  "efc": 0.5167358748163993,
  "fber": 3699.668212890625,
  "fd_mean": 0.06744371757236607,
  "fd_num": 5,
  "fd_perc": 3.4722222222222223,
  "fwhm_avg": 1.9382566666666667,
  "fwhm_x": 1.85721,
  "fwhm_y": 2.088025,
  "fwhm_z": 1.869535,
  "gcor": 0.00319736,
  "gsr_x": -0.010729412548244,
  "gsr_y": 0.03550809621810913,
  "provenance": {
    "md5sum": "db40078285d5a5551d56534d8025344d",
    "settings": {
      "fd_thres": 0.2,
      "testing": false
    },
    "software": "mriqc",
    "version": "22.0.6",
    "webapi_port": null,
    "webapi_url": "https://mriqc.nimh.nih.gov/api/v1"
  },
  "size_t": 144,
  "size_x": 104,
  "size_y": 104,
  "size_z": 72,
  "snr": 6.822669545550415,
  "spacing_tr": 2.0,
  "spacing_x": 2.0,
  "spacing_y": 2.0,
  "spacing_z": 2.0,
  "summary_bg_k": 16.541548818017468,
  "summary_bg_mad": 108.22630838251465,
  "summary_bg_mean": 490.18206787109375,
  "summary_bg_median": 137.7096405029297,
  "summary_bg_n": 533153.0,
  "summary_bg_p05": 52.45699844360352,
  "summary_bg_p95": 2308.9508789062493,
  "summary_bg_stdv": 901.2576293945312,
  "summary_fg_k": 4.12676076798266,
  "summary_fg_mad": 1066.8430570250498,
  "summary_fg_mean": 8433.443359375,
  "summary_fg_median": 8434.0380859375,
  "summary_fg_n": 148531.0,
  "summary_fg_p05": 6665.320068359375,
  "summary_fg_p95": 10286.6650390625,
  "summary_fg_stdv": 1236.1744384765625,
  "tsnr": 41.35057830810547
}