{
  "aor": 0.0011535862068965518,
  "aqi": 0.020518101379310347,
  "bids_meta": {
    "AcquisitionDuration": [],
    "DelayTime": [],
    "EchoTime": 0.025,
    "FlipAngle": 90,
    "MagneticFieldStrength": 3,
    "Manufacturer": "Siemens",
    "ManufacturerModelName": "MAGNETOM Skyra",
    "MultibandAccelerationFactor": 3,
    "RepetitionTime": 2,
    "SliceTiming": [
      0,
      0.9075,
      1.815,
      0.7425,
      1.65,
      0.5775,
      1.485,
      0.4125,
      1.32,
      0.2475,
      1.155,
      0.0825,
      0.99,
      1.8975,
      0.825,
      1.7325,
      0.66,
      1.5675,
      0.495,
      1.4025,
      0.33,
      1.2375,
      0.165,
      1.0725,
      0,
      0.9075,
      1.815,
      0.7425,
      1.65,
      0.5775,
      1.485,
      0.4125,
      1.32,
      0.2475,
      1.155,
      0.0825,
      0.99,
      1.8975,
      0.825,
      1.7325,
      0.66,
      1.5675,
      0.495,
      1.4025,
      0.33,
      1.2375,
      0.165,
      1.0725,
      0,
      0.9075,
      1.815,
      0.7425,
      1.65,
      0.5775,
      1.485,
      0.4125,
      1.32,
      0.2475,
      1.155,
      0.0825,
      0.99,
      1.8975,
      0.825,
      1.7325,
      0.66,
      1.5675,
      0.495,
      1.4025,
      0.33,
      1.2375,
      0.165,
      1.0725
    ],
    "TaskName": "train",
    "VolumeTiming": [
      0,
      2,
      4,
      6,
      8,
      10,
      12,
      14,
      16,
      18,
      20,
      22,
      24,
      26,
      28,
      30,
      32,
      34,
      36,
      38,
      40,
      42,
      44,
      46,
      48,
      50,
      52,
      54,
      56,
      58,
      60,
      62,
      64,
      66,
      68,
      70,
      72,
      74,
      76,
      78,
      80,
      82,
      84,
      86,
      88,
      90,
      92,
      94,
      96,
      98,
      100,
      102,
      104,
      106,
      108,
      110,
      112,
      114,
      116,
      118,
      120,
      122,
      124,
      126,
      128,
      130,
      132,
      134,
      136,
      138,
      140,
      142,
      144,
      146,
      148,
      150,
      152,
      154,
      156,
      158,
      160,
      162,
      164,
      166,
      168,
      170,
      172,
      174,
      176,
      178,
      180,
      182,
      184,
      186,
      188,
      190,
      192,
      194,
      196,
      198,
      200,
      202,
      204,
      206,
      208,
      210,
      212,
      214,
      216,
      218,
      220,
      222,
      224,
      226,
      228,
      230,
      232,
      234,
      236,
      238,
      240,
      242,
      244,
      246,
      248,
      250,
      252,
      254,
      256,
      258,
      260,
      262,
      264,
      266,
      268,
      270,
      272,
      274,
      276,
      278,
      280,
      282,
      284,
      286,
      288
    ],
    "dataset": "ds002813",
    "modality": "bold",
    "run_id": 5,
    "subject_id": "213",
    "task_id": "train"
  },
  "dummy_trs": 0,
  "dvars_nstd": 44.76959361,
  "dvars_std": 1.293221876041667,
  "dvars_vstd": 1.0169894400694444,
  "efc": 0.5168976006928953,
  "fber": 3667.6591796875,
  "fd_mean": 0.08972945123853952,
  "fd_num": 11,
  "fd_perc": 7.586206896551724,
  "fwhm_avg": 1.935265,
  "fwhm_x": 1.86054,
  "fwhm_y": 2.078135,
  "fwhm_z": 1.86712,
  "gcor": 0.0139735,
  "gsr_x": -0.010096387006342411,
  "gsr_y": 0.03555751219391823,
  "provenance": {
    "md5sum": "84704d3094f4f7c0687ce6cb7935a50f",
    "settings": {
      "fd_thres": 0.2,
      "testing": false
    },
    "software": "mriqc",
    "version": "22.0.6",
    "webapi_port": null,
    "webapi_url": "https://mriqc.nimh.nih.gov/api/v1"
  },
  "size_t": 145,
  "size_x": 104,
  "size_y": 104,
  "size_z": 72,
  "snr": 6.843051133206514,
  "spacing_tr": 2.0,
  "spacing_x": 2.0,
  "spacing_y": 2.0,
  "spacing_z": 2.0,
  "summary_bg_k": 16.192507230239013,
  "summary_bg_mad": 108.00998998631484,
  "summary_bg_mean": 484.8486328125,
  "summary_bg_median": 137.834716796875,
  "summary_bg_n": 532899.0,
  "summary_bg_p05": 52.991355895996094,
  "summary_bg_p95": 2277.9475585937494,
  "summary_bg_stdv": 884.8027954101562,
  "summary_fg_k": 4.23913879678725,
  "summary_fg_mad": 1063.2549135211323,
  "summary_fg_mean": 8407.3271484375,
  "summary_fg_median": 8419.890625,
  "summary_fg_n": 148946.0,
  "summary_fg_p05": 6633.009521484375,
  "summary_fg_p95": 10225.4453125,
  "summary_fg_stdv": 1230.4251708984375,
  "tsnr": 42.173892974853516
}