{
  "aor": 0.0010064137931034482,
  "aqi": 0.028772830344827582,
  "bids_meta": {
    "AcquisitionDuration": [],
    "DelayTime": [],
    "EchoTime": 0.025,
    "FlipAngle": 90,
    "MagneticFieldStrength": 3,
    "Manufacturer": "Siemens",
    "ManufacturerModelName": "MAGNETOM Skyra",
    "MultibandAccelerationFactor": 3,
    "RepetitionTime": 2,
    "SliceTiming": [
      0,
      0.9075,
      1.815,
      0.7425,
      1.65,
      0.5775,
      1.485,
      0.4125,
      1.32,
      0.2475,
      1.155,
      0.0825,
      0.99,
      1.8975,
      0.825,
      1.7325,
      0.66,
      1.5675,
      0.495,
      1.4025,
      0.33,
      1.2375,
      0.165,
      1.0725,
      0,
      0.9075,
      1.815,
      0.7425,
      1.65,
      0.5775,
      1.485,
      0.4125,
      1.32,
      0.2475,
      1.155,
      0.0825,
      0.99,
      1.8975,
      0.825,
      1.7325,
      0.66,
      1.5675,
      0.495,
      1.4025,
      0.33,
      1.2375,
      0.165,
      1.0725,
      0,
      0.9075,
      1.815,
      0.7425,
      1.65,
      0.5775,
      1.485,
      0.4125,
      1.32,
      0.2475,
      1.155,
      0.0825,
      0.99,
      1.8975,
      0.825,
      1.7325,
      0.66,
      1.5675,
      0.495,
      1.4025,
      0.33,
      1.2375,
      0.165,
      1.0725
    ],
    "TaskName": "train",
    "VolumeTiming": [
      0,
      2,
      4,
      6,
      8,
      10,
      12,
      14,
      16,
      18,
      20,
      22,
      24,
      26,
      28,
      30,
      32,
      34,
      36,
      38,
      40,
      42,
      44,
      46,
      48,
      50,
      52,
      54,
      56,
      58,
      60,
      62,
      64,
      66,
      68,
      70,
      72,
      74,
      76,
      78,
      80,
      82,
      84,
      86,
      88,
      90,
      92,
      94,
      96,
      98,
      100,
      102,
      104,
      106,
      108,
      110,
      112,
      114,
      116,
      118,
      120,
      122,
      124,
      126,
      128,
      130,
      132,
      134,
      136,
      138,
      140,
      142,
      144,
      146,
      148,
      150,
      152,
      154,
      156,
      158,
      160,
      162,
      164,
      166,
      168,
      170,
      172,
      174,
      176,
      178,
      180,
      182,
      184,
      186,
      188,
      190,
      192,
      194,
      196,
      198,
      200,
      202,
      204,
      206,
      208,
      210,
      212,
      214,
      216,
      218,
      220,
      222,
      224,
      226,
      228,
      230,
      232,
      234,
      236,
      238,
      240,
      242,
      244,
      246,
      248,
      250,
      252,
      254,
      256,
      258,
      260,
      262,
      264,
      266,
      268,
      270,
      272,
      274,
      276,
      278,
      280,
      282,
      284,
      286,
      288
    ],
    "dataset": "ds002813",
    "modality": "bold",
    "run_id": 4,
    "subject_id": "213",
    "task_id": "train"
  },
  "dummy_trs": 0,
  "dvars_nstd": 45.43049105020836,
  "dvars_std": 1.248746399097222,
  "dvars_vstd": 0.9935675747222223,
  "efc": 0.5174662721103249,
  "fber": 3655.85986328125,
  "fd_mean": 0.1501266552568917,
  "fd_num": 33,
  "fd_perc": 22.75862068965517,
  "fwhm_avg": 1.9479483333333334,
  "fwhm_x": 1.857345,
  "fwhm_y": 2.099135,
  "fwhm_z": 1.887365,
  "gcor": 0.0209818,
  "gsr_x": -0.010551737621426582,
  "gsr_y": 0.03483349457383156,
  "provenance": {
    "md5sum": "14e59b54bbbf2bfaebdcb2a3a1a65d16",
    "settings": {
      "fd_thres": 0.2,
      "testing": false
    },
    "software": "mriqc",
    "version": "22.0.6",
    "webapi_port": null,
    "webapi_url": "https://mriqc.nimh.nih.gov/api/v1"
  },
  "size_t": 145,
  "size_x": 104,
  "size_y": 104,
  "size_z": 72,
  "snr": 6.864788790137565,
  "spacing_tr": 2.0,
  "spacing_x": 2.0,
  "spacing_y": 2.0,
  "spacing_z": 2.0,
  "summary_bg_k": 16.039540037571513,
  "summary_bg_mad": 109.1023730021379,
  "summary_bg_mean": 488.8756408691406,
  "summary_bg_median": 138.2456817626953,
  "summary_bg_n": 532973.0,
  "summary_bg_p05": 52.31608123779297,
  "summary_bg_p95": 2282.939599609365,
  "summary_bg_stdv": 886.8284912109375,
  "summary_fg_k": 4.16923194006947,
  "summary_fg_mad": 1056.2816879987909,
  "summary_fg_mean": 8397.99609375,
  "summary_fg_median": 8406.0224609375,
  "summary_fg_n": 148767.0,
  "summary_fg_p05": 6630.899658203125,
  "summary_fg_p95": 10216.72275390625,
  "summary_fg_stdv": 1224.5087890625,
  "tsnr": 35.70050048828125
}