{
  "aor": 0.0009769655172413793,
  "aqi": 0.022550467586206897,
  "bids_meta": {
    "AcquisitionDuration": [],
    "DelayTime": [],
    "EchoTime": 0.025,
    "FlipAngle": 90,
    "MagneticFieldStrength": 3,
    "Manufacturer": "Siemens",
    "ManufacturerModelName": "MAGNETOM Skyra",
    "MultibandAccelerationFactor": 3,
    "RepetitionTime": 2,
    "SliceTiming": [
      0,
      0.9075,
      1.815,
      0.7425,
      1.65,
      0.5775,
      1.485,
      0.4125,
      1.32,
      0.2475,
      1.155,
      0.0825,
      0.99,
      1.8975,
      0.825,
      1.7325,
      0.66,
      1.5675,
      0.495,
      1.4025,
      0.33,
      1.2375,
      0.165,
      1.0725,
      0,
      0.9075,
      1.815,
      0.7425,
      1.65,
      0.5775,
      1.485,
      0.4125,
      1.32,
      0.2475,
      1.155,
      0.0825,
      0.99,
      1.8975,
      0.825,
      1.7325,
      0.66,
      1.5675,
      0.495,
      1.4025,
      0.33,
      1.2375,
      0.165,
      1.0725,
      0,
      0.9075,
      1.815,
      0.7425,
      1.65,
      0.5775,
      1.485,
      0.4125,
      1.32,
      0.2475,
      1.155,
      0.0825,
      0.99,
      1.8975,
      0.825,
      1.7325,
      0.66,
      1.5675,
      0.495,
      1.4025,
      0.33,
      1.2375,
      0.165,
      1.0725
    ],
    "TaskName": "train",
    "VolumeTiming": [
      0,
      2,
      4,
      6,
      8,
      10,
      12,
      14,
      16,
      18,
      20,
      22,
      24,
      26,
      28,
      30,
      32,
      34,
      36,
      38,
      40,
      42,
      44,
      46,
      48,
      50,
      52,
      54,
      56,
      58,
      60,
      62,
      64,
      66,
      68,
      70,
      72,
      74,
      76,
      78,
      80,
      82,
      84,
      86,
      88,
      90,
      92,
      94,
      96,
      98,
      100,
      102,
      104,
      106,
      108,
      110,
      112,
      114,
      116,
      118,
      120,
      122,
      124,
      126,
      128,
      130,
      132,
      134,
      136,
      138,
      140,
      142,
      144,
      146,
      148,
      150,
      152,
      154,
      156,
      158,
      160,
      162,
      164,
      166,
      168,
      170,
      172,
      174,
      176,
      178,
      180,
      182,
      184,
      186,
      188,
      190,
      192,
      194,
      196,
      198,
      200,
      202,
      204,
      206,
      208,
      210,
      212,
      214,
      216,
      218,
      220,
      222,
      224,
      226,
      228,
      230,
      232,
      234,
      236,
      238,
      240,
      242,
      244,
      246,
      248,
      250,
      252,
      254,
      256,
      258,
      260,
      262,
      264,
      266,
      268,
      270,
      272,
      274,
      276,
      278,
      280,
      282,
      284,
      286,
      288
    ],
    "dataset": "ds002813",
    "modality": "bold",
    "run_id": 8,
    "subject_id": "235",
    "task_id": "train"
  },
  "dummy_trs": 0,
  "dvars_nstd": 57.79987602750001,
  "dvars_std": 1.4360723970138891,
  "dvars_vstd": 1.0117994783333335,
  "efc": 0.5615542960011152,
  "fber": 1818.44873046875,
  "fd_mean": 0.08639822890494522,
  "fd_num": 9,
  "fd_perc": 6.206896551724138,
  "fwhm_avg": 2.1690349999999996,
  "fwhm_x": 2.139,
  "fwhm_y": 2.23819,
  "fwhm_z": 2.129915,
  "gcor": 0.00831324,
  "gsr_x": 0.01449015736579895,
  "gsr_y": 0.01764725334942341,
  "provenance": {
    "md5sum": "36bcffc51468931bbcf070849da6f5e8",
    "settings": {
      "fd_thres": 0.2,
      "testing": false
    },
    "software": "mriqc",
    "version": "22.0.6",
    "webapi_port": null,
    "webapi_url": "https://mriqc.nimh.nih.gov/api/v1"
  },
  "size_t": 145,
  "size_x": 104,
  "size_y": 104,
  "size_z": 72,
  "snr": 6.28148496306284,
  "spacing_tr": 2.0,
  "spacing_x": 2.0,
  "spacing_y": 2.0,
  "spacing_z": 2.0,
  "summary_bg_k": 9.72922702831497,
  "summary_bg_mad": 192.57778024623886,
  "summary_bg_mean": 713.1837158203125,
  "summary_bg_median": 203.05499267578125,
  "summary_bg_n": 511734.0,
  "summary_bg_p05": 60.00938167572021,
  "summary_bg_p95": 3480.4491699218725,
  "summary_bg_stdv": 1203.7567138671875,
  "summary_fg_k": 3.821339757282174,
  "summary_fg_mad": 1149.3518974801073,
  "summary_fg_mean": 8780.220703125,
  "summary_fg_median": 8802.009765625,
  "summary_fg_n": 164095.0,
  "summary_fg_p05": 6591.63251953125,
  "summary_fg_p95": 10836.77802734375,
  "summary_fg_stdv": 1401.25830078125,
  "tsnr": 39.67013931274414
}