{
  "aor": 0.0014403448275862067,
  "aqi": 0.02180472068965517,
  "bids_meta": {
    "AcquisitionDuration": [],
    "DelayTime": [],
    "EchoTime": 0.025,
    "FlipAngle": 90,
    "MagneticFieldStrength": 3,
    "Manufacturer": "Siemens",
    "ManufacturerModelName": "MAGNETOM Skyra",
    "MultibandAccelerationFactor": 3,
    "RepetitionTime": 2,
    "SliceTiming": [
      0,
      0.9075,
      1.815,
      0.7425,
      1.65,
      0.5775,
      1.485,
      0.4125,
      1.32,
      0.2475,
      1.155,
      0.0825,
      0.99,
      1.8975,
      0.825,
      1.7325,
      0.66,
      1.5675,
      0.495,
      1.4025,
      0.33,
      1.2375,
      0.165,
      1.0725,
      0,
      0.9075,
      1.815,
      0.7425,
      1.65,
      0.5775,
      1.485,
      0.4125,
      1.32,
      0.2475,
      1.155,
      0.0825,
      0.99,
      1.8975,
      0.825,
      1.7325,
      0.66,
      1.5675,
      0.495,
      1.4025,
      0.33,
      1.2375,
      0.165,
      1.0725,
      0,
      0.9075,
      1.815,
      0.7425,
      1.65,
      0.5775,
      1.485,
      0.4125,
      1.32,
      0.2475,
      1.155,
      0.0825,
      0.99,
      1.8975,
      0.825,
      1.7325,
      0.66,
      1.5675,
      0.495,
      1.4025,
      0.33,
      1.2375,
      0.165,
      1.0725
    ],
    "TaskName": "train",
    "VolumeTiming": [
      0,
      2,
      4,
      6,
      8,
      10,
      12,
      14,
      16,
      18,
      20,
      22,
      24,
      26,
      28,
      30,
      32,
      34,
      36,
      38,
      40,
      42,
      44,
      46,
      48,
      50,
      52,
      54,
      56,
      58,
      60,
      62,
      64,
      66,
      68,
      70,
      72,
      74,
      76,
      78,
      80,
      82,
      84,
      86,
      88,
      90,
      92,
      94,
      96,
      98,
      100,
      102,
      104,
      106,
      108,
      110,
      112,
      114,
      116,
      118,
      120,
      122,
      124,
      126,
      128,
      130,
      132,
      134,
      136,
      138,
      140,
      142,
      144,
      146,
      148,
      150,
      152,
      154,
      156,
      158,
      160,
      162,
      164,
      166,
      168,
      170,
      172,
      174,
      176,
      178,
      180,
      182,
      184,
      186,
      188,
      190,
      192,
      194,
      196,
      198,
      200,
      202,
      204,
      206,
      208,
      210,
      212,
      214,
      216,
      218,
      220,
      222,
      224,
      226,
      228,
      230,
      232,
      234,
      236,
      238,
      240,
      242,
      244,
      246,
      248,
      250,
      252,
      254,
      256,
      258,
      260,
      262,
      264,
      266,
      268,
      270,
      272,
      274,
      276,
      278,
      280,
      282,
      284,
      286,
      288
    ],
    "dataset": "ds002813",
    "modality": "bold",
    "run_id": 7,
    "subject_id": "224",
    "task_id": "train"
  },
  "dummy_trs": 0,
  "dvars_nstd": 42.24962936493058,
  "dvars_std": 1.2632255712500002,
  "dvars_vstd": 1.0124710368749996,
  "efc": 0.5316843627738196,
  "fber": 3249.484130859375,
  "fd_mean": 0.15008838034299463,
  "fd_num": 28,
  "fd_perc": 19.310344827586206,
  "fwhm_avg": 1.8729833333333332,
  "fwhm_x": 1.78983,
  "fwhm_y": 1.96153,
  "fwhm_z": 1.86759,
  "gcor": 0.0136932,
  "gsr_x": -0.009133259765803814,
  "gsr_y": 0.009604144841432571,
  "provenance": {
    "md5sum": "f6b29c9653da080ce12f289197b2c4db",
    "settings": {
      "fd_thres": 0.2,
      "testing": false
    },
    "software": "mriqc",
    "version": "22.0.6",
    "webapi_port": null,
    "webapi_url": "https://mriqc.nimh.nih.gov/api/v1"
  },
  "size_t": 145,
  "size_x": 104,
  "size_y": 104,
  "size_z": 72,
  "snr": 7.132176314560259,
  "spacing_tr": 2.0,
  "spacing_x": 2.0,
  "spacing_y": 2.0,
  "spacing_z": 2.0,
  "summary_bg_k": 18.933577883774717,
  "summary_bg_mad": 119.5849923591674,
  "summary_bg_mean": 514.8633422851562,
  "summary_bg_median": 156.19442749023438,
  "summary_bg_n": 515123.0,
  "summary_bg_p05": 54.16784439086914,
  "summary_bg_p95": 2379.8847900390615,
  "summary_bg_stdv": 1007.048095703125,
  "summary_fg_k": 3.788576133215267,
  "summary_fg_mad": 1120.4252278282288,
  "summary_fg_mean": 8995.7158203125,
  "summary_fg_median": 8950.044921875,
  "summary_fg_n": 163866.0,
  "summary_fg_p05": 7272.1304931640625,
  "summary_fg_p95": 10964.8564453125,
  "summary_fg_stdv": 1254.87890625,
  "tsnr": 42.23726272583008
}