{
  "aor": 0.0008177931034482759,
  "aqi": 0.031918013793103446,
  "bids_meta": {
    "AcquisitionDuration": [],
    "DelayTime": [],
    "EchoTime": 0.025,
    "FlipAngle": 90,
    "MagneticFieldStrength": 3,
    "Manufacturer": "Siemens",
    "ManufacturerModelName": "MAGNETOM Skyra",
    "MultibandAccelerationFactor": 3,
    "RepetitionTime": 2,
    "SliceTiming": [
      0,
      0.9075,
      1.815,
      0.7425,
      1.65,
      0.5775,
      1.485,
      0.4125,
      1.32,
      0.2475,
      1.155,
      0.0825,
      0.99,
      1.8975,
      0.825,
      1.7325,
      0.66,
      1.5675,
      0.495,
      1.4025,
      0.33,
      1.2375,
      0.165,
      1.0725,
      0,
      0.9075,
      1.815,
      0.7425,
      1.65,
      0.5775,
      1.485,
      0.4125,
      1.32,
      0.2475,
      1.155,
      0.0825,
      0.99,
      1.8975,
      0.825,
      1.7325,
      0.66,
      1.5675,
      0.495,
      1.4025,
      0.33,
      1.2375,
      0.165,
      1.0725,
      0,
      0.9075,
      1.815,
      0.7425,
      1.65,
      0.5775,
      1.485,
      0.4125,
      1.32,
      0.2475,
      1.155,
      0.0825,
      0.99,
      1.8975,
      0.825,
      1.7325,
      0.66,
      1.5675,
      0.495,
      1.4025,
      0.33,
      1.2375,
      0.165,
      1.0725
    ],
    "TaskName": "train",
    "VolumeTiming": [
      0,
      2,
      4,
      6,
      8,
      10,
      12,
      14,
      16,
      18,
      20,
      22,
      24,
      26,
      28,
      30,
      32,
      34,
      36,
      38,
      40,
      42,
      44,
      46,
      48,
      50,
      52,
      54,
      56,
      58,
      60,
      62,
      64,
      66,
      68,
      70,
      72,
      74,
      76,
      78,
      80,
      82,
      84,
      86,
      88,
      90,
      92,
      94,
      96,
      98,
      100,
      102,
      104,
      106,
      108,
      110,
      112,
      114,
      116,
      118,
      120,
      122,
      124,
      126,
      128,
      130,
      132,
      134,
      136,
      138,
      140,
      142,
      144,
      146,
      148,
      150,
      152,
      154,
      156,
      158,
      160,
      162,
      164,
      166,
      168,
      170,
      172,
      174,
      176,
      178,
      180,
      182,
      184,
      186,
      188,
      190,
      192,
      194,
      196,
      198,
      200,
      202,
      204,
      206,
      208,
      210,
      212,
      214,
      216,
      218,
      220,
      222,
      224,
      226,
      228,
      230,
      232,
      234,
      236,
      238,
      240,
      242,
      244,
      246,
      248,
      250,
      252,
      254,
      256,
      258,
      260,
      262,
      264,
      266,
      268,
      270,
      272,
      274,
      276,
      278,
      280,
      282,
      284,
      286,
      288
    ],
    "dataset": "ds002813",
    "modality": "bold",
    "run_id": 6,
    "subject_id": "221",
    "task_id": "train"
  },
  "dummy_trs": 0,
  "dvars_nstd": 49.390281279444444,
  "dvars_std": 1.201560947638888,
  "dvars_vstd": 0.9880785385416672,
  "efc": 0.5501258849333512,
  "fber": 2014.897216796875,
  "fd_mean": 0.17066779671529764,
  "fd_num": 39,
  "fd_perc": 26.896551724137932,
  "fwhm_avg": 1.9307533333333333,
  "fwhm_x": 1.858405,
  "fwhm_y": 2.03168,
  "fwhm_z": 1.902175,
  "gcor": 0.00374761,
  "gsr_x": -0.017655137926340103,
  "gsr_y": 0.02754480391740799,
  "provenance": {
    "md5sum": "2ac13e03f362176a53c84dbeefaf07fb",
    "settings": {
      "fd_thres": 0.2,
      "testing": false
    },
    "software": "mriqc",
    "version": "22.0.6",
    "webapi_port": null,
    "webapi_url": "https://mriqc.nimh.nih.gov/api/v1"
  },
  "size_t": 145,
  "size_x": 104,
  "size_y": 104,
  "size_z": 72,
  "snr": 6.747869554785706,
  "spacing_tr": 2.0,
  "spacing_x": 2.0,
  "spacing_y": 2.0,
  "spacing_z": 2.0,
  "summary_bg_k": 9.291468279789909,
  "summary_bg_mad": 148.86349046719502,
  "summary_bg_mean": 571.5498657226562,
  "summary_bg_median": 168.23448181152344,
  "summary_bg_n": 522057.0,
  "summary_bg_p05": 56.84137725830078,
  "summary_bg_p95": 2711.8386230468677,
  "summary_bg_stdv": 930.1936645507812,
  "summary_fg_k": 4.477331307666001,
  "summary_fg_mad": 935.3992942735013,
  "summary_fg_mean": 7523.1796875,
  "summary_fg_median": 7498.78955078125,
  "summary_fg_n": 159794.0,
  "summary_fg_p05": 5955.438647460937,
  "summary_fg_p95": 9195.154443359375,
  "summary_fg_stdv": 1111.279052734375,
  "tsnr": 32.65086129773408
}