{
  "aor": 0.0008571724137931034,
  "aqi": 0.019971781379310348,
  "bids_meta": {
    "AcquisitionDuration": [],
    "DelayTime": [],
    "EchoTime": 0.025,
    "FlipAngle": 90,
    "MagneticFieldStrength": 3,
    "Manufacturer": "Siemens",
    "ManufacturerModelName": "MAGNETOM Skyra",
    "MultibandAccelerationFactor": 3,
    "RepetitionTime": 2,
    "SliceTiming": [
      0,
      0.9075,
      1.815,
      0.7425,
      1.65,
      0.5775,
      1.485,
      0.4125,
      1.32,
      0.2475,
      1.155,
      0.0825,
      0.99,
      1.8975,
      0.825,
      1.7325,
      0.66,
      1.5675,
      0.495,
      1.4025,
      0.33,
      1.2375,
      0.165,
      1.0725,
      0,
      0.9075,
      1.815,
      0.7425,
      1.65,
      0.5775,
      1.485,
      0.4125,
      1.32,
      0.2475,
      1.155,
      0.0825,
      0.99,
      1.8975,
      0.825,
      1.7325,
      0.66,
      1.5675,
      0.495,
      1.4025,
      0.33,
      1.2375,
      0.165,
      1.0725,
      0,
      0.9075,
      1.815,
      0.7425,
      1.65,
      0.5775,
      1.485,
      0.4125,
      1.32,
      0.2475,
      1.155,
      0.0825,
      0.99,
      1.8975,
      0.825,
      1.7325,
      0.66,
      1.5675,
      0.495,
      1.4025,
      0.33,
      1.2375,
      0.165,
      1.0725
    ],
    "TaskName": "train",
    "VolumeTiming": [
      0,
      2,
      4,
      6,
      8,
      10,
      12,
      14,
      16,
      18,
      20,
      22,
      24,
      26,
      28,
      30,
      32,
      34,
      36,
      38,
      40,
      42,
      44,
      46,
      48,
      50,
      52,
      54,
      56,
      58,
      60,
      62,
      64,
      66,
      68,
      70,
      72,
      74,
      76,
      78,
      80,
      82,
      84,
      86,
      88,
      90,
      92,
      94,
      96,
      98,
      100,
      102,
      104,
      106,
      108,
      110,
      112,
      114,
      116,
      118,
      120,
      122,
      124,
      126,
      128,
      130,
      132,
      134,
      136,
      138,
      140,
      142,
      144,
      146,
      148,
      150,
      152,
      154,
      156,
      158,
      160,
      162,
      164,
      166,
      168,
      170,
      172,
      174,
      176,
      178,
      180,
      182,
      184,
      186,
      188,
      190,
      192,
      194,
      196,
      198,
      200,
      202,
      204,
      206,
      208,
      210,
      212,
      214,
      216,
      218,
      220,
      222,
      224,
      226,
      228,
      230,
      232,
      234,
      236,
      238,
      240,
      242,
      244,
      246,
      248,
      250,
      252,
      254,
      256,
      258,
      260,
      262,
      264,
      266,
      268,
      270,
      272,
      274,
      276,
      278,
      280,
      282,
      284,
      286,
      288
    ],
    "dataset": "ds002813",
    "modality": "bold",
    "run_id": 4,
    "subject_id": "206",
    "task_id": "train"
  },
  "dummy_trs": 0,
  "dvars_nstd": 43.47421722958336,
  "dvars_std": 1.2511995949305554,
  "dvars_vstd": 1.0158829157638882,
  "efc": 0.5651931078280933,
  "fber": 2809.433349609375,
  "fd_mean": 0.07405023000407623,
  "fd_num": 4,
  "fd_perc": 2.7586206896551726,
  "fwhm_avg": 1.7731666666666666,
  "fwhm_x": 1.662105,
  "fwhm_y": 1.88455,
  "fwhm_z": 1.772845,
  "gcor": 0.00927794,
  "gsr_x": -0.027168400585651398,
  "gsr_y": 0.04709059000015259,
  "provenance": {
    "md5sum": "e7044261341d6d1f152de70608be7b98",
    "settings": {
      "fd_thres": 0.2,
      "testing": false
    },
    "software": "mriqc",
    "version": "22.0.6",
    "webapi_port": null,
    "webapi_url": "https://mriqc.nimh.nih.gov/api/v1"
  },
  "size_t": 145,
  "size_x": 104,
  "size_y": 104,
  "size_z": 72,
  "snr": 7.1423861074124595,
  "spacing_tr": 2.0,
  "spacing_x": 2.0,
  "spacing_y": 2.0,
  "spacing_z": 2.0,
  "summary_bg_k": 14.331487296480915,
  "summary_bg_mad": 114.35975046363748,
  "summary_bg_mean": 542.0325317382812,
  "summary_bg_median": 151.06552124023438,
  "summary_bg_n": 492246.0,
  "summary_bg_p05": 57.66896438598633,
  "summary_bg_p95": 2538.5896606445312,
  "summary_bg_stdv": 966.2684326171875,
  "summary_fg_k": 3.369710900118788,
  "summary_fg_mad": 1046.3798163460958,
  "summary_fg_mean": 8122.72021484375,
  "summary_fg_median": 8094.3828125,
  "summary_fg_n": 185780.0,
  "summary_fg_p05": 6547.054150390625,
  "summary_fg_p95": 9899.68330078125,
  "summary_fg_stdv": 1133.2852783203125,
  "tsnr": 44.3047861661762
}