{
  "aor": 0.001012,
  "aqi": 0.03986925517241379,
  "bids_meta": {
    "AcquisitionDuration": [],
    "DelayTime": [],
    "EchoTime": 0.025,
    "FlipAngle": 90,
    "MagneticFieldStrength": 3,
    "Manufacturer": "Siemens",
    "ManufacturerModelName": "MAGNETOM Skyra",
    "MultibandAccelerationFactor": 3,
    "RepetitionTime": 2,
    "SliceTiming": [
      0,
      0.9075,
      1.815,
      0.7425,
      1.65,
      0.5775,
      1.485,
      0.4125,
      1.32,
      0.2475,
      1.155,
      0.0825,
      0.99,
      1.8975,
      0.825,
      1.7325,
      0.66,
      1.5675,
      0.495,
      1.4025,
      0.33,
      1.2375,
      0.165,
      1.0725,
      0,
      0.9075,
      1.815,
      0.7425,
      1.65,
      0.5775,
      1.485,
      0.4125,
      1.32,
      0.2475,
      1.155,
      0.0825,
      0.99,
      1.8975,
      0.825,
      1.7325,
      0.66,
      1.5675,
      0.495,
      1.4025,
      0.33,
      1.2375,
      0.165,
      1.0725,
      0,
      0.9075,
      1.815,
      0.7425,
      1.65,
      0.5775,
      1.485,
      0.4125,
      1.32,
      0.2475,
      1.155,
      0.0825,
      0.99,
      1.8975,
      0.825,
      1.7325,
      0.66,
      1.5675,
      0.495,
      1.4025,
      0.33,
      1.2375,
      0.165,
      1.0725
    ],
    "TaskName": "train",
    "VolumeTiming": [
      0,
      2,
      4,
      6,
      8,
      10,
      12,
      14,
      16,
      18,
      20,
      22,
      24,
      26,
      28,
      30,
      32,
      34,
      36,
      38,
      40,
      42,
      44,
      46,
      48,
      50,
      52,
      54,
      56,
      58,
      60,
      62,
      64,
      66,
      68,
      70,
      72,
      74,
      76,
      78,
      80,
      82,
      84,
      86,
      88,
      90,
      92,
      94,
      96,
      98,
      100,
      102,
      104,
      106,
      108,
      110,
      112,
      114,
      116,
      118,
      120,
      122,
      124,
      126,
      128,
      130,
      132,
      134,
      136,
      138,
      140,
      142,
      144,
      146,
      148,
      150,
      152,
      154,
      156,
      158,
      160,
      162,
      164,
      166,
      168,
      170,
      172,
      174,
      176,
      178,
      180,
      182,
      184,
      186,
      188,
      190,
      192,
      194,
      196,
      198,
      200,
      202,
      204,
      206,
      208,
      210,
      212,
      214,
      216,
      218,
      220,
      222,
      224,
      226,
      228,
      230,
      232,
      234,
      236,
      238,
      240,
      242,
      244,
      246,
      248,
      250,
      252,
      254,
      256,
      258,
      260,
      262,
      264,
      266,
      268,
      270,
      272,
      274,
      276,
      278,
      280,
      282,
      284,
      286,
      288
    ],
    "dataset": "ds002813",
    "modality": "bold",
    "run_id": 8,
    "subject_id": "212",
    "task_id": "train"
  },
  "dummy_trs": 0,
  "dvars_nstd": 56.14279845020832,
  "dvars_std": 1.1704986545138878,
  "dvars_vstd": 1.0050142495833334,
  "efc": 0.5825499857233667,
  "fber": 858.0188598632812,
  "fd_mean": 0.10495552126273304,
  "fd_num": 17,
  "fd_perc": 11.724137931034482,
  "fwhm_avg": 1.8729083333333334,
  "fwhm_x": 1.792675,
  "fwhm_y": 1.956125,
  "fwhm_z": 1.869925,
  "gcor": 0.00353709,
  "gsr_x": -0.0005049030878581107,
  "gsr_y": 0.030771572142839432,
  "provenance": {
    "md5sum": "fcdf5a8cc8d4d8dab18f1ad68dc8d3cb",
    "settings": {
      "fd_thres": 0.2,
      "testing": false
    },
    "software": "mriqc",
    "version": "22.0.6",
    "webapi_port": null,
    "webapi_url": "https://mriqc.nimh.nih.gov/api/v1"
  },
  "size_t": 145,
  "size_x": 104,
  "size_y": 104,
  "size_z": 72,
  "snr": 7.257447444422404,
  "spacing_tr": 2.0,
  "spacing_x": 2.0,
  "spacing_y": 2.0,
  "spacing_z": 2.0,
  "summary_bg_k": 11.901528126219114,
  "summary_bg_mad": 265.03715845910017,
  "summary_bg_mean": 628.685302734375,
  "summary_bg_median": 269.8776550292969,
  "summary_bg_n": 492299.0,
  "summary_bg_p05": 69.30086135864258,
  "summary_bg_p95": 2611.992895507812,
  "summary_bg_stdv": 930.1099853515625,
  "summary_fg_k": 3.6111226310651663,
  "summary_fg_mad": 999.6858096586789,
  "summary_fg_mean": 8014.27783203125,
  "summary_fg_median": 8002.779296875,
  "summary_fg_n": 185339.0,
  "summary_fg_p05": 6439.5306640625,
  "summary_fg_p95": 9711.381640625,
  "summary_fg_stdv": 1102.6959228515625,
  "tsnr": 30.040283203125
}