{
  "aor": 0.000687448275862069,
  "aqi": 0.04008901103448276,
  "bids_meta": {
    "AcquisitionDuration": [],
    "DelayTime": [],
    "EchoTime": 0.025,
    "FlipAngle": 90,
    "MagneticFieldStrength": 3,
    "Manufacturer": "Siemens",
    "ManufacturerModelName": "MAGNETOM Skyra",
    "MultibandAccelerationFactor": 3,
    "RepetitionTime": 2,
    "SliceTiming": [
      0,
      0.9075,
      1.815,
      0.7425,
      1.65,
      0.5775,
      1.485,
      0.4125,
      1.32,
      0.2475,
      1.155,
      0.0825,
      0.99,
      1.8975,
      0.825,
      1.7325,
      0.66,
      1.5675,
      0.495,
      1.4025,
      0.33,
      1.2375,
      0.165,
      1.0725,
      0,
      0.9075,
      1.815,
      0.7425,
      1.65,
      0.5775,
      1.485,
      0.4125,
      1.32,
      0.2475,
      1.155,
      0.0825,
      0.99,
      1.8975,
      0.825,
      1.7325,
      0.66,
      1.5675,
      0.495,
      1.4025,
      0.33,
      1.2375,
      0.165,
      1.0725,
      0,
      0.9075,
      1.815,
      0.7425,
      1.65,
      0.5775,
      1.485,
      0.4125,
      1.32,
      0.2475,
      1.155,
      0.0825,
      0.99,
      1.8975,
      0.825,
      1.7325,
      0.66,
      1.5675,
      0.495,
      1.4025,
      0.33,
      1.2375,
      0.165,
      1.0725
    ],
    "TaskName": "train",
    "VolumeTiming": [
      0,
      2,
      4,
      6,
      8,
      10,
      12,
      14,
      16,
      18,
      20,
      22,
      24,
      26,
      28,
      30,
      32,
      34,
      36,
      38,
      40,
      42,
      44,
      46,
      48,
      50,
      52,
      54,
      56,
      58,
      60,
      62,
      64,
      66,
      68,
      70,
      72,
      74,
      76,
      78,
      80,
      82,
      84,
      86,
      88,
      90,
      92,
      94,
      96,
      98,
      100,
      102,
      104,
      106,
      108,
      110,
      112,
      114,
      116,
      118,
      120,
      122,
      124,
      126,
      128,
      130,
      132,
      134,
      136,
      138,
      140,
      142,
      144,
      146,
      148,
      150,
      152,
      154,
      156,
      158,
      160,
      162,
      164,
      166,
      168,
      170,
      172,
      174,
      176,
      178,
      180,
      182,
      184,
      186,
      188,
      190,
      192,
      194,
      196,
      198,
      200,
      202,
      204,
      206,
      208,
      210,
      212,
      214,
      216,
      218,
      220,
      222,
      224,
      226,
      228,
      230,
      232,
      234,
      236,
      238,
      240,
      242,
      244,
      246,
      248,
      250,
      252,
      254,
      256,
      258,
      260,
      262,
      264,
      266,
      268,
      270,
      272,
      274,
      276,
      278,
      280,
      282,
      284,
      286,
      288
    ],
    "dataset": "ds002813",
    "modality": "bold",
    "run_id": 2,
    "subject_id": "212",
    "task_id": "train"
  },
  "dummy_trs": 0,
  "dvars_nstd": 56.779927041805564,
  "dvars_std": 1.1651694081249997,
  "dvars_vstd": 0.9991939872916663,
  "efc": 0.5818460600798435,
  "fber": 857.6809692382812,
  "fd_mean": 0.11076814472252905,
  "fd_num": 14,
  "fd_perc": 9.655172413793103,
  "fwhm_avg": 1.877315,
  "fwhm_x": 1.79552,
  "fwhm_y": 1.961095,
  "fwhm_z": 1.87533,
  "gcor": 0.00184872,
  "gsr_x": -0.0003608406404964626,
  "gsr_y": 0.031637631356716156,
  "provenance": {
    "md5sum": "5aff82c0487c31b9499feef1db1fd7f8",
    "settings": {
      "fd_thres": 0.2,
      "testing": false
    },
    "software": "mriqc",
    "version": "22.0.6",
    "webapi_port": null,
    "webapi_url": "https://mriqc.nimh.nih.gov/api/v1"
  },
  "size_t": 145,
  "size_x": 104,
  "size_y": 104,
  "size_z": 72,
  "snr": 7.265361036550196,
  "spacing_tr": 2.0,
  "spacing_x": 2.0,
  "spacing_y": 2.0,
  "spacing_z": 2.0,
  "summary_bg_k": 12.04763660290005,
  "summary_bg_mad": 264.70074738289344,
  "summary_bg_mean": 617.6279296875,
  "summary_bg_median": 269.16552734375,
  "summary_bg_n": 492014.0,
  "summary_bg_p05": 68.6413803100586,
  "summary_bg_p95": 2546.3040771484366,
  "summary_bg_stdv": 906.2421875,
  "summary_fg_k": 3.463320942497666,
  "summary_fg_mad": 997.0499919450174,
  "summary_fg_mean": 7985.20849609375,
  "summary_fg_median": 7969.32080078125,
  "summary_fg_n": 185440.0,
  "summary_fg_p05": 6405.847802734375,
  "summary_fg_p95": 9682.304052734375,
  "summary_fg_stdv": 1096.8896484375,
  "tsnr": 30.12099223199766
}