{
  "aor": 0.0016599242424242427,
  "aqi": 0.04226796893939394,
  "bids_meta": {
    "AcquisitionDuration": [],
    "DelayTime": [],
    "EchoTime": 0.025,
    "FlipAngle": 90,
    "MagneticFieldStrength": 3,
    "Manufacturer": "Siemens",
    "ManufacturerModelName": "MAGNETOM Skyra",
    "MultibandAccelerationFactor": 3,
    "RepetitionTime": 2,
    "SliceTiming": [
      0,
      0.9075,
      1.815,
      0.7425,
      1.65,
      0.5775,
      1.485,
      0.4125,
      1.32,
      0.2475,
      1.155,
      0.0825,
      0.99,
      1.8975,
      0.825,
      1.7325,
      0.66,
      1.5675,
      0.495,
      1.4025,
      0.33,
      1.2375,
      0.165,
      1.0725,
      0,
      0.9075,
      1.815,
      0.7425,
      1.65,
      0.5775,
      1.485,
      0.4125,
      1.32,
      0.2475,
      1.155,
      0.0825,
      0.99,
      1.8975,
      0.825,
      1.7325,
      0.66,
      1.5675,
      0.495,
      1.4025,
      0.33,
      1.2375,
      0.165,
      1.0725,
      0,
      0.9075,
      1.815,
      0.7425,
      1.65,
      0.5775,
      1.485,
      0.4125,
      1.32,
      0.2475,
      1.155,
      0.0825,
      0.99,
      1.8975,
      0.825,
      1.7325,
      0.66,
      1.5675,
      0.495,
      1.4025,
      0.33,
      1.2375,
      0.165,
      1.0725
    ],
    "TaskName": "imtest",
    "VolumeTiming": [
      0,
      2,
      4,
      6,
      8,
      10,
      12,
      14,
      16,
      18,
      20,
      22,
      24,
      26,
      28,
      30,
      32,
      34,
      36,
      38,
      40,
      42,
      44,
      46,
      48,
      50,
      52,
      54,
      56,
      58,
      60,
      62,
      64,
      66,
      68,
      70,
      72,
      74,
      76,
      78,
      80,
      82,
      84,
      86,
      88,
      90,
      92,
      94,
      96,
      98,
      100,
      102,
      104,
      106,
      108,
      110,
      112,
      114,
      116,
      118,
      120,
      122,
      124,
      126,
      128,
      130,
      132,
      134,
      136,
      138,
      140,
      142,
      144,
      146,
      148,
      150,
      152,
      154,
      156,
      158,
      160,
      162,
      164,
      166,
      168,
      170,
      172,
      174,
      176,
      178,
      180,
      182,
      184,
      186,
      188,
      190,
      192,
      194,
      196,
      198,
      200,
      202,
      204,
      206,
      208,
      210,
      212,
      214,
      216,
      218,
      220,
      222,
      224,
      226,
      228,
      230,
      232,
      234,
      236,
      238,
      240,
      242,
      244,
      246,
      248,
      250,
      252,
      254,
      256,
      258,
      260,
      262,
      264
    ],
    "dataset": "ds002813",
    "modality": "bold",
    "run_id": 4,
    "subject_id": "212",
    "task_id": "imtest"
  },
  "dummy_trs": 1,
  "dvars_nstd": 57.10395757702293,
  "dvars_std": 1.151497889465649,
  "dvars_vstd": 1.0086956306870227,
  "efc": 0.5818651898241252,
  "fber": 884.8267211914062,
  "fd_mean": 0.16187120562296808,
  "fd_num": 26,
  "fd_perc": 19.696969696969695,
  "fwhm_avg": 1.868755,
  "fwhm_x": 1.78807,
  "fwhm_y": 1.95328,
  "fwhm_z": 1.864915,
  "gcor": 0.00460929,
  "gsr_x": -0.0005619393195956945,
  "gsr_y": 0.0314914807677269,
  "provenance": {
    "md5sum": "23e78378430f5de978ad89556fa41090",
    "settings": {
      "fd_thres": 0.2,
      "testing": false
    },
    "software": "mriqc",
    "version": "22.0.6",
    "webapi_port": null,
    "webapi_url": "https://mriqc.nimh.nih.gov/api/v1"
  },
  "size_t": 132,
  "size_x": 104,
  "size_y": 104,
  "size_z": 72,
  "snr": 7.342753669671639,
  "spacing_tr": 2.0,
  "spacing_x": 2.0,
  "spacing_y": 2.0,
  "spacing_z": 2.0,
  "summary_bg_k": 12.125250310073104,
  "summary_bg_mad": 259.5279392839324,
  "summary_bg_mean": 621.6140747070312,
  "summary_bg_median": 265.460205078125,
  "summary_bg_n": 492361.0,
  "summary_bg_p05": 69.92589569091797,
  "summary_bg_p95": 2556.606201171875,
  "summary_bg_stdv": 916.9508056640625,
  "summary_fg_k": 3.592086298663621,
  "summary_fg_mad": 987.1582552684253,
  "summary_fg_mean": 8010.345703125,
  "summary_fg_median": 7998.7578125,
  "summary_fg_n": 185123.0,
  "summary_fg_p05": 6446.86455078125,
  "summary_fg_p95": 9690.245703125,
  "summary_fg_stdv": 1089.33740234375,
  "tsnr": 29.030824661254883
}