{
  "aor": 0.0018146616541353383,
  "aqi": 0.03642796917293234,
  "bids_meta": {
    "AcquisitionDuration": [],
    "DelayTime": [],
    "EchoTime": 0.025,
    "FlipAngle": 90,
    "MagneticFieldStrength": 3,
    "Manufacturer": "Siemens",
    "ManufacturerModelName": "MAGNETOM Skyra",
    "MultibandAccelerationFactor": 3,
    "RepetitionTime": 2,
    "SliceTiming": [
      0,
      0.9075,
      1.815,
      0.7425,
      1.65,
      0.5775,
      1.485,
      0.4125,
      1.32,
      0.2475,
      1.155,
      0.0825,
      0.99,
      1.8975,
      0.825,
      1.7325,
      0.66,
      1.5675,
      0.495,
      1.4025,
      0.33,
      1.2375,
      0.165,
      1.0725,
      0,
      0.9075,
      1.815,
      0.7425,
      1.65,
      0.5775,
      1.485,
      0.4125,
      1.32,
      0.2475,
      1.155,
      0.0825,
      0.99,
      1.8975,
      0.825,
      1.7325,
      0.66,
      1.5675,
      0.495,
      1.4025,
      0.33,
      1.2375,
      0.165,
      1.0725,
      0,
      0.9075,
      1.815,
      0.7425,
      1.65,
      0.5775,
      1.485,
      0.4125,
      1.32,
      0.2475,
      1.155,
      0.0825,
      0.99,
      1.8975,
      0.825,
      1.7325,
      0.66,
      1.5675,
      0.495,
      1.4025,
      0.33,
      1.2375,
      0.165,
      1.0725
    ],
    "TaskName": "imtest",
    "VolumeTiming": [
      0,
      2,
      4,
      6,
      8,
      10,
      12,
      14,
      16,
      18,
      20,
      22,
      24,
      26,
      28,
      30,
      32,
      34,
      36,
      38,
      40,
      42,
      44,
      46,
      48,
      50,
      52,
      54,
      56,
      58,
      60,
      62,
      64,
      66,
      68,
      70,
      72,
      74,
      76,
      78,
      80,
      82,
      84,
      86,
      88,
      90,
      92,
      94,
      96,
      98,
      100,
      102,
      104,
      106,
      108,
      110,
      112,
      114,
      116,
      118,
      120,
      122,
      124,
      126,
      128,
      130,
      132,
      134,
      136,
      138,
      140,
      142,
      144,
      146,
      148,
      150,
      152,
      154,
      156,
      158,
      160,
      162,
      164,
      166,
      168,
      170,
      172,
      174,
      176,
      178,
      180,
      182,
      184,
      186,
      188,
      190,
      192,
      194,
      196,
      198,
      200,
      202,
      204,
      206,
      208,
      210,
      212,
      214,
      216,
      218,
      220,
      222,
      224,
      226,
      228,
      230,
      232,
      234,
      236,
      238,
      240,
      242,
      244,
      246,
      248,
      250,
      252,
      254,
      256,
      258,
      260,
      262,
      264
    ],
    "dataset": "ds002813",
    "modality": "bold",
    "run_id": 3,
    "subject_id": "212",
    "task_id": "imtest"
  },
  "dummy_trs": 0,
  "dvars_nstd": 57.43654910030304,
  "dvars_std": 1.1855776644696967,
  "dvars_vstd": 1.0267341750757575,
  "efc": 0.5813254373591384,
  "fber": 891.7119750976562,
  "fd_mean": 0.13114170861589555,
  "fd_num": 17,
  "fd_perc": 12.781954887218046,
  "fwhm_avg": 1.8533799999999998,
  "fwhm_x": 1.774155,
  "fwhm_y": 1.933675,
  "fwhm_z": 1.85231,
  "gcor": 0.00558866,
  "gsr_x": 0.00034325840533711016,
  "gsr_y": 0.03130984678864479,
  "provenance": {
    "md5sum": "7534f62a8cdc08c91e65069d3e3afb6c",
    "settings": {
      "fd_thres": 0.2,
      "testing": false
    },
    "software": "mriqc",
    "version": "22.0.6",
    "webapi_port": null,
    "webapi_url": "https://mriqc.nimh.nih.gov/api/v1"
  },
  "size_t": 133,
  "size_x": 104,
  "size_y": 104,
  "size_z": 72,
  "snr": 7.329420782587377,
  "spacing_tr": 2.0,
  "spacing_x": 2.0,
  "spacing_y": 2.0,
  "spacing_z": 2.0,
  "summary_bg_k": 12.537081126707946,
  "summary_bg_mad": 255.97184085512652,
  "summary_bg_mean": 620.1409912109375,
  "summary_bg_median": 263.593994140625,
  "summary_bg_n": 492360.0,
  "summary_bg_p05": 70.0225601196289,
  "summary_bg_p95": 2565.189819335935,
  "summary_bg_stdv": 926.85107421875,
  "summary_fg_k": 3.4968257587093197,
  "summary_fg_mad": 1000.3442211419458,
  "summary_fg_mean": 8021.08203125,
  "summary_fg_median": 8010.99267578125,
  "summary_fg_n": 184994.0,
  "summary_fg_p05": 6452.248046875,
  "summary_fg_p95": 9703.038134765626,
  "summary_fg_stdv": 1092.98828125,
  "tsnr": 31.450225767912343
}