{
  "aor": 0.0012878620689655172,
  "aqi": 0.02897871103448276,
  "bids_meta": {
    "AcquisitionDuration": [],
    "DelayTime": [],
    "EchoTime": 0.025,
    "FlipAngle": 90,
    "MagneticFieldStrength": 3,
    "Manufacturer": "Siemens",
    "ManufacturerModelName": "MAGNETOM Skyra",
    "MultibandAccelerationFactor": 3,
    "RepetitionTime": 2,
    "SliceTiming": [
      0,
      0.9075,
      1.815,
      0.7425,
      1.65,
      0.5775,
      1.485,
      0.4125,
      1.32,
      0.2475,
      1.155,
      0.0825,
      0.99,
      1.8975,
      0.825,
      1.7325,
      0.66,
      1.5675,
      0.495,
      1.4025,
      0.33,
      1.2375,
      0.165,
      1.0725,
      0,
      0.9075,
      1.815,
      0.7425,
      1.65,
      0.5775,
      1.485,
      0.4125,
      1.32,
      0.2475,
      1.155,
      0.0825,
      0.99,
      1.8975,
      0.825,
      1.7325,
      0.66,
      1.5675,
      0.495,
      1.4025,
      0.33,
      1.2375,
      0.165,
      1.0725,
      0,
      0.9075,
      1.815,
      0.7425,
      1.65,
      0.5775,
      1.485,
      0.4125,
      1.32,
      0.2475,
      1.155,
      0.0825,
      0.99,
      1.8975,
      0.825,
      1.7325,
      0.66,
      1.5675,
      0.495,
      1.4025,
      0.33,
      1.2375,
      0.165,
      1.0725
    ],
    "TaskName": "train",
    "VolumeTiming": [
      0,
      2,
      4,
      6,
      8,
      10,
      12,
      14,
      16,
      18,
      20,
      22,
      24,
      26,
      28,
      30,
      32,
      34,
      36,
      38,
      40,
      42,
      44,
      46,
      48,
      50,
      52,
      54,
      56,
      58,
      60,
      62,
      64,
      66,
      68,
      70,
      72,
      74,
      76,
      78,
      80,
      82,
      84,
      86,
      88,
      90,
      92,
      94,
      96,
      98,
      100,
      102,
      104,
      106,
      108,
      110,
      112,
      114,
      116,
      118,
      120,
      122,
      124,
      126,
      128,
      130,
      132,
      134,
      136,
      138,
      140,
      142,
      144,
      146,
      148,
      150,
      152,
      154,
      156,
      158,
      160,
      162,
      164,
      166,
      168,
      170,
      172,
      174,
      176,
      178,
      180,
      182,
      184,
      186,
      188,
      190,
      192,
      194,
      196,
      198,
      200,
      202,
      204,
      206,
      208,
      210,
      212,
      214,
      216,
      218,
      220,
      222,
      224,
      226,
      228,
      230,
      232,
      234,
      236,
      238,
      240,
      242,
      244,
      246,
      248,
      250,
      252,
      254,
      256,
      258,
      260,
      262,
      264,
      266,
      268,
      270,
      272,
      274,
      276,
      278,
      280,
      282,
      284,
      286,
      288
    ],
    "dataset": "ds002813",
    "modality": "bold",
    "run_id": 3,
    "subject_id": "208",
    "task_id": "train"
  },
  "dummy_trs": 0,
  "dvars_nstd": 51.1611792775,
  "dvars_std": 1.2971989711805558,
  "dvars_vstd": 0.9996216534027779,
  "efc": 0.4994127289009144,
  "fber": 2917.62646484375,
  "fd_mean": 0.13511035016359965,
  "fd_num": 18,
  "fd_perc": 12.413793103448276,
  "fwhm_avg": 1.8916883333333334,
  "fwhm_x": 1.81504,
  "fwhm_y": 2.0065,
  "fwhm_z": 1.853525,
  "gcor": 0.00448842,
  "gsr_x": -0.012983713299036026,
  "gsr_y": 0.015852175652980804,
  "provenance": {
    "md5sum": "22428407b17cf56ec4eb22d3b1c3d140",
    "settings": {
      "fd_thres": 0.2,
      "testing": false
    },
    "software": "mriqc",
    "version": "22.0.6",
    "webapi_port": null,
    "webapi_url": "https://mriqc.nimh.nih.gov/api/v1"
  },
  "size_t": 145,
  "size_x": 104,
  "size_y": 104,
  "size_z": 72,
  "snr": 7.259304349005596,
  "spacing_tr": 2.0,
  "spacing_x": 2.0,
  "spacing_y": 2.0,
  "spacing_z": 2.0,
  "summary_bg_k": 24.072787786487247,
  "summary_bg_mad": 101.52247414462704,
  "summary_bg_mean": 403.75299072265625,
  "summary_bg_median": 135.3241424560547,
  "summary_bg_n": 549524.0,
  "summary_bg_p05": 50.23448181152344,
  "summary_bg_p95": 1750.1317321777335,
  "summary_bg_stdv": 752.839111328125,
  "summary_fg_k": 4.1425913460009385,
  "summary_fg_mad": 898.4569444143948,
  "summary_fg_mean": 7308.18115234375,
  "summary_fg_median": 7311.82080078125,
  "summary_fg_n": 135659.0,
  "summary_fg_p05": 5857.487646484375,
  "summary_fg_p95": 8817.056347656247,
  "summary_fg_stdv": 1007.2306518554688,
  "tsnr": 36.17857353086583
}