{
  "aor": 0.0013566165413533833,
  "aqi": 0.02405686691729323,
  "bids_meta": {
    "AcquisitionDuration": [],
    "DelayTime": [],
    "EchoTime": 0.025,
    "FlipAngle": 90,
    "MagneticFieldStrength": 3,
    "Manufacturer": "Siemens",
    "ManufacturerModelName": "MAGNETOM Skyra",
    "MultibandAccelerationFactor": 3,
    "RepetitionTime": 2,
    "SliceTiming": [
      0,
      0.9075,
      1.815,
      0.7425,
      1.65,
      0.5775,
      1.485,
      0.4125,
      1.32,
      0.2475,
      1.155,
      0.0825,
      0.99,
      1.8975,
      0.825,
      1.7325,
      0.66,
      1.5675,
      0.495,
      1.4025,
      0.33,
      1.2375,
      0.165,
      1.0725,
      0,
      0.9075,
      1.815,
      0.7425,
      1.65,
      0.5775,
      1.485,
      0.4125,
      1.32,
      0.2475,
      1.155,
      0.0825,
      0.99,
      1.8975,
      0.825,
      1.7325,
      0.66,
      1.5675,
      0.495,
      1.4025,
      0.33,
      1.2375,
      0.165,
      1.0725,
      0,
      0.9075,
      1.815,
      0.7425,
      1.65,
      0.5775,
      1.485,
      0.4125,
      1.32,
      0.2475,
      1.155,
      0.0825,
      0.99,
      1.8975,
      0.825,
      1.7325,
      0.66,
      1.5675,
      0.495,
      1.4025,
      0.33,
      1.2375,
      0.165,
      1.0725
    ],
    "TaskName": "imtest",
    "VolumeTiming": [
      0,
      2,
      4,
      6,
      8,
      10,
      12,
      14,
      16,
      18,
      20,
      22,
      24,
      26,
      28,
      30,
      32,
      34,
      36,
      38,
      40,
      42,
      44,
      46,
      48,
      50,
      52,
      54,
      56,
      58,
      60,
      62,
      64,
      66,
      68,
      70,
      72,
      74,
      76,
      78,
      80,
      82,
      84,
      86,
      88,
      90,
      92,
      94,
      96,
      98,
      100,
      102,
      104,
      106,
      108,
      110,
      112,
      114,
      116,
      118,
      120,
      122,
      124,
      126,
      128,
      130,
      132,
      134,
      136,
      138,
      140,
      142,
      144,
      146,
      148,
      150,
      152,
      154,
      156,
      158,
      160,
      162,
      164,
      166,
      168,
      170,
      172,
      174,
      176,
      178,
      180,
      182,
      184,
      186,
      188,
      190,
      192,
      194,
      196,
      198,
      200,
      202,
      204,
      206,
      208,
      210,
      212,
      214,
      216,
      218,
      220,
      222,
      224,
      226,
      228,
      230,
      232,
      234,
      236,
      238,
      240,
      242,
      244,
      246,
      248,
      250,
      252,
      254,
      256,
      258,
      260,
      262,
      264
    ],
    "dataset": "ds002813",
    "modality": "bold",
    "run_id": 3,
    "subject_id": "208",
    "task_id": "imtest"
  },
  "dummy_trs": 0,
  "dvars_nstd": 51.405306527121226,
  "dvars_std": 1.3221820997727278,
  "dvars_vstd": 1.0214183737878788,
  "efc": 0.5007496900055269,
  "fber": 2876.341796875,
  "fd_mean": 0.15927032799180724,
  "fd_num": 31,
  "fd_perc": 23.30827067669173,
  "fwhm_avg": 1.8681816666666666,
  "fwhm_x": 1.802105,
  "fwhm_y": 1.98154,
  "fwhm_z": 1.8209,
  "gcor": 0.00319941,
  "gsr_x": -0.013082655146718025,
  "gsr_y": 0.01568278856575489,
  "provenance": {
    "md5sum": "4607de99cb65b2697f5eb01ff0cec6ba",
    "settings": {
      "fd_thres": 0.2,
      "testing": false
    },
    "software": "mriqc",
    "version": "22.0.6",
    "webapi_port": null,
    "webapi_url": "https://mriqc.nimh.nih.gov/api/v1"
  },
  "size_t": 133,
  "size_x": 104,
  "size_y": 104,
  "size_z": 72,
  "snr": 7.257925914790663,
  "spacing_tr": 2.0,
  "spacing_x": 2.0,
  "spacing_y": 2.0,
  "spacing_z": 2.0,
  "summary_bg_k": 23.675768805484363,
  "summary_bg_mad": 102.83463683197083,
  "summary_bg_mean": 412.11077880859375,
  "summary_bg_median": 136.3834686279297,
  "summary_bg_n": 549378.0,
  "summary_bg_p05": 50.172935485839844,
  "summary_bg_p95": 1800.3150817871026,
  "summary_bg_stdv": 766.9996948242188,
  "summary_fg_k": 4.337028412878635,
  "summary_fg_mad": 894.549911126663,
  "summary_fg_mean": 7305.759765625,
  "summary_fg_median": 7310.74072265625,
  "summary_fg_n": 135624.0,
  "summary_fg_p05": 5861.0970703125,
  "summary_fg_p95": 8806.944970703124,
  "summary_fg_stdv": 1007.2731323242188,
  "tsnr": 39.80817340314388
}