{
  "aor": 0.0009999310344827586,
  "aqi": 0.02516222827586207,
  "bids_meta": {
    "AcquisitionDuration": [],
    "DelayTime": [],
    "EchoTime": 0.025,
    "FlipAngle": 90,
    "MagneticFieldStrength": 3,
    "Manufacturer": "Siemens",
    "ManufacturerModelName": "MAGNETOM Skyra",
    "MultibandAccelerationFactor": 3,
    "RepetitionTime": 2,
    "SliceTiming": [
      0,
      0.9075,
      1.815,
      0.7425,
      1.65,
      0.5775,
      1.485,
      0.4125,
      1.32,
      0.2475,
      1.155,
      0.0825,
      0.99,
      1.8975,
      0.825,
      1.7325,
      0.66,
      1.5675,
      0.495,
      1.4025,
      0.33,
      1.2375,
      0.165,
      1.0725,
      0,
      0.9075,
      1.815,
      0.7425,
      1.65,
      0.5775,
      1.485,
      0.4125,
      1.32,
      0.2475,
      1.155,
      0.0825,
      0.99,
      1.8975,
      0.825,
      1.7325,
      0.66,
      1.5675,
      0.495,
      1.4025,
      0.33,
      1.2375,
      0.165,
      1.0725,
      0,
      0.9075,
      1.815,
      0.7425,
      1.65,
      0.5775,
      1.485,
      0.4125,
      1.32,
      0.2475,
      1.155,
      0.0825,
      0.99,
      1.8975,
      0.825,
      1.7325,
      0.66,
      1.5675,
      0.495,
      1.4025,
      0.33,
      1.2375,
      0.165,
      1.0725
    ],
    "TaskName": "train",
    "VolumeTiming": [
      0,
      2,
      4,
      6,
      8,
      10,
      12,
      14,
      16,
      18,
      20,
      22,
      24,
      26,
      28,
      30,
      32,
      34,
      36,
      38,
      40,
      42,
      44,
      46,
      48,
      50,
      52,
      54,
      56,
      58,
      60,
      62,
      64,
      66,
      68,
      70,
      72,
      74,
      76,
      78,
      80,
      82,
      84,
      86,
      88,
      90,
      92,
      94,
      96,
      98,
      100,
      102,
      104,
      106,
      108,
      110,
      112,
      114,
      116,
      118,
      120,
      122,
      124,
      126,
      128,
      130,
      132,
      134,
      136,
      138,
      140,
      142,
      144,
      146,
      148,
      150,
      152,
      154,
      156,
      158,
      160,
      162,
      164,
      166,
      168,
      170,
      172,
      174,
      176,
      178,
      180,
      182,
      184,
      186,
      188,
      190,
      192,
      194,
      196,
      198,
      200,
      202,
      204,
      206,
      208,
      210,
      212,
      214,
      216,
      218,
      220,
      222,
      224,
      226,
      228,
      230,
      232,
      234,
      236,
      238,
      240,
      242,
      244,
      246,
      248,
      250,
      252,
      254,
      256,
      258,
      260,
      262,
      264,
      266,
      268,
      270,
      272,
      274,
      276,
      278,
      280,
      282,
      284,
      286,
      288
    ],
    "dataset": "ds002813",
    "modality": "bold",
    "run_id": 3,
    "subject_id": "236",
    "task_id": "train"
  },
  "dummy_trs": 0,
  "dvars_nstd": 44.83536275215279,
  "dvars_std": 1.2462895040972224,
  "dvars_vstd": 1.0185340393055557,
  "efc": 0.5521354054270038,
  "fber": 2359.057861328125,
  "fd_mean": 0.11522921084765159,
  "fd_num": 17,
  "fd_perc": 11.724137931034482,
  "fwhm_avg": 1.7818500000000002,
  "fwhm_x": 1.713795,
  "fwhm_y": 1.911245,
  "fwhm_z": 1.72051,
  "gcor": 0.0116097,
  "gsr_x": -0.0073129464872181416,
  "gsr_y": 0.03328429162502289,
  "provenance": {
    "md5sum": "4cd98a2c73c90c8210702882e917f8f4",
    "settings": {
      "fd_thres": 0.2,
      "testing": false
    },
    "software": "mriqc",
    "version": "22.0.6",
    "webapi_port": null,
    "webapi_url": "https://mriqc.nimh.nih.gov/api/v1"
  },
  "size_t": 145,
  "size_x": 104,
  "size_y": 104,
  "size_z": 72,
  "snr": 7.043802069530466,
  "spacing_tr": 2.0,
  "spacing_x": 2.0,
  "spacing_y": 2.0,
  "spacing_z": 2.0,
  "summary_bg_k": 11.57719651026374,
  "summary_bg_mad": 148.30618555077763,
  "summary_bg_mean": 611.2401733398438,
  "summary_bg_median": 172.2728271484375,
  "summary_bg_n": 514614.0,
  "summary_bg_p05": 60.98073024749756,
  "summary_bg_p95": 2866.670886230467,
  "summary_bg_stdv": 1041.55615234375,
  "summary_fg_k": 6.006865198085514,
  "summary_fg_mad": 967.1619474170767,
  "summary_fg_mean": 8386.20703125,
  "summary_fg_median": 8427.755859375,
  "summary_fg_n": 165058.0,
  "summary_fg_p05": 6607.6080322265625,
  "summary_fg_p95": 10034.6001953125,
  "summary_fg_stdv": 1196.474609375,
  "tsnr": 41.07643127441406
}