{
  "aor": 0.0011878195488721805,
  "aqi": 0.026147027067669172,
  "bids_meta": {
    "AcquisitionDuration": [],
    "DelayTime": [],
    "EchoTime": 0.025,
    "FlipAngle": 90,
    "MagneticFieldStrength": 3,
    "Manufacturer": "Siemens",
    "ManufacturerModelName": "MAGNETOM Skyra",
    "MultibandAccelerationFactor": 3,
    "RepetitionTime": 2,
    "SliceTiming": [
      0,
      0.9075,
      1.815,
      0.7425,
      1.65,
      0.5775,
      1.485,
      0.4125,
      1.32,
      0.2475,
      1.155,
      0.0825,
      0.99,
      1.8975,
      0.825,
      1.7325,
      0.66,
      1.5675,
      0.495,
      1.4025,
      0.33,
      1.2375,
      0.165,
      1.0725,
      0,
      0.9075,
      1.815,
      0.7425,
      1.65,
      0.5775,
      1.485,
      0.4125,
      1.32,
      0.2475,
      1.155,
      0.0825,
      0.99,
      1.8975,
      0.825,
      1.7325,
      0.66,
      1.5675,
      0.495,
      1.4025,
      0.33,
      1.2375,
      0.165,
      1.0725,
      0,
      0.9075,
      1.815,
      0.7425,
      1.65,
      0.5775,
      1.485,
      0.4125,
      1.32,
      0.2475,
      1.155,
      0.0825,
      0.99,
      1.8975,
      0.825,
      1.7325,
      0.66,
      1.5675,
      0.495,
      1.4025,
      0.33,
      1.2375,
      0.165,
      1.0725
    ],
    "TaskName": "imtest",
    "VolumeTiming": [
      0,
      2,
      4,
      6,
      8,
      10,
      12,
      14,
      16,
      18,
      20,
      22,
      24,
      26,
      28,
      30,
      32,
      34,
      36,
      38,
      40,
      42,
      44,
      46,
      48,
      50,
      52,
      54,
      56,
      58,
      60,
      62,
      64,
      66,
      68,
      70,
      72,
      74,
      76,
      78,
      80,
      82,
      84,
      86,
      88,
      90,
      92,
      94,
      96,
      98,
      100,
      102,
      104,
      106,
      108,
      110,
      112,
      114,
      116,
      118,
      120,
      122,
      124,
      126,
      128,
      130,
      132,
      134,
      136,
      138,
      140,
      142,
      144,
      146,
      148,
      150,
      152,
      154,
      156,
      158,
      160,
      162,
      164,
      166,
      168,
      170,
      172,
      174,
      176,
      178,
      180,
      182,
      184,
      186,
      188,
      190,
      192,
      194,
      196,
      198,
      200,
      202,
      204,
      206,
      208,
      210,
      212,
      214,
      216,
      218,
      220,
      222,
      224,
      226,
      228,
      230,
      232,
      234,
      236,
      238,
      240,
      242,
      244,
      246,
      248,
      250,
      252,
      254,
      256,
      258,
      260,
      262,
      264
    ],
    "dataset": "ds002813",
    "modality": "bold",
    "run_id": 2,
    "subject_id": "236",
    "task_id": "imtest"
  },
  "dummy_trs": 0,
  "dvars_nstd": 45.919376200075746,
  "dvars_std": 1.2773198368939394,
  "dvars_vstd": 1.0175773781060604,
  "efc": 0.5528012347354331,
  "fber": 2323.953369140625,
  "fd_mean": 0.10116338958762704,
  "fd_num": 5,
  "fd_perc": 3.7593984962406015,
  "fwhm_avg": 1.8038316666666665,
  "fwhm_x": 1.732175,
  "fwhm_y": 1.928235,
  "fwhm_z": 1.751085,
  "gcor": 0.00703757,
  "gsr_x": -0.008127040229737759,
  "gsr_y": 0.03016376681625843,
  "provenance": {
    "md5sum": "ae50ddc525133caf1d4b24d3384ef7f6",
    "settings": {
      "fd_thres": 0.2,
      "testing": false
    },
    "software": "mriqc",
    "version": "22.0.6",
    "webapi_port": null,
    "webapi_url": "https://mriqc.nimh.nih.gov/api/v1"
  },
  "size_t": 133,
  "size_x": 104,
  "size_y": 104,
  "size_z": 72,
  "snr": 7.039013142041878,
  "spacing_tr": 2.0,
  "spacing_x": 2.0,
  "spacing_y": 2.0,
  "spacing_z": 2.0,
  "summary_bg_k": 11.29244616053625,
  "summary_bg_mad": 150.1841932292685,
  "summary_bg_mean": 613.7284545898438,
  "summary_bg_median": 173.7494354248047,
  "summary_bg_n": 514245.0,
  "summary_bg_p05": 60.94455261230469,
  "summary_bg_p95": 2889.1635253906243,
  "summary_bg_stdv": 1042.9798583984375,
  "summary_fg_k": 5.979921397463427,
  "summary_fg_mad": 967.0671129978266,
  "summary_fg_mean": 8405.4306640625,
  "summary_fg_median": 8448.00390625,
  "summary_fg_n": 165230.0,
  "summary_fg_p05": 6624.289892578125,
  "summary_fg_p95": 10065.51806640625,
  "summary_fg_stdv": 1200.1651611328125,
  "tsnr": 40.07147216796875
}