{
  "aor": 0.0008351724137931033,
  "aqi": 0.01881937103448276,
  "bids_meta": {
    "AcquisitionDuration": [],
    "DelayTime": [],
    "EchoTime": 0.025,
    "FlipAngle": 90,
    "MagneticFieldStrength": 3,
    "Manufacturer": "Siemens",
    "ManufacturerModelName": "MAGNETOM Skyra",
    "MultibandAccelerationFactor": 3,
    "RepetitionTime": 2,
    "SliceTiming": [
      0,
      0.9075,
      1.815,
      0.7425,
      1.65,
      0.5775,
      1.485,
      0.4125,
      1.32,
      0.2475,
      1.155,
      0.0825,
      0.99,
      1.8975,
      0.825,
      1.7325,
      0.66,
      1.5675,
      0.495,
      1.4025,
      0.33,
      1.2375,
      0.165,
      1.0725,
      0,
      0.9075,
      1.815,
      0.7425,
      1.65,
      0.5775,
      1.485,
      0.4125,
      1.32,
      0.2475,
      1.155,
      0.0825,
      0.99,
      1.8975,
      0.825,
      1.7325,
      0.66,
      1.5675,
      0.495,
      1.4025,
      0.33,
      1.2375,
      0.165,
      1.0725,
      0,
      0.9075,
      1.815,
      0.7425,
      1.65,
      0.5775,
      1.485,
      0.4125,
      1.32,
      0.2475,
      1.155,
      0.0825,
      0.99,
      1.8975,
      0.825,
      1.7325,
      0.66,
      1.5675,
      0.495,
      1.4025,
      0.33,
      1.2375,
      0.165,
      1.0725
    ],
    "TaskName": "train",
    "VolumeTiming": [
      0,
      2,
      4,
      6,
      8,
      10,
      12,
      14,
      16,
      18,
      20,
      22,
      24,
      26,
      28,
      30,
      32,
      34,
      36,
      38,
      40,
      42,
      44,
      46,
      48,
      50,
      52,
      54,
      56,
      58,
      60,
      62,
      64,
      66,
      68,
      70,
      72,
      74,
      76,
      78,
      80,
      82,
      84,
      86,
      88,
      90,
      92,
      94,
      96,
      98,
      100,
      102,
      104,
      106,
      108,
      110,
      112,
      114,
      116,
      118,
      120,
      122,
      124,
      126,
      128,
      130,
      132,
      134,
      136,
      138,
      140,
      142,
      144,
      146,
      148,
      150,
      152,
      154,
      156,
      158,
      160,
      162,
      164,
      166,
      168,
      170,
      172,
      174,
      176,
      178,
      180,
      182,
      184,
      186,
      188,
      190,
      192,
      194,
      196,
      198,
      200,
      202,
      204,
      206,
      208,
      210,
      212,
      214,
      216,
      218,
      220,
      222,
      224,
      226,
      228,
      230,
      232,
      234,
      236,
      238,
      240,
      242,
      244,
      246,
      248,
      250,
      252,
      254,
      256,
      258,
      260,
      262,
      264,
      266,
      268,
      270,
      272,
      274,
      276,
      278,
      280,
      282,
      284,
      286,
      288
    ],
    "dataset": "ds002813",
    "modality": "bold",
    "run_id": 3,
    "subject_id": "207",
    "task_id": "train"
  },
  "dummy_trs": 0,
  "dvars_nstd": 45.802251815972234,
  "dvars_std": 1.2306601386111118,
  "dvars_vstd": 1.0045024602083332,
  "efc": 0.5611919729340497,
  "fber": 2633.482421875,
  "fd_mean": 0.09097452705684221,
  "fd_num": 6,
  "fd_perc": 4.137931034482759,
  "fwhm_avg": 1.9667649999999999,
  "fwhm_x": 1.847795,
  "fwhm_y": 2.131475,
  "fwhm_z": 1.921025,
  "gcor": 0.00152868,
  "gsr_x": -0.011916126124560833,
  "gsr_y": 0.06118804216384888,
  "provenance": {
    "md5sum": "90fd741557b0cd004da1dd5b70283d83",
    "settings": {
      "fd_thres": 0.2,
      "testing": false
    },
    "software": "mriqc",
    "version": "22.0.6",
    "webapi_port": null,
    "webapi_url": "https://mriqc.nimh.nih.gov/api/v1"
  },
  "size_t": 145,
  "size_x": 104,
  "size_y": 104,
  "size_z": 72,
  "snr": 6.250961630776596,
  "spacing_tr": 2.0,
  "spacing_x": 2.0,
  "spacing_y": 2.0,
  "spacing_z": 2.0,
  "summary_bg_k": 9.203536808583584,
  "summary_bg_mad": 128.48537906296383,
  "summary_bg_mean": 594.2799682617188,
  "summary_bg_median": 155.22068786621094,
  "summary_bg_n": 500909.0,
  "summary_bg_p05": 56.14482879638672,
  "summary_bg_p95": 2973.234521484374,
  "summary_bg_stdv": 1029.8663330078125,
  "summary_fg_k": 3.9565319938964016,
  "summary_fg_mad": 1161.7057094228796,
  "summary_fg_mean": 8126.931640625,
  "summary_fg_median": 8120.4619140625,
  "summary_fg_n": 174747.0,
  "summary_fg_p05": 6302.9876953125,
  "summary_fg_p95": 10042.770117187496,
  "summary_fg_stdv": 1299.0703125,
  "tsnr": 38.906702529173344
}