{
  "aor": 0.0005413533834586466,
  "aqi": 0.0198688015037594,
  "bids_meta": {
    "AcquisitionDuration": [],
    "DelayTime": [],
    "EchoTime": 0.025,
    "FlipAngle": 90,
    "MagneticFieldStrength": 3,
    "Manufacturer": "Siemens",
    "ManufacturerModelName": "MAGNETOM Skyra",
    "MultibandAccelerationFactor": 3,
    "RepetitionTime": 2,
    "SliceTiming": [
      0,
      0.9075,
      1.815,
      0.7425,
      1.65,
      0.5775,
      1.485,
      0.4125,
      1.32,
      0.2475,
      1.155,
      0.0825,
      0.99,
      1.8975,
      0.825,
      1.7325,
      0.66,
      1.5675,
      0.495,
      1.4025,
      0.33,
      1.2375,
      0.165,
      1.0725,
      0,
      0.9075,
      1.815,
      0.7425,
      1.65,
      0.5775,
      1.485,
      0.4125,
      1.32,
      0.2475,
      1.155,
      0.0825,
      0.99,
      1.8975,
      0.825,
      1.7325,
      0.66,
      1.5675,
      0.495,
      1.4025,
      0.33,
      1.2375,
      0.165,
      1.0725,
      0,
      0.9075,
      1.815,
      0.7425,
      1.65,
      0.5775,
      1.485,
      0.4125,
      1.32,
      0.2475,
      1.155,
      0.0825,
      0.99,
      1.8975,
      0.825,
      1.7325,
      0.66,
      1.5675,
      0.495,
      1.4025,
      0.33,
      1.2375,
      0.165,
      1.0725
    ],
    "TaskName": "imtest",
    "VolumeTiming": [
      0,
      2,
      4,
      6,
      8,
      10,
      12,
      14,
      16,
      18,
      20,
      22,
      24,
      26,
      28,
      30,
      32,
      34,
      36,
      38,
      40,
      42,
      44,
      46,
      48,
      50,
      52,
      54,
      56,
      58,
      60,
      62,
      64,
      66,
      68,
      70,
      72,
      74,
      76,
      78,
      80,
      82,
      84,
      86,
      88,
      90,
      92,
      94,
      96,
      98,
      100,
      102,
      104,
      106,
      108,
      110,
      112,
      114,
      116,
      118,
      120,
      122,
      124,
      126,
      128,
      130,
      132,
      134,
      136,
      138,
      140,
      142,
      144,
      146,
      148,
      150,
      152,
      154,
      156,
      158,
      160,
      162,
      164,
      166,
      168,
      170,
      172,
      174,
      176,
      178,
      180,
      182,
      184,
      186,
      188,
      190,
      192,
      194,
      196,
      198,
      200,
      202,
      204,
      206,
      208,
      210,
      212,
      214,
      216,
      218,
      220,
      222,
      224,
      226,
      228,
      230,
      232,
      234,
      236,
      238,
      240,
      242,
      244,
      246,
      248,
      250,
      252,
      254,
      256,
      258,
      260,
      262,
      264
    ],
    "dataset": "ds002813",
    "modality": "bold",
    "run_id": 4,
    "subject_id": "207",
    "task_id": "imtest"
  },
  "dummy_trs": 0,
  "dvars_nstd": 45.07095045030302,
  "dvars_std": 1.2009010403787883,
  "dvars_vstd": 0.9930653543939395,
  "efc": 0.5627024885416863,
  "fber": 2578.827392578125,
  "fd_mean": 0.07063330436419038,
  "fd_num": 2,
  "fd_perc": 1.5037593984962405,
  "fwhm_avg": 1.8659066666666666,
  "fwhm_x": 1.75921,
  "fwhm_y": 2.014105,
  "fwhm_z": 1.824405,
  "gcor": 0.00195345,
  "gsr_x": -0.013992078602313995,
  "gsr_y": 0.06188677251338959,
  "provenance": {
    "md5sum": "0133cdf5bb2762e76f327ccc47cdd07d",
    "settings": {
      "fd_thres": 0.2,
      "testing": false
    },
    "software": "mriqc",
    "version": "22.0.6",
    "webapi_port": null,
    "webapi_url": "https://mriqc.nimh.nih.gov/api/v1"
  },
  "size_t": 133,
  "size_x": 104,
  "size_y": 104,
  "size_z": 72,
  "snr": 6.63903400291469,
  "spacing_tr": 2.0,
  "spacing_x": 2.0,
  "spacing_y": 2.0,
  "spacing_z": 2.0,
  "summary_bg_k": 8.15356835762789,
  "summary_bg_mad": 132.91028022003343,
  "summary_bg_mean": 622.880615234375,
  "summary_bg_median": 157.61654663085938,
  "summary_bg_n": 504156.0,
  "summary_bg_p05": 56.0,
  "summary_bg_p95": 3159.7030029296875,
  "summary_bg_stdv": 1071.071044921875,
  "summary_fg_k": 3.060786912163162,
  "summary_fg_mad": 1143.5434702827538,
  "summary_fg_mean": 8164.494140625,
  "summary_fg_median": 8142.8125,
  "summary_fg_n": 173118.0,
  "summary_fg_p05": 6406.006127929688,
  "summary_fg_p95": 10022.788964843749,
  "summary_fg_stdv": 1226.5020751953125,
  "tsnr": 38.20108537824126
}