{
  "aor": 0.001356842105263158,
  "aqi": 0.016661827067669173,
  "bids_meta": {
    "AcquisitionDuration": [],
    "DelayTime": [],
    "EchoTime": 0.025,
    "FlipAngle": 90,
    "MagneticFieldStrength": 3,
    "Manufacturer": "Siemens",
    "ManufacturerModelName": "MAGNETOM Skyra",
    "MultibandAccelerationFactor": 3,
    "RepetitionTime": 2,
    "SliceTiming": [
      0,
      0.9075,
      1.815,
      0.7425,
      1.65,
      0.5775,
      1.485,
      0.4125,
      1.32,
      0.2475,
      1.155,
      0.0825,
      0.99,
      1.8975,
      0.825,
      1.7325,
      0.66,
      1.5675,
      0.495,
      1.4025,
      0.33,
      1.2375,
      0.165,
      1.0725,
      0,
      0.9075,
      1.815,
      0.7425,
      1.65,
      0.5775,
      1.485,
      0.4125,
      1.32,
      0.2475,
      1.155,
      0.0825,
      0.99,
      1.8975,
      0.825,
      1.7325,
      0.66,
      1.5675,
      0.495,
      1.4025,
      0.33,
      1.2375,
      0.165,
      1.0725,
      0,
      0.9075,
      1.815,
      0.7425,
      1.65,
      0.5775,
      1.485,
      0.4125,
      1.32,
      0.2475,
      1.155,
      0.0825,
      0.99,
      1.8975,
      0.825,
      1.7325,
      0.66,
      1.5675,
      0.495,
      1.4025,
      0.33,
      1.2375,
      0.165,
      1.0725
    ],
    "TaskName": "imtest",
    "VolumeTiming": [
      0,
      2,
      4,
      6,
      8,
      10,
      12,
      14,
      16,
      18,
      20,
      22,
      24,
      26,
      28,
      30,
      32,
      34,
      36,
      38,
      40,
      42,
      44,
      46,
      48,
      50,
      52,
      54,
      56,
      58,
      60,
      62,
      64,
      66,
      68,
      70,
      72,
      74,
      76,
      78,
      80,
      82,
      84,
      86,
      88,
      90,
      92,
      94,
      96,
      98,
      100,
      102,
      104,
      106,
      108,
      110,
      112,
      114,
      116,
      118,
      120,
      122,
      124,
      126,
      128,
      130,
      132,
      134,
      136,
      138,
      140,
      142,
      144,
      146,
      148,
      150,
      152,
      154,
      156,
      158,
      160,
      162,
      164,
      166,
      168,
      170,
      172,
      174,
      176,
      178,
      180,
      182,
      184,
      186,
      188,
      190,
      192,
      194,
      196,
      198,
      200,
      202,
      204,
      206,
      208,
      210,
      212,
      214,
      216,
      218,
      220,
      222,
      224,
      226,
      228,
      230,
      232,
      234,
      236,
      238,
      240,
      242,
      244,
      246,
      248,
      250,
      252,
      254,
      256,
      258,
      260,
      262,
      264
    ],
    "dataset": "ds002813",
    "modality": "bold",
    "run_id": 2,
    "subject_id": "207",
    "task_id": "imtest"
  },
  "dummy_trs": 0,
  "dvars_nstd": 44.70801272515151,
  "dvars_std": 1.224563119848485,
  "dvars_vstd": 1.1263894519696969,
  "efc": 0.5615923515478417,
  "fber": 2679.071533203125,
  "fd_mean": 0.07698807726744177,
  "fd_num": 2,
  "fd_perc": 1.5037593984962405,
  "fwhm_avg": 1.8639716666666668,
  "fwhm_x": 1.75881,
  "fwhm_y": 2.017115,
  "fwhm_z": 1.81599,
  "gcor": 0.00306078,
  "gsr_x": -0.014191880822181702,
  "gsr_y": 0.06009155511856079,
  "provenance": {
    "md5sum": "ee5ef31207ed8c5535462740e4c8818a",
    "settings": {
      "fd_thres": 0.2,
      "testing": false
    },
    "software": "mriqc",
    "version": "22.0.6",
    "webapi_port": null,
    "webapi_url": "https://mriqc.nimh.nih.gov/api/v1"
  },
  "size_t": 133,
  "size_x": 104,
  "size_y": 104,
  "size_z": 72,
  "snr": 6.519352359356643,
  "spacing_tr": 2.0,
  "spacing_x": 2.0,
  "spacing_y": 2.0,
  "spacing_z": 2.0,
  "summary_bg_k": 8.294858600594877,
  "summary_bg_mad": 133.26698387116085,
  "summary_bg_mean": 617.0752563476562,
  "summary_bg_median": 155.2706756591797,
  "summary_bg_n": 503945.0,
  "summary_bg_p05": 52.99248123168945,
  "summary_bg_p95": 3134.660205078124,
  "summary_bg_stdv": 1069.4481201171875,
  "summary_fg_k": 2.950196595782595,
  "summary_fg_mad": 1160.442457044319,
  "summary_fg_mean": 8176.65380859375,
  "summary_fg_median": 8150.03759765625,
  "summary_fg_n": 173587.0,
  "summary_fg_p05": 6387.2880859375,
  "summary_fg_p95": 10075.229589843746,
  "summary_fg_stdv": 1250.1263427734375,
  "tsnr": 41.45329436240718
}