{
  "aor": 0.0005513103448275861,
  "aqi": 0.020870853103448276,
  "bids_meta": {
    "AcquisitionDuration": [],
    "DelayTime": [],
    "EchoTime": 0.025,
    "FlipAngle": 90,
    "MagneticFieldStrength": 3,
    "Manufacturer": "Siemens",
    "ManufacturerModelName": "MAGNETOM Skyra",
    "MultibandAccelerationFactor": 3,
    "RepetitionTime": 2,
    "SliceTiming": [
      0,
      0.9075,
      1.815,
      0.7425,
      1.65,
      0.5775,
      1.485,
      0.4125,
      1.32,
      0.2475,
      1.155,
      0.0825,
      0.99,
      1.8975,
      0.825,
      1.7325,
      0.66,
      1.5675,
      0.495,
      1.4025,
      0.33,
      1.2375,
      0.165,
      1.0725,
      0,
      0.9075,
      1.815,
      0.7425,
      1.65,
      0.5775,
      1.485,
      0.4125,
      1.32,
      0.2475,
      1.155,
      0.0825,
      0.99,
      1.8975,
      0.825,
      1.7325,
      0.66,
      1.5675,
      0.495,
      1.4025,
      0.33,
      1.2375,
      0.165,
      1.0725,
      0,
      0.9075,
      1.815,
      0.7425,
      1.65,
      0.5775,
      1.485,
      0.4125,
      1.32,
      0.2475,
      1.155,
      0.0825,
      0.99,
      1.8975,
      0.825,
      1.7325,
      0.66,
      1.5675,
      0.495,
      1.4025,
      0.33,
      1.2375,
      0.165,
      1.0725
    ],
    "TaskName": "train",
    "VolumeTiming": [
      0,
      2,
      4,
      6,
      8,
      10,
      12,
      14,
      16,
      18,
      20,
      22,
      24,
      26,
      28,
      30,
      32,
      34,
      36,
      38,
      40,
      42,
      44,
      46,
      48,
      50,
      52,
      54,
      56,
      58,
      60,
      62,
      64,
      66,
      68,
      70,
      72,
      74,
      76,
      78,
      80,
      82,
      84,
      86,
      88,
      90,
      92,
      94,
      96,
      98,
      100,
      102,
      104,
      106,
      108,
      110,
      112,
      114,
      116,
      118,
      120,
      122,
      124,
      126,
      128,
      130,
      132,
      134,
      136,
      138,
      140,
      142,
      144,
      146,
      148,
      150,
      152,
      154,
      156,
      158,
      160,
      162,
      164,
      166,
      168,
      170,
      172,
      174,
      176,
      178,
      180,
      182,
      184,
      186,
      188,
      190,
      192,
      194,
      196,
      198,
      200,
      202,
      204,
      206,
      208,
      210,
      212,
      214,
      216,
      218,
      220,
      222,
      224,
      226,
      228,
      230,
      232,
      234,
      236,
      238,
      240,
      242,
      244,
      246,
      248,
      250,
      252,
      254,
      256,
      258,
      260,
      262,
      264,
      266,
      268,
      270,
      272,
      274,
      276,
      278,
      280,
      282,
      284,
      286,
      288
    ],
    "dataset": "ds002813",
    "modality": "bold",
    "run_id": 7,
    "subject_id": "240",
    "task_id": "train"
  },
  "dummy_trs": 0,
  "dvars_nstd": 50.52273707881942,
  "dvars_std": 1.209741217777778,
  "dvars_vstd": 1.0070916206944442,
  "efc": 0.5731502248935371,
  "fber": 2006.3961181640625,
  "fd_mean": 0.14965552857105643,
  "fd_num": 25,
  "fd_perc": 17.24137931034483,
  "fwhm_avg": 1.9007666666666667,
  "fwhm_x": 1.73047,
  "fwhm_y": 2.09551,
  "fwhm_z": 1.87632,
  "gcor": 0.00676263,
  "gsr_x": -0.019808312878012657,
  "gsr_y": 0.04407820105552673,
  "provenance": {
    "md5sum": "7f7f9d26c1842a380ba44646abd83b09",
    "settings": {
      "fd_thres": 0.2,
      "testing": false
    },
    "software": "mriqc",
    "version": "22.0.6",
    "webapi_port": null,
    "webapi_url": "https://mriqc.nimh.nih.gov/api/v1"
  },
  "size_t": 145,
  "size_x": 104,
  "size_y": 104,
  "size_z": 72,
  "snr": 6.128633367306347,
  "spacing_tr": 2.0,
  "spacing_x": 2.0,
  "spacing_y": 2.0,
  "spacing_z": 2.0,
  "summary_bg_k": 10.9120003977651,
  "summary_bg_mad": 132.9229602515195,
  "summary_bg_mean": 574.4876708984375,
  "summary_bg_median": 158.33103942871094,
  "summary_bg_n": 496621.0,
  "summary_bg_p05": 59.55862045288086,
  "summary_bg_p95": 2732.634521484375,
  "summary_bg_stdv": 973.4137573242188,
  "summary_fg_k": 4.212355133824041,
  "summary_fg_mad": 984.1821919284465,
  "summary_fg_mean": 7237.0498046875,
  "summary_fg_median": 7229.26904296875,
  "summary_fg_n": 180237.0,
  "summary_fg_p05": 5524.20693359375,
  "summary_fg_p95": 8993.422265625,
  "summary_fg_stdv": 1179.5858154296875,
  "tsnr": 38.62151806009933
}